id,law_name,article,category,issued_date_raw,issued_date,document_no,title,start_printed_page,end_printed_page,start_physical_page,end_physical_page,keywords,source_quality,completeness_note,body,drive_url,source_url,list_url
interp-0001,護理人員法解釋彙編,第 1 條,,103.9.12,2014-09-12,衛部照字第1031561619號,有關 台端陳詢護理師證書資格疑義案，復如說明段，請,37,38,50,51,護理人員、護理師、執業登記、執業執照、停業、歇業、麻醉,彙編節錄,108年彙編多數未保留正本、副本或署名欄；本筆已依下一封函或下一條文邊界切分。,"103.9.12 衛部照字第1031561619 號函 
主旨：有關 台端陳詢護理師證書資格疑義案，復如說明段，請
查照。 
說明： 
一、復 台端 103 年 9 月 1 日陳情書辦理。 二、按護理人員法第1 條規定略以：「中華民國人民經護理人
員考試及格，並依本法領有護理人員證書者，得充護理人
員……」。暨同法第 3 條規定：「經護理人員考試及格者
，得請領護理人員證書」。另依同法第 6 條規定：有下列
情形一者，不得充護理人員；其已充護理人員者，撤銷或
廢止其護理人員證書： 
(一)曾犯肅清煙毒條例或麻醉藥品管理條例之罪，經判刑
確定。 
(二)曾犯毒品危害防制條例之罪，經判刑確定。 
(三)依本法受廢止護理人員證書處分。 
三、另據同法第 8 條規定：護理人員應向執業所在地直轄市、
縣（市）主管機關申請執業登記，領有執業執照，始得執
業。及第 11 條規定略以：「護理人員停業或歇業時，應
自事實發生之日起三十日內，報請原發執業執…」。 
四、綜上述，護理人員證書與護理人員執業執照係兩種不同證
明文件，領有護理師證書者，表示具有護理人員資格，如
未違反前述相關規定，則該證書具有永久效力。而如護理
人員欲執業時，依法須向執業所在地申請執業登記，領有
執照始得執業，如因故不再繼續執業，則依同法第 11 條
辦理歇業，原所持有執業執照須繳回執業縣市衛生局，並
於護理師證書背面註記登錄動態章戳。",https://drive.google.com/file/d/1IEo7JO0CoxnfXCeiRm87BLzYfexqwZH7/view?usp=drivesdk,,
interp-0002,護理人員法解釋彙編,第 1 條,,106.4.14,2017-04-14,衛部照字第1060110015號,有關台端陳情「國立臺灣大學醫學院附設醫院（以下簡稱,38,39,51,52,護理人員,彙編節錄,108年彙編多數未保留正本、副本或署名欄；本筆已依下一封函或下一條文邊界切分。,"106.4.14 衛部照字第1060110015 號 
主旨：有關台端陳情「國立臺灣大學醫學院附設醫院（以下簡稱
臺大醫院）甄選護理系應屆畢業生之護理儲備人員，建議
男性護理畢業生應放寬申請條件至兵役結束後一年可以應
屆身分申請」一案，復請查照。 
說明： 
一、依據 106 年 4 月 5 日行政院性別平等處院臺性平字第
1060169355 號函轉台端陳情案辦理。 
二、有關台端陳情「臺大醫院甄選護理系應屆畢業生之護理儲 備人員，建議男性護理畢業生應放寬申請條件至兵役結束
後一年可以應屆身分申請」一案，本部相當重視並關心。 
三、經詢國立臺灣大學醫學院附設醫院人事室，該院表示每年
3 月會函請護理學校推薦該校應屆畢業之學生，並於 4 月
進行甄選，出缺按錄取名次依序進用。若非經該甄選管道
，亦可至該院徵才資訊網頁報名出缺之護理人員職缺。 
四、有關台端之建議，本部亦轉請臺大醫院於未來規劃甄選應
屆畢業生時，應考慮男性護理人員盡其服役義務時之工作
權利，彈性放寬男性應屆畢業甄選之申請條件。",https://drive.google.com/file/d/1IEo7JO0CoxnfXCeiRm87BLzYfexqwZH7/view?usp=drivesdk,,
interp-0003,護理人員法解釋彙編,第 2 條,,106.4.14,2017-04-14,衛部照字第1060110015A號,有關貴院甄選護理系應屆畢業生之護理儲備人員，建議彈,39,39,52,52,護理人員、護理師,彙編節錄,108年彙編多數未保留正本、副本或署名欄；本筆已依下一封函或下一條文邊界切分。,"106.4.14 衛部照字第1060110015A 號 
主旨：有關貴院甄選護理系應屆畢業生之護理儲備人員，建議彈
性放寬男性應屆畢業甄選申請條件，請查照。 
說明： 
一、依據106 年 4 月 5 日行政院性別平等處(以下簡稱性平處)
院臺性平字第 1060169355 號函轉民眾陳情事項辦理。 
二、案係民眾陳情貴院徵選優秀應屆護理師規範不明，損害男
性護理師申請工作之權利，建議針對男性護理系(所)畢業
者放寬申請條件為「兵役結束一年內可以應屆身份申請」
。 
三、經詢貴院人事室表示每年3 月會函請護理學校推薦該校應
屆畢業之學生，並於 4 月進行甄選，出缺按錄取名次依序
進用。惟考量男性護理人員盡其服役義務時之工作權利，
建議貴院得彈性放寬男性應屆畢業甄選之申請條件。 
四、隨函檢附陳情內容供參(如附件)，請貴院依「行政院及所 
屬機關處理人民陳情案件要點」之規定予以保密。",https://drive.google.com/file/d/1IEo7JO0CoxnfXCeiRm87BLzYfexqwZH7/view?usp=drivesdk,,
interp-0004,護理人員法解釋彙編,第 2 條,,88.10.15,1999-10-15,衛署醫字第88061415號,有關醫療院所護理長職稱，僅領有護士證書者，可否擔任 乙案，查依護理人員法規定，並無特別限制不得擔任，,39,40,52,53,護理人員、護士,彙編節錄,108年彙編多數未保留正本、副本或署名欄；本筆已依下一封函或下一條文邊界切分。,"88.10.15.衛署醫字第88061415 號函 
主旨：有關醫療院所護理長職稱，僅領有護士證書者，可否擔任 乙案，查依護理人員法規定，並無特別限制不得擔任， 
復請 查照。 
說明：復 貴局 88 年 9 月 8 日(88)基衛人字第10523 號函。",https://drive.google.com/file/d/1IEo7JO0CoxnfXCeiRm87BLzYfexqwZH7/view?usp=drivesdk,,
interp-0005,護理人員法解釋彙編,第 2 條,,93.12.14,2004-12-14,衛署醫字第0930220481號,所詢醫療院所於夜間(即所謂「大夜班」)急診室之護理人,40,40,53,53,護理人員,彙編節錄,108年彙編多數未保留正本、副本或署名欄；本筆已依下一封函或下一條文邊界切分。,"93.12.14.衛署醫字第 0930220481 號書函 
主旨：所詢醫療院所於夜間(即所謂「大夜班」)急診室之護理人
員之配置人數， 有何相關規定？該規定有無以醫院之等級
，或者當時就診之急診病患人數為依據，而就夜間急診室
之護理人員配置人數為不同規定？又「醫佐」是否係屬護
理人員等情一案，復請 查照。 
說明： 
一、復 貴署 93 年 11 月 24 日苗檢惠廉 93 偵 3464 字第 16454 
號函。 
二、有關醫療院所護理人員之配置人數規定，係依「醫療機構
設置標準」規定辦理。 
三、至所詢「醫佐」之工作性質未明，查護理人員法並無此稱
謂。 
四、檢送醫療機構設置標準一份，請參考。",https://drive.google.com/file/d/1IEo7JO0CoxnfXCeiRm87BLzYfexqwZH7/view?usp=drivesdk,,
interp-0006,護理人員法解釋彙編,第 2 條,,95.6.12,2006-06-12,衛署醫字第0950023280號,所詢「學校衛生護理人員是否為公共衛生護士」一案，復,40,41,53,54,護理人員、護理師、護士、公共衛生,彙編節錄,108年彙編多數未保留正本、副本或署名欄；本筆已依下一封函或下一條文邊界切分。,"95.6.12.衛署醫字第 0950023280 號書函 
主旨：所詢「學校衛生護理人員是否為公共衛生護士」一案，復
請 查照。 
說明： 
一、復 貴局95 年6 月2 日高市衛疾管字第0950018842號函。 
二、依護理人員法第 2 條規定，護理人員係指護理師及護士，
至學校衛生護理人員及所謂之公共衛生護士，係將執業場
所或業務特性予以區隔標示而言。查學校護理人員其工作
包括衛生保健、疾病管理及救護、傳染病防治、預防接種
及衛生教育等，係屬護理人員業務範疇，其工作性質亦屬
公共衛生業務範疇，是以，學校衛生護理人員得依衛生機
工作計畫或公函執行或協助公共衛生業務工作。",https://drive.google.com/file/d/1IEo7JO0CoxnfXCeiRm87BLzYfexqwZH7/view?usp=drivesdk,,
interp-0007,護理人員法解釋彙編,第 10 條,,95.7.13,2006-07-13,衛署醫字第0950328158號,有關所詢「醫護」含義乙案，復如說明，請 查照。,41,42,54,55,護理人員、護理師、護士、照顧服務員,彙編節錄,108年彙編多數未保留正本、副本或署名欄；本筆已依下一封函或下一條文邊界切分。,"95.7.13.衛署醫字第0950328158 號函 
主旨：有關所詢「醫護」含義乙案，復如說明，請 查照。 
說明： 
一、復 台端 95 年 6 月 15 日致本署藥政處箋函。 
二、依醫療法第 10 條規定：「本法所稱醫事人員，係指領有
中央衛生主管機關核發之醫師、藥師、護理師、物理治療
師、職能治療師、醫事檢驗師、醫事放射師、營養師、藥
劑生、護士、助產士、物理治療生、職能治療生、醫事檢
驗生、醫事放射士及其他醫事專門職業證書之人員。本法
所稱醫師，係指醫師法所稱之醫師、中醫師及牙醫師」。 
三、又依護理人員法第 2 條規定：「本法所稱護理人員，指護
理師及護士」。查護理業務，是指涉屬足以影響人類身體
結構及生理機能之專業護理措施，應由護理人員執行；至
為因應我國長期照護人力需求，提昇照顧服務品質所訓練
之照顧服務員，其服務項目為家務、日常生活及身體照顧
服務，其服務範疇不得涉及醫療及護理行為，併予敘明。",https://drive.google.com/file/d/1IEo7JO0CoxnfXCeiRm87BLzYfexqwZH7/view?usp=drivesdk,,
interp-0008,護理人員法解釋彙編,第 7-1 條,,87.1.14,1998-01-14,衛署醫字第86075939號,何○○係應 86 年中央暨地方機關公務人員升等考試薦任,42,42,55,55,護理人員、護理師、護士,彙編節錄,108年彙編多數未保留正本、副本或署名欄；本筆已依下一封函或下一條文邊界切分。,"87.1.14.衛署醫字第86075939 號函 
主旨：何○○係應 86 年中央暨地方機關公務人員升等考試薦任
升等考試護理助產職系公職護理 師考試及格，惟未領有護
理師證書，得否擔任護理師職務乙案，復請 查照。 
說明： 
一、復 貴部 86 年 12 月 19 日 86 台甄5 字第 1561752 號簡便
行文表。 
二、按護理人員法第 7 條規定，非領有護理師或護士證書者，
不得使用護理師或護士名稱。護理師或護士係屬專業名稱
，須經護理師或護士之專門職業考試，取得各該專業資格
後，方得使用；查何員僅具護士資格，其雖經86 年中央暨
地方機關公務人員升等考試薦任升等考試護理助產職系公
職護理師考試及格，惟未領有護理師證書，應不得擔任護
理師職務。 
（註：本函釋當事人之名字以○○表示）",https://drive.google.com/file/d/1IEo7JO0CoxnfXCeiRm87BLzYfexqwZH7/view?usp=drivesdk,,
interp-0009,護理人員法解釋彙編,第 7-1 條,,89.10.4,2000-10-04,衛署醫字第89033210號,所請將「專科護理師」法制化，以有效提昇護理師之角色,42,43,55,56,護理人員、護理師、專科護理師、傷口,參照摘要,彙編中此筆為短摘要或參照其他頁碼，非完整公文全文。,"89.10.4.衛署醫字第89033210 號函 
主旨：所請將「專科護理師」法制化，以有效提昇護理師之角色
功能，部份解決醫師人力的不足乙案，復請 查照。 
說明： 
一、復 貴局89 年6 月22 日北市衛五字第8922669300號函。 
二、貴局建請修改護理人員法，將專科護理師業務範圍擴大其 輔助醫療之範圍，俾讓專科護理師合法延伸其角色乙節，
經查本署刻正修訂醫療法，於該法修正草案訂定臨床助理
制度，明訂臨床助理應由經適當訓練之護理人員擔任，且
可依醫囑協助醫師執行下列行為 ：(1)協助住院病人身體理
學檢查之初步評估及病情詢問 。(2)協助填寫檢驗單 、 特殊
檢查單、會診單、轉診單及診斷證明等各項臨床單據。(3)
協助記錄住院病人病情及各項檢查 、 檢驗結果 。(4)於現場
協助醫師為臨床處置 。(5)簡易之傷口處置 、 導管更換及非
侵入性檢查之技術操作 。(6)協助處理住院病人或其家屬醫
療諮詢及病情之說明。透過該制度之施行，應可提升護理
師之角色功能及部分解決醫師人力不足之問題。 
三、另查護理人員法並已修正納入專科護理師制度，其修正草
案刻正立法院審議中。 
（註 ：1.醫療法第58 條經規定 「醫療機構不得置臨床助理執行醫療業
務」，意即臨床助理若執行醫療業務，需具備醫事人員資格
，始 得為之，請 參閱 P.247 本署 101.3.29.衛署醫字 第
1010064877 號函。 
2.專科護理師執業範圍，請參閱P.245 本署 96.6.20.衛署照字
第 0962801033 號函。）",https://drive.google.com/file/d/1IEo7JO0CoxnfXCeiRm87BLzYfexqwZH7/view?usp=drivesdk,,
interp-0010,護理人員法解釋彙編,第 7-1 條,,94.11.9,2005-11-09,衛署醫字第0940058715號,有關坊間美容中心及SPA 美容沙龍，未聘僱護理人員執業,43,44,56,57,護理人員、護理師、護士、醫療輔助、廣告,彙編節錄,108年彙編多數未保留正本、副本或署名欄；本筆已依下一封函或下一條文邊界切分。,"94.11.9.衛署醫字第0940058715 號書函 
主旨：有關坊間美容中心及SPA 美容沙龍，未聘僱護理人員執業
，常以「XX 護理」二字作廣告宣傳，所詢該行為是否逾越
醫療相關法規之規定一案，復請 查照。 
說明： 
一、復 貴局 94 年 10 月 27 日北市衛醫護字第 09438269001
號函。 
二、按「中華民國人民經護理人員考試及格，並依本法領有護
理人員證書者，得充護理人員。」、「本法所稱護理人員
，指護理師及護士」、「非領有護理師或護士證書者，不
得使用護理師或護士名稱」，為護理人員法第 1 條第 1 項 、第2 條及第7 條所明定。是以，不具護理人員資格而使
用護理師或護士名稱者，則依違反護理人員法第 38 條規
定論處。 
三、又按護理人員法第 24 條規定：「護理人員之業務如左：
一、健康問題之護理評估。二、預防保健之護理措施。三
、護理指導及諮詢。四、醫療輔助行為。前項第4 款醫療
輔助行為應在醫師之指示下行之。」前該護理業務之執行
，涉屬足以影響人類身體結構及生理機能之專業護理措施。 
四、至「護理」一詞之使用方式，如足使社會大眾誤認為護理
機構、醫療機構或護理人員執業之業務項目時，即應依護
理人員法及其相關法規規定論處。",https://drive.google.com/file/d/1IEo7JO0CoxnfXCeiRm87BLzYfexqwZH7/view?usp=drivesdk,,
interp-0011,護理人員法解釋彙編,第 7-1 條,,102.2.18,2013-02-18,衛署照字第1022860396號,有關 貴會陳情「希望本署廢除以婦產科專科護理師訓練,44,45,57,58,護理人員、護理師、專科護理師、醫療輔助、執業登記,彙編節錄,108年彙編多數未保留正本、副本或署名欄；本筆已依下一封函或下一條文邊界切分。,"102.2.18.衛署照字第 1022860396 號函 
主旨：有關 貴會陳情「希望本署廢除以婦產科專科護理師訓練
取代助產人員法定工作之行政命令，以維護助產專業及保
障現有助產人員權益」案，復如說明段，請 鑑察。 
說明： 
一、依據行政院 102 年 2 月 1 日院臺衛字第 1020123799 號函
轉中國國民黨中央政策委員會102 年1 月25 日102 年政研
字第 135 號函辦理。 
二、所送陳情「希望本署廢除以婦產科專科護理師訓練取代助
產人員法定工作之行政命令，以維護助產專業及保障現有
助產人員權益」案，說明如下： 
(一)本署係依據護理人員法第7-1 條及其授權之專科護理
師分科及甄審辦法規定，辦理專科護理師訓練及甄審
，並無貴會所指破壞考、用制度之情事，合先敘明。 
(二)完成外科專科護理師（婦產科組）訓練及通過甄審之
護理人員仍需在醫師指示之下，執行醫療輔助行為，
其業務範疇仍為需符合護理人員法所界定之護理業
務，故並無所陳取代助產人員法定工作之情事。 
(三)有鑑於婦產科醫師人力吃緊 ， 本署業於101 年 9 月 12 日召開101 年本署專科護理師諮詢委員會分科及甄審
工作小組第 1 次會議，就婦產科醫學會建議增列婦產
科專科護理師進行討論，會中決議同意於外科下設立
婦產科分組，台灣婦產科醫學會業依會議決議，與台
灣專科護理師學會邀集台灣助產學會完成訓練課程
之研擬，並送101 年 11 月 12 日本署專科護理師諮詢
委員會確認，並於101 年 12 月20 日函知專科護理師
訓練醫院及醫護助產團體週知，預計於102 年辦理首
次訓練及甄審。 
(四)考量助產師因已具備產科完整之知能，僅須補專科護
理師角色與功能及婦科相關訓練課程及實習，再通過
專科護理師外科（婦產科組）甄審，即可與婦產科醫
師於醫院共同照顧產婦及婦科病人，逐漸發展 助產師
與高危險母嬰醫學專業醫師合作生產模式。 
(五)另依據 100 年 9 月 26 日衛署醫字第 1000210648 號函
同意具多重醫事人員資格者得同時辦理執業登記，執
業登錄場所限於同一處所。是以，具有外科專科護理
師（婦產科組）證書人員如只具護理師資格，則只能
執行護理業務，如具有助產師資格者，則可同時執行
助產業務。 
(六)依助產人員法第 13 條規定，助產師須執行助產業務
二年以上得設立助產機構執行業務，本署將賡續進行
醫界、助產界、及護理界醫院合作模式對話、透過醫
療機構設置標準訂定執業登記配套措施、加強助產機
構開業及助產人員執業管理、辦理助產人員繼續教育
，以善用助產人力，保障婦女生產品質及安全。 
(七)有關貴會訴求，本署將於後續相關會議中審慎評估、
研議與規劃。",https://drive.google.com/file/d/1IEo7JO0CoxnfXCeiRm87BLzYfexqwZH7/view?usp=drivesdk,,
interp-0012,護理人員法解釋彙編,第 7-1 條,,102.6.5,2013-06-05,署援國字第1020200733號,有關大院請本署就「職業安全衛生促進方案」調查意見檢 討改進乙案，本署復如說明，請 鑒察。,45,47,58,60,護理人員、護理師、專科護理師、執業登記、繼續教育,彙編節錄,108年彙編多數未保留正本、副本或署名欄；本筆已依下一封函或下一條文邊界切分。,"102.6.5.署援國字第 1020200733 號函 
主旨：有關大院請本署就「職業安全衛生促進方案」調查意見檢 討改進乙案，本署復如說明，請 鑒察。 
說明： 
一、復 大院 102 年 4 月 8 日院台財字第 1022230447 號函。 
二、有關應積極檢討處理國內職業安全專科醫師及護理人力不
足部分，說明如下： 
(一)目前國內執業醫師人數約有 3 萬餘人，國內對於專科
醫師制度之規定，係為提昇醫療品質，對已取得醫師
資格而繼續接受臨床專業訓練者之一種專長認定，現
於 23 個專科醫師類別中，尚無職業安全專科醫師之
類別設置，是以，只要具醫師資格，並經中央主管機
關指定之課程訓 練或勞工安全衛生教育訓練規則相
關規定，經訓練合格者皆可擔任。 
(二)本署網址首頁設有「醫事人員執業登記資料查詢」服
務，可方便民眾查詢醫師執業及專科專長資訊，以資
利用。 
(三)另，國內目前尚無職業醫學科專科護理師之類別設置
，只要具護理人員資格，並經中央主管機關指定之課
程訓練或勞工安全衛生教育訓練規則第 14-1 條訓練
合格者皆可擔任。 
(四)本署將持續與勞委會合作，透過醫護人員繼續教育，
讓有興趣及熱忱之醫護人員可加入職業健康照護服
務行列，以改善國內職業安全專科醫護人力不足之問
題。 
三、有關應研議增進職業衛生護理人員專業水準，提昇其從事
臨廠服務及勞工檢查服務之能力部分，說明如下： 
(一)查本署 89 年開始，陸續發布各類醫事人員執業登記
及其繼續教育辦法，規範各類醫事人員執業，應每6
年接受一定時數（醫師 180 小時、護理人員 150 小
時）之繼續教育課程（內容包括醫學專業、專業品
質、專業倫理及專業相關法規），以維持醫事人員
執業應有之知能，提高醫療服務品質，並維護民眾 就醫權益。 
(二)為增進職業衛生護理人員之專業水準，有關勞工職
場健康服務提供之醫療專業課程規劃（例如員工健
康管理、職業病預防及健康促進等 勞工健康保護事
項等），勞委會於「勞工健康保護規則」第 4 條即
規定，辦理臨廠健康服務之醫護人員，應接受該會
相關指定之課程訓練合格。 
(三)另目前除專科護理師外，其他護理專業認證分屬各
專業團體執行，本署將持續透過繼續教育鼓勵職業
衛生相關專業團體強化職業衛生護理人員之角色及
知能，使其發揮預防疾病及職場健康管理之功能。
另對於勞委會所委託相關護理人員專業知能提升計
畫，本署亦將出席相關會議及參與研討，以期適時
提供行政協助，提升護理人員職業衛生專業知能。",https://drive.google.com/file/d/1IEo7JO0CoxnfXCeiRm87BLzYfexqwZH7/view?usp=drivesdk,,
interp-0013,護理人員法解釋彙編,第 8 條,,81.2.8,1992-02-08,衛署保字第984945號,有關護理人員未依規定辦理執業登記，及未具護理人員資,47,48,60,61,護理人員、執業登記,彙編節錄,108年彙編多數未保留正本、副本或署名欄；本筆已依下一封函或下一條文邊界切分。,"81.2.8.衛署保字第984945 號函 
主旨：有關護理人員未依規定辦理執業登記，及未具護理人員資
格者執行業務應如何處理疑義乙案，復請 查照。 
說明： 
一、復 貴處 80 年 10 月 18 日 80 衛五字第76997 號函。 二、護理人員法公布施行後，護理人員未依規定辦理執業登記
者 ， 依護理人員法第33 條規定原應處罰 。 惟查護理人員法
甫經公布施行不久，護理人員對該法之認識普遍不足，亟
需繼續加強宣導工作。另，配合該法第37 條之施行，得於
民國 82 年 6 月 30 日前審酌實際情況分區實行之規定，故
對未依同法第8 條及第11 條第1 項規定辦理執業登錄或異
動核備者，宜自本(81)年7 月1 日起處罰。 
三、具護理人員資格者倘隱匿其所具有之資格，依護理人員法
第 37 條但書執行業務 ， 以迴避須加入所在地公會及執業登
錄之法令約束，其處罰比照說明二規定，惟該狀況權益損
害最大為當事者，因無法取得執業年資證明，足見護理人
員對於法規認識仍不足，請加強輔導。 
四、未具護理人員資格執行護理人員業務者，仍請依本署 80
年 6 月 19 日衛署保字第 954621 號公告(如附)辦理。",https://drive.google.com/file/d/1IEo7JO0CoxnfXCeiRm87BLzYfexqwZH7/view?usp=drivesdk,,
interp-0014,護理人員法解釋彙編,第 8 條,,83.6.17,1994-06-17,衛署醫字第83035197號,衛生機關人員，縱具有醫事人員資格，如所從事之工作，,48,48,61,61,護理人員、執業登記,彙編節錄,108年彙編多數未保留正本、副本或署名欄；本筆已依下一封函或下一條文邊界切分。,"83.6.17.衛署醫字第83035197 號函 
主旨：衛生機關人員，縱具有醫事人員資格，如所從事之工作，
非各該專業法規所規定之專業業務，不應辦理執業登記，
請 查照。 
說明：依據本署於83 年 4 月 22 日召開之「護理業務研討會」會
議紀錄辦理。",https://drive.google.com/file/d/1IEo7JO0CoxnfXCeiRm87BLzYfexqwZH7/view?usp=drivesdk,,
interp-0015,護理人員法解釋彙編,第 8 條,,83.6.17,1994-06-17,衛署醫字第83035198號,醫療機構之醫事人員，不論其職稱為何，如係執行各該專,48,48,61,61,護理人員、執業登記,彙編節錄,108年彙編多數未保留正本、副本或署名欄；本筆已依下一封函或下一條文邊界切分。,"83.6.17.衛署醫字第83035198 號函 
主旨：醫療機構之醫事人員，不論其職稱為何，如係執行各該專
業法規所規定之專業業務工作，均應依規定辦理執業登記
，請 查照。 
說明：依據本署於83 年 4 月 22 日召開之「護理業務研討會」會
議紀錄辦理。",https://drive.google.com/file/d/1IEo7JO0CoxnfXCeiRm87BLzYfexqwZH7/view?usp=drivesdk,,
interp-0016,護理人員法解釋彙編,第 8 條,,83.6.17,1994-06-17,衛署醫字第83035199號,護理人員擔任護理學校教師，從事護理教育或護生實習指 導工作，非以執行護理人員業務為其職業，可無須辦理執,48,49,61,62,護理人員、執業登記,彙編節錄,108年彙編多數未保留正本、副本或署名欄；本筆已依下一封函或下一條文邊界切分。,"83.6.17.衛署醫字第83035199 號函 
主旨：護理人員擔任護理學校教師，從事護理教育或護生實習指 導工作，非以執行護理人員業務為其職業，可無須辦理執
業登記。如欲辦理執業登記者，應向其學校所在地之地方
衛生主管機關申請執業登記，並以其學校為登記處所，請 
查照。 
說明：依據本署於83 年 4 月 22 日召開之「護理業務研討會」會
議紀錄辦理。",https://drive.google.com/file/d/1IEo7JO0CoxnfXCeiRm87BLzYfexqwZH7/view?usp=drivesdk,,
interp-0017,護理人員法解釋彙編,第 8 條,,83.6.17,1994-06-17,衛署醫字第83035200號,衛生局之護理督導，係以辦理護理行政督導業務為主，非,49,49,62,62,護理人員、執業登記,彙編節錄,108年彙編多數未保留正本、副本或署名欄；本筆已依下一封函或下一條文邊界切分。,"83.6.17.衛署醫字第83035200 號函 
主旨：衛生局之護理督導，係以辦理護理行政督導業務為主，非
以執行護理人員業務為其職業，縱具護理人員資格，可免
辦理執業登記。 
說明：依據本署於83 年 4 月 22 日召開之「護理業務研討會」會
議紀錄辦理。",https://drive.google.com/file/d/1IEo7JO0CoxnfXCeiRm87BLzYfexqwZH7/view?usp=drivesdk,,
interp-0018,護理人員法解釋彙編,第 8 條,,83.6.17,1994-06-17,衛署醫字第83035201號,護理人員具有護理師、護士或助產士多重資格者，其執業,49,49,62,62,護理人員、護理師、護士,彙編節錄,108年彙編多數未保留正本、副本或署名欄；本筆已依下一封函或下一條文邊界切分。,"83.6.17.衛署醫字第83035201 號函 
主旨：護理人員具有護理師、護士或助產士多重資格者，其執業
登記，應擇一資格辦理，但除助產士法第 10 條第 1 項及
本署 72 年 8 月 31 日衛署醫字第 444517 號函另有規定外
，於同一執業處所，雖擇一資格登記，仍得執行他種資格
業務，請 查照。 
說明：依據本署於83 年 4 月 22 日召開之「護理業務研討會」會
議紀錄辦理。",https://drive.google.com/file/d/1IEo7JO0CoxnfXCeiRm87BLzYfexqwZH7/view?usp=drivesdk,,
interp-0019,護理人員法解釋彙編,第 8 條,,83.7.11,1994-07-11,衛署醫字第83031330號,護理人員於學校擔任校護工作，屬護理人員法第8 條所稱,49,49,62,62,護理人員、執業登記,彙編節錄,108年彙編多數未保留正本、副本或署名欄；本筆已依下一封函或下一條文邊界切分。,"83.7.11.衛署醫字第83031330 號函 
主旨：護理人員於學校擔任校護工作，屬護理人員法第8 條所稱
之執業，其有關執業登記及管理，自應依該法之規定辦理
，請 查照。 
說明：依據雲林縣衛生局 83 年 5 月 27 日雲衛五字第 5409 號函
辦理。",https://drive.google.com/file/d/1IEo7JO0CoxnfXCeiRm87BLzYfexqwZH7/view?usp=drivesdk,,
interp-0020,護理人員法解釋彙編,第 8 條,,84.9.14,1995-09-14,衛署醫字第84055861號,護理人員在取得護士、護理師證書後未立即辦理執業登錄,49,50,62,63,護理人員、護理師、護士、執業登記、執業執照,彙編節錄,108年彙編多數未保留正本、副本或署名欄；本筆已依下一封函或下一條文邊界切分。,"84.9.14.衛署醫字第 84055861 號函 主旨：護理人員在取得護士、護理師證書後未立即辦理執業登錄
，是否可依服務證明申請自願接受行政罰鍰後，再追溯其
執業登錄日期自取得護士或護理師證書日起算乙案，於法
不合，復請 查照。 
說明： 
一、復 貴處 84 年 9 月 2 日 84 衛五字第069914 號函。 
二、依護理人員法第8 條規定，護理人員執業，應向所在地直
轄市或縣(市)主管機關送驗護理人員證書，申請登記，發
給執業執照。護理人員法施行細則第 4 條規定，依本法第
8 條規定，請領護理人員執業執照者，應填具申請書，並
檢具「擬執業機構之證明文件」等相關文件及執照費，送
請所在地直轄市或縣(市)主管機關核辦。 
三、依前開規定，護理人員於確定擬執業機構後，即應持擬執
業機構開具之證明文件，向所在地直轄市或縣(市)主管機
關申請執業登記。因此，護理人員依法辦理執業登記後之
執業，始為合法之執業。至地方衛生主管機關對於護理人
員因違反護理人員第 8 條規定所為之行政處分，係為匡正
其違法行為及落實執業管理，且其違法既屬事實，應不因
其接受行政處分是否出於自願，而得以改變或追溯其執業
登記日期。",https://drive.google.com/file/d/1IEo7JO0CoxnfXCeiRm87BLzYfexqwZH7/view?usp=drivesdk,,
interp-0021,護理人員法解釋彙編,第 8 條,,85.5.13,1996-05-13,衛署醫字第85024010號,有關衛生局擔任外籍勞工健康管理及體格檢查審核之臨時,50,51,63,64,護理人員、護士、執業登記、公共衛生,彙編節錄,108年彙編多數未保留正本、副本或署名欄；本筆已依下一封函或下一條文邊界切分。,"85.5.13.衛署醫字第85024010 號函 
主旨：有關衛生局擔任外籍勞工健康管理及體格檢查審核之臨時
人員若滿 2 年，並領有護士證書，可否依技術人員任用條
例第 5 條第 3 項規定，任用為衛生所公共衛生護士乙案，
復請 查照。 
說明： 
一、復 貴部85 年5 月4 日85 台中甄五字第1296034號函。 
二、按辦理外籍勞工健康管理及體格檢查審核，應屬衛生機關
之衛生技術行政工作範疇，醫事人員擔任該項工作，可免
辦理執業登記。本案具護士資格之人員辦理外籍勞工健康 管理及體格檢查審核之年資，宜採計為技術人員任用條例
第 5 條第 3 項所定之年資。如滿 2 年建請准予轉任公立醫
療機構之護士。",https://drive.google.com/file/d/1IEo7JO0CoxnfXCeiRm87BLzYfexqwZH7/view?usp=drivesdk,,
interp-0022,護理人員法解釋彙編,第 8 條,,86.1.29,1997-01-29,衛署醫字第86007633號,86.1.29.衛署醫字第86007633 號函,51,51,64,64,護理人員、護士、執業登記,彙編節錄,108年彙編多數未保留正本、副本或署名欄；本筆已依下一封函或下一條文邊界切分。,"86.1.29.衛署醫字第86007633 號函 
一、台端 86 年 1 月 14 日函，收悉。 
二、查「護理人員管理規則」（護理人員法公布施行後停止適
用） 第10 條及護理人員法第 8 條均規定，護理人員執業，
應向所在地直轄市或縣（市）衛生主管機關申請執業登記
。台端擔任國立中正紀念堂「約僱護士」，如係執行護理
人員業務，應依上開規定辦理。至於台端應辦理而未辦理
執業登記之服務年資，可否採計為公務人員銓敘之年資，
應由採認機關決定。 
三、復請 查照。",https://drive.google.com/file/d/1IEo7JO0CoxnfXCeiRm87BLzYfexqwZH7/view?usp=drivesdk,,
interp-0023,護理人員法解釋彙編,第 8 條,,86.2.3,1997-02-03,衛署醫字第85064399號,86.2.3.衛署醫字第85064399 號函,51,51,64,64,護理人員、護理師、護士、執業登記、執業執照,彙編節錄,108年彙編多數未保留正本、副本或署名欄；本筆已依下一封函或下一條文邊界切分。,"86.2.3.衛署醫字第85064399 號函 
一、台端 85 年 11 月來函收悉。 
二、按護理人員法公布施行前，護理人員之執業及管理係依「
護理人員管理規則」 規定辦理。該規則第10 條規定，護理
人員執業時，應向所在地直轄市或縣（市）衛生主管機關
繳驗護理師或護士證書，……申請發給執業執照。惟家庭
計畫推廣中心兼具醫療及衛生雙重性質，依台端所附「僱
用契約書」規定工作內容亦可歸屬衛生技術行政工作，得
免辦理執業登記。 
三、復請 查照。",https://drive.google.com/file/d/1IEo7JO0CoxnfXCeiRm87BLzYfexqwZH7/view?usp=drivesdk,,
interp-0024,護理人員法解釋彙編,第 8 條,,86.3.20,1997-03-20,衛署醫字第86012919號,任職於中華民國紅十字會台灣省台南市支會之護士，是否,51,52,64,65,護理人員、護士、執業登記,彙編節錄,108年彙編多數未保留正本、副本或署名欄；本筆已依下一封函或下一條文邊界切分。,"86.3.20.衛署醫字第86012919 號函 
主旨：任職於中華民國紅十字會台灣省台南市支會之護士，是否
准予辦理執業登記乙案，復請 查照。 
說明： 
一、復 貴處 86 年 3 月 7 日衛五字第 860012943 號函。 二、本案護士從事學校教職員、學生及一般社會人士…之急救
訓練工作，與護理業務相關，得准予辦理執業登記。",https://drive.google.com/file/d/1IEo7JO0CoxnfXCeiRm87BLzYfexqwZH7/view?usp=drivesdk,,
interp-0025,護理人員法解釋彙編,第 8 條,,86.5.17,1997-05-17,衛署醫字第86017775號,有關中華民國新生兒醫學會辦理「早產兒追蹤門診計畫」,52,52,65,65,護理人員、護士、執業登記,彙編節錄,108年彙編多數未保留正本、副本或署名欄；本筆已依下一封函或下一條文邊界切分。,"86.5.17.衛署醫字第86017775 號函 
主旨：有關中華民國新生兒醫學會辦理「早產兒追蹤門診計畫」
約僱派駐縣市之護士，能否准予辦理執業登記乙案，復請 
查照。 
說明：本案該學會辦理「早產兒追蹤門診專案計畫」，約僱派駐
縣市之護士，執行早產兒門診跟診、量身高體重、護理指
導及電話追蹤，涉及執行護理人員業務，應依法辦理執業
登記，並以其執業之場所，為其執業登記之地點。",https://drive.google.com/file/d/1IEo7JO0CoxnfXCeiRm87BLzYfexqwZH7/view?usp=drivesdk,,
interp-0026,護理人員法解釋彙編,第 8 條,,87.3.23,1998-03-23,衛署醫字第87014069號,有關花蓮縣秀林鄉天祥晶華渡假酒店擬聘僱護士，並辦理,52,52,65,65,護理人員、護士、執業登記,彙編節錄,108年彙編多數未保留正本、副本或署名欄；本筆已依下一封函或下一條文邊界切分。,"87.3.23.衛署醫字第87014069 號函 
主旨：有關花蓮縣秀林鄉天祥晶華渡假酒店擬聘僱護士，並辦理
執業登錄乙案，復請 查照。 
說明： 
一、復 貴局 87 年 2 月 27 日 87 花衛五字第2363 號函。 
二、花蓮縣秀林鄉天祥晶華渡假酒店為顧及遊客醫療需求聘僱
護理人員擔任該店景觀資源娛樂活動部護士，如其確有從
事護理工作之事實，得准其辦理執業登記。其機構代碼得
以護產機構權屬別「其他」編碼。",https://drive.google.com/file/d/1IEo7JO0CoxnfXCeiRm87BLzYfexqwZH7/view?usp=drivesdk,,
interp-0027,護理人員法解釋彙編,第 8 條,,87.11.6,1998-11-06,衛署醫字第87056029號,所詢台南市緊急救護指揮中心護理人員，自民國 81 年起,52,53,65,66,護理人員、執業登記、執業執照,彙編節錄,108年彙編多數未保留正本、副本或署名欄；本筆已依下一封函或下一條文邊界切分。,"87.11.6.衛署醫字第87056029 號函 
主旨：所詢台南市緊急救護指揮中心護理人員，自民國 81 年起
進駐台南市消防局救災救護指揮中心，擔任協勤護理人員
，於本(87)年 9 月 1 日方辦理執業登錄，是否可追溯登錄
年資至 81 年乙案，復請 查照。 
說明： 
一、復 貴局 87 年 9 月 17 日南市衛五字第 8717686 號函。 
二、護理人員執業，未依規定向所在地直轄市或縣(市)主管機
關申請發給執業執照者，縱申請自願接受行政罰鍰，仍不 得改變或追溯其執業登記日期，前經本署 84 年 9 月 14 日
衛署醫字第 84055861 號函釋在案 ， 惟本案救護指揮中心護
理人員，若曾提出申請辦理執業執照但遭駁回，則不在此
限。",https://drive.google.com/file/d/1IEo7JO0CoxnfXCeiRm87BLzYfexqwZH7/view?usp=drivesdk,,
interp-0028,護理人員法解釋彙編,第 8 條,,88.3.25,1999-03-25,衛署醫字第88010515號,有關高雄縣衛生局為護理人員執業與歇業登錄事宜，函請,53,53,66,66,護理人員、執業登記、執業執照、歇業,彙編節錄,108年彙編多數未保留正本、副本或署名欄；本筆已依下一封函或下一條文邊界切分。,"88.3.25.衛署醫字第88010515 號函 
主旨：有關高雄縣衛生局為護理人員執業與歇業登錄事宜，函請
釋疑乙案，復請 查照 
說明： 
一、復 貴處 88 年 1 月 21 日 88 衛五字第0002729 號函。 
二、按護理人員法第 8 條規定：「護理人員執業，應向所在地
直轄市或縣(市)主管機關送驗護理人員證書，發給執業執
照」。爰此，護理人員未辦理執業登錄即行執業，應依同
法第 33 條規定處理。 
三、護理人員如係執行護理人員法規定之業務，即應依規定辦
理執業登錄，故護理人員於試用期間仍須辦理執業登錄。
至護理人員於軍中部隊醫務室服務可否辦理執業登錄乙節
，由於目前國軍部隊之醫務室，均未另設置民眾診療服務
處 ， 依醫療法第88 條規定 ， 其管理由國防部另依其所訂頒
之「國軍衛生勤務規則」及其相關作業規定辦理；又由於
醫務室主要任務為部隊衛勤作業，非屬一般服務民眾之執
業單位，其護理人員不須向所在地直轄市或縣(市)主管機
關辦理執業登記。 
四、護理人員與其服務之醫療機構發生糾紛，而未能取得離職
證明書者，其於申請執業執照註銷登記時，得以其出具之
切結書（應敘明離職日期）辦理執業執照之註銷登記事宜
， 前經本署84 年 8 月 14 日衛署醫字第 84049486 號函釋在
案。",https://drive.google.com/file/d/1IEo7JO0CoxnfXCeiRm87BLzYfexqwZH7/view?usp=drivesdk,,
interp-0029,護理人員法解釋彙編,第 8 條,,88.9.9,1999-09-09,衛署醫字第88047523號,函詢本署根除三麻一風計畫派駐苗栗縣衛生局工作人員， 持有護士證書，是否准予辦理護理人員執業登錄乙案，復,53,54,66,67,護理人員、護士、執業登記,彙編節錄,108年彙編多數未保留正本、副本或署名欄；本筆已依下一封函或下一條文邊界切分。,"88.9.9.衛署醫字第88047523 號函 
主旨：函詢本署根除三麻一風計畫派駐苗栗縣衛生局工作人員， 持有護士證書，是否准予辦理護理人員執業登錄乙案，復
請 查照。 
說明： 
一、復 貴局 88 年 7 月 15 日 88 衛五字第8810898 號函。 
二、依所附業務項目證明書，根除三麻一風計畫，應屬衛生機
關之衛生技術行政工作範疇，護理人員擔任該項工作，依
護理人員法第 8 條及第 11 條規定 ， 非屬須辦理執業登記之
範圍。",https://drive.google.com/file/d/1IEo7JO0CoxnfXCeiRm87BLzYfexqwZH7/view?usp=drivesdk,,
interp-0030,護理人員法解釋彙編,第 8 條,,88.11.22,1999-11-22,衛署醫字第88069200號,所詢衛生局之技士、技佐領有助產士證書者，是否適用助,54,54,67,67,護理人員、執業登記、執業執照、開業,彙編節錄,108年彙編多數未保留正本、副本或署名欄；本筆已依下一封函或下一條文邊界切分。,"88.11.22.衛署醫字第88069200 號函 
主旨：所詢衛生局之技士、技佐領有助產士證書者，是否適用助
產士法第 7 條規定，准予發給助產士執業執照乙案，復請 
查照。 
說明： 
一、復 貴局 88 年 11 月 1 日 88 衛五字第12048 號函。 
二、依助產士法第 18 條規定，助產士業務為(1)接生；(2)產
前檢查及保健指導；(3)產後檢查及指導；(4)嬰兒保健指
導；(5)生育指導。衛生機關人員非屬從事上開業務，縱領
有助產士證書 ， 依助產士法第7 條、第10 條及同法施行細
則第 7 條規定之旨，亦不應辦理執業登記。",https://drive.google.com/file/d/1IEo7JO0CoxnfXCeiRm87BLzYfexqwZH7/view?usp=drivesdk,,
interp-0031,護理人員法解釋彙編,第 8 條,,90.7.24,2001-07-24,衛署醫字第0900044551號,所詢已領有護士證書，而仍就讀於大學或技術學校、專科,54,55,67,68,護理人員、護士、執業執照,彙編節錄,108年彙編多數未保留正本、副本或署名欄；本筆已依下一封函或下一條文邊界切分。,"90.7.24.衛署醫字第0900044551 號函 
主旨：所詢已領有護士證書，而仍就讀於大學或技術學校、專科
學校等日間部未畢業學生，可否請領護理人員執業執照乙
案，復請 查照。 
說明： 
一、復 貴局 90 年 6 月 19 日彰衛字第 90101708 號函。 
二、按就讀大學或技術學院、專科學校等日間部學生，應以學
業為重，其雖領有醫事人員證書，仍宜俟其畢業後始可請
領執業執照；至於就讀夜間部或在職班者，為利已就業之
社會青年繼續進修，得不予限制其申領執業執照。",https://drive.google.com/file/d/1IEo7JO0CoxnfXCeiRm87BLzYfexqwZH7/view?usp=drivesdk,,
interp-0032,護理人員法解釋彙編,第 8 條,,92.12.19,2003-12-19,衛署醫字第0920066391號,所詢台北市政府社會局至善老人養護中心委託財團法人天,55,55,68,68,護理人員、執業登記,彙編節錄,108年彙編多數未保留正本、副本或署名欄；本筆已依下一封函或下一條文邊界切分。,"92.12.19.衛署醫字第 0920066391 號書函 
主旨：所詢台北市政府社會局至善老人養護中心委託財團法人天
主教耕莘醫院辦理福利服務，所聘僱護理人員申請執業執
照登錄乙案，復如說明，請 查照。 
說明： 
一、復 貴局 92 年 12 月 15 日北市衛五字第 09238353310 號
函。 
二、台北市政府社會局至善老人養護中心委託財團人天主教耕
莘醫院辦理福利服務，所聘僱護理人員如其確有從事護理
工作之事實，得准其辦理執業登記，其機構代碼得以護產
機構權屬別「其他」編碼。",https://drive.google.com/file/d/1IEo7JO0CoxnfXCeiRm87BLzYfexqwZH7/view?usp=drivesdk,,
interp-0033,護理人員法解釋彙編,第 8 條,,93.8.27,2004-08-27,衛署醫字第0930031576號,所詢具有醫事人員資格者之高壓氧設備操作技術員，是否,55,56,68,69,護理人員、執業登記、執業執照,彙編節錄,108年彙編多數未保留正本、副本或署名欄；本筆已依下一封函或下一條文邊界切分。,"93.8.27.衛署醫字第 0930031576 號書函 
主旨：所詢具有醫事人員資格者之高壓氧設備操作技術員，是否
須辦理執業登錄等情乙案，復如說明，請 查照。 
說明： 
一、復 貴局 93 年 7 月 22 日北衛醫字第0930029820 號函。 
二、按各類醫事人員執業，應向執業所在地直轄市、縣(市)主
管機關申請執業登記，領有執業執照後，始得依各該專門
職業法律規定之業務執業，為各該醫事人員專業法規所明
定。惟據「特定醫療技術檢查檢驗醫療儀器施行或使用管
理辦法」 第2 條附表第 19 項高壓氧設備 ， 有關配合醫師操
作該設備之醫事人員資格包括護理人員 ； 另依該辦法第10
條規定，本辦法施行前，已施行或使用特定治療檢查檢驗
項目者，應於本辦法施行之日起 6 個月內，依本辦法規定
補正申請登記。查該管理辦法有關補正申請登記之規定係
於 93 年 2 月 26 日修正發布，本案謝姓及唐姓護理人員於
7 月 9 日在法定期限內辦理執業登錄補正程序，應無不法
。 
三、檢送「特定醫療技術檢查檢驗醫療儀器施行或使用管理辦
法」乙份，請參考。",https://drive.google.com/file/d/1IEo7JO0CoxnfXCeiRm87BLzYfexqwZH7/view?usp=drivesdk,,
interp-0034,護理人員法解釋彙編,第 8 條,,93.12.31,2004-12-31,衛署醫字第0930051198號,所詢護理人員任公共衛生護士，完成報到手續後當日即借,56,56,69,69,護理人員、護士、執業登記、執業執照、停業、歇業、公共衛生,彙編節錄,108年彙編多數未保留正本、副本或署名欄；本筆已依下一封函或下一條文邊界切分。,"93.12.31.衛署醫字第 0930051198 號書函 
主旨：所詢護理人員任公共衛生護士，完成報到手續後當日即借
調辦理防疫業務，未實際從事護理工作，是否需依規定辦
理執業登錄等情一案，復請 查照。 
說明： 
一、復 貴局93 年12 月2 日北市衛五字第09338188100號函。 
二、按護理人員法第 8 條規定：「護理人員執業，應向所在地
直轄市或縣(市)主管機關送驗護理人員證書，申請登記，
發給執業執照。」即護理人員依法應以領有執業執照後，
始得執業，未依法辦理執業，即擅自執業，係屬違法執業
，應依護理人員法第 33 條規定處罰；另按護理人員法第
11 條規定，護理人員歇業、停業、復業或變更執業處所時
， 應自事實發生之日起10 內 ， 報請原發執業執照機關核備
，違反前述規定者，則依同法第 39 條規定論處。 
三、經查本案護理人員江○○女士於 11 月 1 日至新單位完成
報到手續，當日即借調辦理防疫業務一個月，並未實際從
事護理工作，至 11 月 24 日始完成執業登記手續，爰此，
有關該員執業登錄認定疑義一節，請依個案事實參酌前述
規定辦理。 
（註：本函釋當事人之名字以○○表示）",https://drive.google.com/file/d/1IEo7JO0CoxnfXCeiRm87BLzYfexqwZH7/view?usp=drivesdk,,
interp-0035,護理人員法解釋彙編,第 8 條,,93.12.31,2004-12-31,衛署醫字第0930053629號,所詢護理人員辦理執業登記，所檢附服務機構證明文件之,56,57,69,70,護理人員、執業登記、執業執照,彙編節錄,108年彙編多數未保留正本、副本或署名欄；本筆已依下一封函或下一條文邊界切分。,"93.12.31.衛署醫字第 0930053629 號書函 
主旨：所詢護理人員辦理執業登記，所檢附服務機構證明文件之
到職日期與其辦理執業登記日期有差異時之日期認定疑
義一案，復請 查照。 
說明： 
一、復 貴局93 年12 月16 日北市衛五字第09339232800號函。 
二、查護理人員法第 8 條規定：「護理人員執業，應向所在地
直轄市或縣(市)主管機關送驗護理人員證書，申請登記，
發給執業執照。」即護理人員執業依法應以領有執業執照
後，始得為之；護理人員未依法辦理執業登記，即擅自執 業，係屬違法執業，應依護理人員法第33 條規定處罰。至
於執業執照之核發，以申請日為發照日，前經本署86 年 6
月 10 日衛署醫字第 86019839 號函釋在案。 
三、次查護理人員法第 11 條係護理人員執業異動之規範，並
不適用上開申請執業登記之情形。",https://drive.google.com/file/d/1IEo7JO0CoxnfXCeiRm87BLzYfexqwZH7/view?usp=drivesdk,,
interp-0036,護理人員法解釋彙編,第 8 條,,94.10.14,2005-10-14,衛署醫字第0940041107號,為臺北市政府社會局函請貴部釋示老人安養護機構本國籍,57,57,70,70,護理人員、執業登記、執業執照,彙編節錄,108年彙編多數未保留正本、副本或署名欄；本筆已依下一封函或下一條文邊界切分。,"94.10.14.衛署醫字第0940041107 號函 
主旨：為臺北市政府社會局函請貴部釋示老人安養護機構本國籍
服務人員同時登錄護理人員執業情形相關適法性疑義案
，有關護理人員執業登記與執行業務之相關規定一節，復
請 查照。 
說明： 
一、復 貴部94 年9 月16 日內授中社字第0940713745 號函。 
二、按醫事人員不論其職稱為何，如係執行各該專門職業法律
所規定之專業業務工作，均應依規定辦理執業登記。是以
，具有護理人員資格者，不論其職稱為何，如所從事之工
作 ， 非屬護理人員法第24 條規定之業務 ， 尚不需辦理執業
登記 ； 如從事護理人員法第24 條所規定之業務 ， 即應依同
法第 8 條之規定辦理執業登記，依法領有執業執照後，始
得執業。 
三、至具有護理人員資格者，從事護理工作卻未依法辦理執業
登記，即擅自執業，係屬違法執業，應依護理人員法第33
條規定論處。 
四、爰此，本案所詢護理人員執業登錄與執行業務之相關規定
一節，應依其實際工作內容認定，並依前述規定辦理。",https://drive.google.com/file/d/1IEo7JO0CoxnfXCeiRm87BLzYfexqwZH7/view?usp=drivesdk,,
interp-0037,護理人員法解釋彙編,第 8 條,,96.1.30,2007-01-30,衛署醫字第0960004121號,有關台灣高速鐵路局擬聘僱護理人員，所詢執業登錄一案,57,58,70,71,護理人員、執業登記、執業執照,彙編節錄,108年彙編多數未保留正本、副本或署名欄；本筆已依下一封函或下一條文邊界切分。,"96.1.30.衛署醫字第0960004121 號函 
主旨：有關台灣高速鐵路局擬聘僱護理人員，所詢執業登錄一案
，復請 查照。 
說明： 
一、復 貴局 96 年 1 月 23 日桃衛醫字第 0960000937 號函。 二、按醫事人員不論其職稱為何，如係執行各該專門職業法律
所規定之專業業務工作，均應依規定辦理執業登記。是以
，具有護理人員資格者，不論其職稱為何，如所從事之工
作 ， 非屬護理人員法第24 條所規定之業務 ， 尚不需辦理執
業登記 ； 如從事護理人員法第24 條規定之業務 ， 即應依同
法第 8 條之規定辦理執業登記，依法領有執業執照後，始
得執業，先予敘明。 
三、本案台灣高速鐵路局為顧及乘客醫療需求，聘僱護理人員
擔任該局駐站服務人員，如其確有從事緊急救護、急救訓
練等工作事實，與護理業務相關，得准其辦理執業登記 。
至其機構代碼得以護產機構權屬別「其他」編碼。",https://drive.google.com/file/d/1IEo7JO0CoxnfXCeiRm87BLzYfexqwZH7/view?usp=drivesdk,,
interp-0038,護理人員法解釋彙編,第 8 條,,96.2.13,2007-02-13,衛署醫字第0960004908號,有關 貴局查獲於未立案護理機構執業之護理人員，涉及,58,59,71,72,護理人員、護理機構、執業執照,彙編節錄,108年彙編多數未保留正本、副本或署名欄；本筆已依下一封函或下一條文邊界切分。,"96.2.13.衛署醫字第0960004908 號函 
主旨：有關 貴局查獲於未立案護理機構執業之護理人員，涉及
違反護理人員法之規定，所詢適用法條疑義一案，復請 
查照。 
說明： 
一、復 貴局 96 年 1 月 29 日北衛醫字第 0960004835 號函。 
二、查護理人員法第 8 條規定：「護理人員執業，應向所在地
直轄市、縣(市)主管機關送驗護理人員證書，申請登記，
發給執業執照。」即護理人員執業依法應以領有執業執照
後，始得為之；次查同法第12 條規定： 「護理人員執業，
應在所在地主管機關核准登記之醫療機構、護理機構或其
他經中央主管機關認可之機構為之。」即未經立案之護理
機構，非屬護理人員合法執業之場所。本案護理人員未辦
理執業登錄即執行護理業務，核屬違反護理人員法第 8 條
之規定；又查，該員於未立案之護理機構執行護理業務，
同時違反護理人員法第 12 條之規定。 
三、依行政罰法第 24 條第 1 項規定：「一行為違反數個行政
法上義務規定而應處罰鍰者，依法定罰鍰最高之規定裁處
。但裁處之額度，不得低於各該規定之罰鍰最低額。」是 以，本案護理人員未領有執業執照即執行護理業務之違法
行為情節 ， 依一行為不二罰原則 ， 以護理人員法第33 條規
定論處。",https://drive.google.com/file/d/1IEo7JO0CoxnfXCeiRm87BLzYfexqwZH7/view?usp=drivesdk,,
interp-0039,護理人員法解釋彙編,第 8 條,,102.11.25,2013-11-25,衛部照字第1020171533號,有關 貴署函請釋示國立彰化啟智學校持有護理師證書之,59,59,72,72,護理人員、護理師、醫療輔助、執業登記、執業執照,彙編節錄,108年彙編多數未保留正本、副本或署名欄；本筆已依下一封函或下一條文邊界切分。,"102.11.25 衛部照字第1020171533 號函 
主旨：有關 貴署函請釋示國立彰化啟智學校持有護理師證書之
生活輔導員，支援健康中心照護學生，是否依護理人員法
辦理執業登錄案，本部復如說明，請 查照。 
說明： 
一、復 貴署 102 年 11 月 15 日臺教國署原字第 1020114414 號
函。 
二、查護理人員法第 24 條規定：「護理人員之業務如左：一
、健康問題之護理評估。二、預防保健之護理措施。三、
護理指導及諮詢。四、醫療輔助行為。前項第四款醫療輔
助行為應在醫師之指示下行之」。 
三、護理人員於學校以執行護理人員業務為其職責，依護理人
員法第 8 條規定應向執業所在地直轄市、縣(市)主管機關
申請執業登記，領有執業執照，始得執業，前經行政院衛
生署 83 年7 月 11 日衛署醫字第 83031330 號函釋在案。 
四、有關所詢生活輔導員其持有護理師證書，至健康中心執行
護理人員法第 24 條所規定業務，依同法第 8 條規定應辦
理執業登記。",https://drive.google.com/file/d/1IEo7JO0CoxnfXCeiRm87BLzYfexqwZH7/view?usp=drivesdk,,
interp-0040,護理人員法解釋彙編,第 8 條,,103.1.7,2014-01-07,衛部照字第1021581525號,有關執業執照有效日期迄日為 103 年 6 月 19 日之護理人,59,60,72,73,護理人員、執業登記、執業執照、繼續教育、停業、歇業,彙編節錄,108年彙編多數未保留正本、副本或署名欄；本筆已依下一封函或下一條文邊界切分。,"103.1.7 衛部照字第1021581525 號函 
主旨：有關執業執照有效日期迄日為 103 年 6 月 19 日之護理人
員辦理停業或歇業後，尚未取得繼續教育積分150 點，復
業時更新執業執照繼續教育積分計算疑義案，請 查照。 
說明： 
一、按護理人員法第 11 條第 1 項至第 3 項規定：「護理人員
停業或歇業時，應自事實發生之日起三十內，報請原發執
業執照機關備查。前項停業之期間，以一年為限；逾一年 者，應辦理歇業。護理人員變更執業處所或復業者，準用
關於執業之規定。」 
二、按醫事人員執業登記繼續教育辦法（以下簡稱辦法）第 5
條及第 6 條規定，醫事人員(含護理人員)曾經執業後因故
歇業，如再重新辦理復業者，有兩種方式辦理執業登記，
以免影響權益。 
(一)辦法第5 條第 3 款規定：醫事人員(含護理人員)歇業
後重新申請執業登記之日期，未逾原執業處所執業執照所
載應更新日期，得免檢具繼續教育積分證明申請執業執照
。 
(二)辦法第 6 條第 1 項第 3 款規定：醫事人員(含護理人
員)連續歇業期間逾 2 年，得以申請執業登記前 1 年內接
受繼續教育積分達 6 分之 1 以上(即 25 點)之證明辦理執
業執照，其執業執照有效期間自復業日起算加 6 年。 
三、另據同(護理人員)法第 8 條第 2 項規定，護理人員執業，
應每 6 年接受一定時數繼續教育，始得辦理執業執照更新
，按此，執業執照有效日期迄日為 103 年 6 月 19 日之護
理人員，停業後之護理人員仍應於 103 年 6 月 19 日前修
習繼續教育積分150 點，惟如無法於有效期間內取得繼續
教育積分150 點，復業時繼續教育積分計算應以辦理復業
當日往前推算6 年內積分 150 點為準。",https://drive.google.com/file/d/1IEo7JO0CoxnfXCeiRm87BLzYfexqwZH7/view?usp=drivesdk,,
interp-0041,護理人員法解釋彙編,第 8 條,,103.4.22,2014-04-22,衛部照字第1030007876號,有關貴院派遣護理人員江○○支援新竹縣尖石鄉秀巒衛生,60,61,73,74,護理人員、執業登記、繼續教育,彙編節錄,108年彙編多數未保留正本、副本或署名欄；本筆已依下一封函或下一條文邊界切分。,"103.4.22 衛部照字第1030007876 號函 
主旨：有關貴院派遣護理人員江○○支援新竹縣尖石鄉秀巒衛生
室，其繼續教育積分採認案，復如說明段，請 查照。 
說明： 
一、復 貴院 103 年 3 月 31 日馬院乙字第 1030008056 號函。 
二、同意旨揭護理人員依繼續教育積分適用醫事人員執業登記
及繼續教育辦法第14 條第 2 項規定 ， 其積分1 點得以 1.5
點採計，時間溯自100 年 3 月到職日起計算。 
（註：本函釋當事人之名字以○○表示）",https://drive.google.com/file/d/1IEo7JO0CoxnfXCeiRm87BLzYfexqwZH7/view?usp=drivesdk,,
interp-0042,護理人員法解釋彙編,第 8 條,,103.5.5,2014-05-05,衛部照字第1030111496號,有關貴縣轄區護理人員黃○○小姐於 99 年 1 月 8 日起迄,61,62,74,75,護理人員、護理師、護士、執業登記、執業執照、繼續教育,彙編節錄,108年彙編多數未保留正本、副本或署名欄；本筆已依下一封函或下一條文邊界切分。,"103.5.5 衛部照字第1030111496 號函 
主旨：有關貴縣轄區護理人員黃○○小姐於 99 年 1 月 8 日起迄
今原執業登記護士，擬申請追溯自 99 年 10 月 15 日起變
更執業登記為護理師乙案，復如說明段，請 查照。 
說明： 
一、復 貴局103 年 4 月 8 日彰衛醫字第 1030011786 號函。 
二、依護理人員法第8 條規定：「護理人員應向執業所在地直
轄市、縣(市)主管機關申請執業登記，領有執業執照，始
得執業」。復依102 年 7 月 1 日公告修正「醫事人員執業
登記及繼續教育辦法」(前為護理人員執業登記及繼續教
育辦法)第 4 條規定：「醫事人員申請執業，應填具申請
書，並檢附相關文件及繳納執業執照費，向所在地直轄市
、縣(市)主管機關申請，發給執業登記」。 
三、有關來函所述黃君係以護士執業登記，後考取護理師因疏
忽未以護理師辦理護理人員執業乙節，依前開護理人員法
相關規定尚未要求同時兼具護士及護理師資格者，須以較
高等級之醫事人員資格證書辦理執業登記之規定，爰應無
因申請追溯或變更執業登記而違反護理人員法第8 條之適
用情形，先予敍明。 
四、綜上，護理人員擬申請追溯變更執業登記為護理師乙案，
業前經本部(組改前行政院衛生署)分別於84 年9 月14 日
衛署醫字第 84055861 號規定略以：「……護理人員依法
辦理執業登記後之執業，始為合法之執業。至地方衛生主
管機關對於護理人員因違反護理人員第8 條規定所為之行
政處分，係為匡正其違法行為及落實執業管理，且其違法
既屬事實，應不因其接受行政處分是否出於自願，而得以
改變或追溯其執業登記日期」 ，及87 年 1 月 16 日衛署醫
字第 87056029 號規定略以：「…護理人員執業，未依規
定向所在地直轄市或縣 (市)主管機關申請發給執業執照
者，縱申請自願接受行政罰鍰，仍不得改變或追溯其執業
登記日期…」。 五、按上開規定，黃君於 99 年 1 月 8 日起以護士資格登錄執
業，惟後續考取護理師擬變更執業身分別登錄，僅能依所
提變更時向服務縣市衛生局提出申請變更，所詢溯其取得
護理師證書日起算，爰不符相關規定。 
（註：本函釋當事人之名字以○○表示）",https://drive.google.com/file/d/1IEo7JO0CoxnfXCeiRm87BLzYfexqwZH7/view?usp=drivesdk,,
interp-0043,護理人員法解釋彙編,第 8 條,,103.6.19,2014-06-19,衛部照字第1030013544號,關於台端陳述醫事人員執業登記及繼續教育辦法，護理人,62,62,75,75,護理人員、執業登記、執業執照、繼續教育,彙編節錄,108年彙編多數未保留正本、副本或署名欄；本筆已依下一封函或下一條文邊界切分。,"103.6.19 衛部照字第1030013544 號函 
主旨：關於台端陳述醫事人員執業登記及繼續教育辦法，護理人
員更新執業執照於 103 年 6 月 19 日到期，建議給予緩衝
期日案，敬復如說明段，請 查照。 
說明： 
一、復 台端103 年 5 月 29 日瓊芝字第 1030529 號函。 
二、依護理人員法第8 條第 2 項規定：護理人員執業，應每六
年接受一定時數繼續教育,始得辦理執業執照更新；另依
據醫事人員執業登記及繼續教育辦法第 13 條第 1 項規定
，醫事人員執業(含護理人員)，應每6 年接受……繼續教
育之課程積分達 150 點以上，此為 14 類醫事人員共通規
定。 
三、有關台端旨揭疑義與建議，本部業於103 年 5 月 9 日與各
縣市衛生局共同召開會議，並有初步共識。由於執業效期
屆滿與否，與繼續執業之認定依權責仍由縣市衛生主管機
關依個案事實判定，爰建議您逕洽執業地點之縣市衛生局
，以儘速協助您處理疑義。",https://drive.google.com/file/d/1IEo7JO0CoxnfXCeiRm87BLzYfexqwZH7/view?usp=drivesdk,,
interp-0044,護理人員法解釋彙編,第 8 條,,103.6.23,2014-06-23,衛部照字第1030115010號,有關民眾反映衛生局要求護理人員接受繼續教育訓練課程,62,63,75,76,護理人員、執業登記、執業執照、繼續教育,彙編節錄,108年彙編多數未保留正本、副本或署名欄；本筆已依下一封函或下一條文邊界切分。,"103.6.23 衛部照字第1030115010 號函 
主旨：有關民眾反映衛生局要求護理人員接受繼續教育訓練課程
，並自行上衛生福利部網頁登錄時數，再將積分證明影印
提供衛生局一案，復如說明段，請查照。 
說明： 
一、復 貴局 103 年 5 月 30 日北市衛醫護字第 10352712701 號
函及 103 年5 月21 日北市衛醫護字第10352524701號函。 二、依據醫事人員執業登記及繼續教育辦法第7 條規定：「醫
事人員辦理執業執照更新，應填具申請書、並檢具原領執
業執照、相片、公會會員證明、完成所定繼續教育積分或
其他相關證明文件，向原發執業執照機關申請換領執業執
照」。 
三、依前揭規定，醫事人員辦理執業執照更新，應有檢具繼續
教育或其他相關證明文件之義務，惟證明文件之型式，法
未無明文規範，爰基於便民考量，在不違反上開原則下，
該證明文件之型式，得由各縣市政府衛生局自行訂定。 
四、另貴局在辦理更新執業執照時，是否再進行查核乙節，請
貴局本權責併前述逕復陳情人。",https://drive.google.com/file/d/1IEo7JO0CoxnfXCeiRm87BLzYfexqwZH7/view?usp=drivesdk,,
interp-0045,護理人員法解釋彙編,第 8 條,,103.9.12,2014-09-12,衛部照字第1031561619號,有關台端陳詢護理師證書資格疑義案，復如說明段，請查,63,64,76,77,護理人員、護理師、執業登記、執業執照、停業、歇業、麻醉,彙編節錄,108年彙編多數未保留正本、副本或署名欄；本筆已依下一封函或下一條文邊界切分。,"103.9.12 衛部照字第1031561619 號函 
主旨：有關台端陳詢護理師證書資格疑義案，復如說明段，請查
照。 
說明： 
一、復 台端 103 年 9 月 1 日陳情書。 
二、按護理人員法第 1 條規定略以：「中華民國人民經護理 
人員考試及格，並依本法領有護理人員證書者，得充護理
人員……」。暨同法第 3 條規定：「經護理人員考試及格
者，得請領護理人員證書」。另依同法第6 條規定：有下
列情形一者，不得充護理人員；其已充護理人員者，撤銷
或廢止其護理人員證書： 
(一)曾犯肅清煙毒條例或麻醉藥品管理條例之罪，經判刑
確定。 
(二)曾犯毒品危害防制條例之罪，經判刑確定。 
(三)依本法受廢止護理人員證書處分。 
三、另據同法第 8 條規定：護理人員應向執業所在地直轄市、
縣(市)主管機關申請執業登記，領有執業執照，始得執業
。及第 11 條規定略以：「護理人員停業或歇業時，應自
事實發生之日起三十日內，報請原發執業執…」。 四、綜上述，護理人員證書與護理人員執業執照係兩種不同證
明文件，領有護理師證書者，表示具有護理人員資格，如
未違反前述相關規定，則該證書具有永久效力。而如護理
人員欲執業時，依法須向執業所在地申請執業登記，領有
執照始得執業，如因故不再繼續執業，則依同法第 11 條
辦理歇業，原所持有執業執照須繳回執業縣市衛生局，並
於護理師證書背面註記登錄動態章戳。",https://drive.google.com/file/d/1IEo7JO0CoxnfXCeiRm87BLzYfexqwZH7/view?usp=drivesdk,,
interp-0046,護理人員法解釋彙編,第 8 條,,103.10.17,2014-10-17,衛部照字第1030024348號,有關勞動部函轉未署名之陳情人投訴於貴轄蘋果日報擔任,64,65,77,78,護理人員、護理師、執業登記、執業執照、繼續教育,彙編節錄,108年彙編多數未保留正本、副本或署名欄；本筆已依下一封函或下一條文邊界切分。,"103.10.17 衛部照字第1030024348 號函 
主旨：有關勞動部函轉未署名之陳情人投訴於貴轄蘋果日報擔任
護理師工作，該事業單位未辦理執業登記案，請依說明段
查處函復本部，請查照。 
說明： 
一、依據勞動部103 年 9 月 29 日勞動 2 條字第 1030132078 號
函辦理。 
二、依護理人員法第8 條第 1 項規定：「護理人員應向執業所
在地直轄市、縣(市)主管機關申請執業登記，領有執業執
照，始得執業。」暨同法第 12 條規定略以：「護理人員
執業，應在所在地主管機關核准登記之醫療機構、護理機
構或其他經中央主管機關認可之機構為之。…。」，另依
醫事人員執業登記及繼續教育辦法第 4 條規定略以： 「醫
事人員申請執業登記，應填具申請書，並檢附下列文件及
繳納執業執照費，向所在地直轄市、縣(市)主管機關申請
，發給執業執照；…4.擬執業機構出具之證明文件。…。
」。 
三、綜上，惠請 貴府查明事業單位(蘋果日報)如依勞工健康
保護規則第 3 條規定雇用陳情人為護理人員,依醫事人員
執業登記及繼續教育辦法第 4 條規定，應協助出具相關證
明文件，以供陳情人依護理人員法規定辧理執登記。 
四、檢附原函影本及相關資料各 1 份。本案請依行政程序法第
170 條第2 項及個人資料保護法第 18 條規定 ， 防止陳情人 資料被竊取、竄改、毁損、滅失或洩漏。",https://drive.google.com/file/d/1IEo7JO0CoxnfXCeiRm87BLzYfexqwZH7/view?usp=drivesdk,,
interp-0047,護理人員法解釋彙編,第 8 條,,103.12.22,2014-12-22,衛部照字第1030031594號,關於台端申訴護理人員繼續教育積分已取得150 點，因專,65,66,78,79,護理人員、護理師、護士、執業登記、執業執照、繼續教育,彙編節錄,108年彙編多數未保留正本、副本或署名欄；本筆已依下一封函或下一條文邊界切分。,"103.12.22 衛部照字第1030031594 號函 
主旨：關於台端申訴護理人員繼續教育積分已取得150 點，因專
業課程部分未達規定積分，致無法更新執業執照一案，復
如說明段，請查照。 
說明： 
一、復 台端 103 年 12 月 10 日申訴書。 
二、按醫事人員執業登記及繼續教育辦法第 13 條規定略以：
「醫師執業，應每 6 年接受下列繼續教育之課程 積分達
180 點以上；其他類醫事人員(含護理人員)執業，應每 6
年接受下列繼續教育之課程積分達 150 點以上，包括 1.
專業課程。2.專業品質。3.專業倫理。4.專業相關法規。
…前項第3 款、第4 款繼續教育課程之積分數，於其他醫
事人員合計至少應達150 點，其中應包括感染管制及性別
議題之課程；超過30 點者，以 30 點計。」 
三、綜上，護理人員繼續教育積分每 6 年應取得 150 點積分，
專業倫理及專業相關法規合計至少應達 15 點，其中應包
括感染管制及性別議題之課程；超過30 點者，以30 點計
；專業課程及專業品質至少應達 120 至 135 點，合先予敍
明。 
四、本部於103 年度已持續免費辦理至少 300 場之護理人員繼
續教育實體及視訊課程，60 點免費通訊課程及 30 點數位
學習課程，並於全國各縣市定點同步提供視訊課程，護理
人員可至本部網頁查詢可參加之網路、通訊及實體課程 (
網址:http://www.mohw.gov.tw，路徑:衛生福利部→護理
及健康照護→護理人員繼續教育專區→課程資訊 )。另查
目前中華民國護理師護士公會全國聯合會網站仍有護理
專業之網路及通訊繼續教育課程 ( 網址
:http://www.nurse.org.tw，路徑:中華民國護理師護士
公會全國合會→繼續教育數位學習網→通訊課程及網路 課程)，請逕行至該網站 儘速完成繼續教育積分，以符規
定辦理執業執照更新作業。",https://drive.google.com/file/d/1IEo7JO0CoxnfXCeiRm87BLzYfexqwZH7/view?usp=drivesdk,,
interp-0048,護理人員法解釋彙編,第 8 條,,104.1.22,2015-01-22,衛部照字第1040100716號,有關老人日間照顧服務中心、幼兒園、托嬰中心聘僱之護,66,67,79,80,護理人員、護理機構、居家護理、執業登記、執業執照,彙編節錄,108年彙編多數未保留正本、副本或署名欄；本筆已依下一封函或下一條文邊界切分。,"104.1.22 衛部照字第1040100716 號函 
主旨：有關老人日間照顧服務中心、幼兒園、托嬰中心聘僱之護
理人員能否辦理執業登記及醫療機構護理人員到府安寧
及居家照顧，是否需要支援報備及如何報備疑義一案，復
如說明段，請查照。 
說明： 
一、復 貴局104 年1 月8 日北市衛醫字第10430633100號函。 
二、按護理人員法第8 條第 1 項規定「護理人員應向執業所在
地直轄市、縣(市)主管機關申請執業登記，領有執業執照
，始得執業。」暨同法第 12 條規定略以：「護理人員執
業，應在所在地主管機關核准登記之醫療機構、護理機構
或其他經中央主管機關認可之機構為之。…。」 ;所稱「
其他經中央主管機關認可之機構」，係指依相關法令規定
須(得)配置護理人員執業之場所。 
三、另按本部(前行政院衛生署)96 年 1 月 30 日衛署醫字第
0960004121 號函示略以： 「……二、按醫事人員不論其職
稱為何，如係執行各該專門職業法律所規定之專業業務工
作，均應依規定辦理執業登記。是以，具有護理人員資格
者，不論其職稱為何，如所從事之工作，非屬護理人員法
第 24 條規定之業務，尚不須辦理執業登記；如從事護理
人員法第 24 條規定之業務，即應依同法第 8 條之規定辦
理執業登記，依法領有執業執照後，始得執業，先予敍明
。」。 
四、經查幼兒教育及照顧法第 18 條暨兒童及少年福利機構設
置標準第 11 條皆已明訂依收置人數得或應置護理人員。
爰所詢如老人日間服務中心、幼兒園、托嬰中心護理人員
，如確有實際從事護理人員法第 24 條所規定之業務項目
，則得依規定辦理執業執照，其執業登記之機構代碼得以 護產機構權屬別「其他」編碼。 
五、至所詢醫療機構護理人員到府安寧及居家照顧，是否需要
支援報備及如何報備乙節，按本部(前行政院衛生署)83
年 8 月 24 日衛署醫字第 83050863 號函略以：「……。二
、居家護理機構或醫療機構所設居家護理服務部門，其服
務區域跨直轄市或縣(市)行政區區域者，仍須依護理人員
法第 12 條規定申請報准，…。三、其護理人員執業異動
或每年逐期辦理1 次之報准時，應檢具前項第3 款之文件
。」，本案請參酌前揭規定辦理。",https://drive.google.com/file/d/1IEo7JO0CoxnfXCeiRm87BLzYfexqwZH7/view?usp=drivesdk,,
interp-0049,護理人員法解釋彙編,第 8 條,,104.7.20,2015-07-20,衛部照字第1041561306號,有關您致本部部長信箱陳述擬參加日本護理師考試，陳詢,67,69,80,82,護理人員、護理師、執業登記、執業執照、繼續教育,彙編節錄,108年彙編多數未保留正本、副本或署名欄；本筆已依下一封函或下一條文邊界切分。,"104.7.20 衛部照字第1041561306 號函 
主旨：有關您致本部部長信箱陳述擬參加日本護理師考試，陳詢
護理師證書資格及已取得護理人員繼續教育積 分更新執
業執照換發證明案，詳如說明段，請查照。 
說明： 
一 、 依 據 本 部 部 長 信 箱 104 年 7 月 13 日 案 件 編 號
1040713-00015 號辦理。 
二、按護理人員法第1 條第 1 項： 「中華民國人民經護理人員
考試及格，並依本法領有護理人員證書者，得充護理人員
。」、第3 條：「經護理人員考試及格者，得請領護理人
員證書」及第8 條略以： 「護理人員應向執業所在地直轄
市、縣(市)主管機關申請執業登記，領有執業執照，始得
執業。護理人員執業，應每 6 年接受一定時數繼續教育，
始得辦理執業執照更新」。 
三 、 另依97 年 6 月 20 日發布施行之護理人員執業登記及繼續
教育辦法第8 條規定略以： 「護理人員執業，應每6 年接
受下列繼續教育之課程積分達 150 點以上……。」、第 3
條第 2 項規定略以：護理人員申請執業登記，有下列情形
之一者，得免檢具繼續教育積分文件：1.領得護理人員證
書 5 年內申請執業登記 。2.本辦法施行前已取得護理人員
證書，且於本辦法施行之日起 5 年內申請首次執業登記。 以及同法第5 條第 2 項規定略以： 「本辦法施行前已取得
護理人員證書，且於本辦法施行之日起5 年內，申請執業
登記者 ， 其執業執照之更新日期不得逾本辦法施行日起算
6 年。」。 
四、綜上，護理人員證書與護理人員執業執照係屬兩種不同證
明文件，領有護理師證書者代表具有護理人員資格，如未
受廢止證書處分者，則具有永久效力。而具有護理人員資
格者如欲執業時，則應依護理人員法規定向執業所在地主
管機關申請執業登記，且執業期間應每6 年接受 150 點以
上繼續教育積分，始得辦理執業執照更新，繼續執業。 
五、另查台端係於 96 年取得護理師證書，並辦理執業，故符
合護理人員執業登記及繼續教育辦法第 3 條第 2 項規定，
即於該辦法施行前已取得護理人員證書，且5 年內首次執
業登記時，得免檢具繼續教育證明換證之規定；又按同法
第5 條第2 項規定台端符合該辦法施行之日5 年內申請執
業登記者，故執業執照之更新日期為不超過辦法施行日起
算 6 年(即103 年6 月19 日)， 而台端103 年6 月30 日未辦
理更新執業執照，故原執業執照已失效。 
六、台端如若欲回國執業，查目前累計之繼續教育積分已達法
定積分數，得向執業所在地衛生主管機關申請執業登記並
取得更新後執業執照，如無返國執業則無須辦理執業執照
之更新。",https://drive.google.com/file/d/1IEo7JO0CoxnfXCeiRm87BLzYfexqwZH7/view?usp=drivesdk,,
interp-0050,護理人員法解釋彙編,第 10 條,,81.2.8,1992-02-08,衛署保字第983194號,有關護理人員法公布前歇業、停業、變更執業處所之護理,69,70,82,83,護理人員、執業執照、停業、歇業,彙編節錄,108年彙編多數未保留正本、副本或署名欄；本筆已依下一封函或下一條文邊界切分。,"81.2.8.衛署保字第 983194 號函 
主旨：有關護理人員法公布前歇業、停業、變更執業處所之護理
人員，於事實發生時未辦理核備，於該法公布後逾 10 日
以上始核備者，可否免罰疑義乙案，復請 查照。 
說明： 
一、復 貴處 80 年 10 月 3 日 80 衛五字第74754 號函。 
二、查護理人員歇業、停業、復業或變更執業處所時，應自事
實發生之日起 10 日內，報請原發執業執照機關核備，護
理人員法第 11 條第 1 項定有明文，苟異動事實發生及應
辦理核備之期限屆滿於該法生效之前，依中央法規標準法
第 13 條規定，免予處罰。若應辦理核備之10 日期限屆滿
於護理人員法公布生效之後，原應依同法第 11 條規定辦
理，違反者依第 39 條規定處罰。惟查該法甫經公布施行
不久，護理人員對該法之認識不足，亟需繼續加強宣導工
作，另配合該法第 37 條之施行，得於民國 82 年 6 月 30
日前審酌實際情況分區實行之規定，故對異動事實未依規
定核備者，宜自本(81)年 7 月 1 日起予以處罰。 條 
70",https://drive.google.com/file/d/1IEo7JO0CoxnfXCeiRm87BLzYfexqwZH7/view?usp=drivesdk,,
interp-0051,護理人員法解釋彙編,第 10 條,,83.6.17,1994-06-17,衛署醫字第83035147號,護理人員歇業、停業、復業或變更執業處所報請核備時，,70,70,83,83,護理人員、執業登記、執業執照、停業、歇業,彙編節錄,108年彙編多數未保留正本、副本或署名欄；本筆已依下一封函或下一條文邊界切分。,"83.6.17.衛署醫字第83035147 號函 
主旨：護理人員歇業、停業、復業或變更執業處所報請核備時，
應依說明段之規定辦理，請 查照。 
說明： 
一、護理人員歇業、停業、復業報請核備時，應依左列規定辦
理： 
(一)歇業者，註銷其執業執照。 
(二)停業者，於其執業執照註明其停業日期後，仍交由其
本人收執；復業時，於其執業執照註明復業日期。 
二、護理人員變更執業處所，其原執業處所，應辦理歇業登記
；新執業處所應依護理人員法第 8 條規定辦理執業登記。 
三、護理人員歇業(離職)，未依規定辦理者，應依違反護理人
員法第 11 條規定處理 ， 並通知辦理註銷登記 ； 如逾通知期
限仍未辦理者，得逕予公告註銷其執業執照。至於違反護
理人員法第 11 條規定，其事實行為，係在 81 年 7 月 1 日
以前發生，依本署 81 年 2 月 8 日衛署保字第 983194 號函
規定，得予免罰。（依據本署於 83 年 4 月 22 日召開之「
護理業務研討會」會議紀錄辦理） 
四、醫事人員系統之歇業註銷日期，應以核准註銷之日為註銷
日期；至於離職日期，應係作為是否有違反護理人員法第
11 條規定事實認定之參考 ， 於處分紀錄之違反事實已有登
載，不須再登記加註離職日期。（依據本署於 83 年 4 月
22 日召開之「護理業務研討會」會議紀錄辦理）",https://drive.google.com/file/d/1IEo7JO0CoxnfXCeiRm87BLzYfexqwZH7/view?usp=drivesdk,,
interp-0052,護理人員法解釋彙編,第 10 條,,83.6.17,1994-06-17,衛署醫字第83035202號,護理人員因故未能執行業務，如留職停薪或服務機關荐派,70,71,83,84,護理人員、停業、歇業,彙編節錄,108年彙編多數未保留正本、副本或署名欄；本筆已依下一封函或下一條文邊界切分。,"83.6.17.衛署醫字第83035202 號函 
主旨：護理人員因故未能執行業務，如留職停薪或服務機關荐派
出國進修等，其期間在 1 個月以上者，應辦理停業；在 1
年以上者，應辦理歇業，請 查照。 
說明：依據本署於83 年 4 月 22 日召開之「護理業務研討會」會
議紀錄辦理。",https://drive.google.com/file/d/1IEo7JO0CoxnfXCeiRm87BLzYfexqwZH7/view?usp=drivesdk,,
interp-0053,護理人員法解釋彙編,第 11 條,,84.8.14,1995-08-14,衛署醫字第84049486號,護理人員與醫療機構發生糾紛，而欲申請執業執照註銷登,71,71,84,84,護理人員、執業登記、執業執照、停業、歇業,彙編節錄,108年彙編多數未保留正本、副本或署名欄；本筆已依下一封函或下一條文邊界切分。,"84.8.14.衛署醫字第84049486 號函 
主旨：護理人員與醫療機構發生糾紛，而欲申請執業執照註銷登
記，當院方不核發離職證明書時，可否准予註銷執業登記
乙案，復請 查照 
說明： 
一、復 貴局 84 年 8 月 2 日(84)北市衛五字第45569 號函。 
二、按護理人員法第 11 條規定，護理人員歇業、停業、復業
或變更執業處所時 ， 應自事實發生之日起10 日內 ， 報請原
發執業執照機關核備 。 助產士法第10 條第 2 項規定 ， 助產
士停業、歇業、復業或移轉時，應於15 日內向原發執業執
照機關報告。 
三、護理人員依前項規定，向原發執業執照機關申請註銷執業
登記時，應檢具何種文件，法無明文，惟地方衛生主管機
關為便於瞭解其歇業、停業或復業等之確實日期，一般均
以其服務單位開具之證明文件為憑；至護產人員與其服務
之醫療機構發生糾紛，而未能取得離職證明書者，其於申
請執業執照註銷登記時，得以其出具之切結書（應敘明離
職日期）辦理執業執照之註銷登記事宜，以兼顧實情並保
障其依法辦理執業異動之權益。",https://drive.google.com/file/d/1IEo7JO0CoxnfXCeiRm87BLzYfexqwZH7/view?usp=drivesdk,,
interp-0054,護理人員法解釋彙編,第 11 條,,90.4.13,2001-04-13,衛署醫字第0900020837號,有關醫事人員執業異動報請核備之期限，如適逢例假日，,71,71,84,84,護理人員,彙編節錄,108年彙編多數未保留正本、副本或署名欄；本筆已依下一封函或下一條文邊界切分。,"90.4.13.衛署醫字第0900020837 號函 
主旨：有關醫事人員執業異動報請核備之期限，如適逢例假日，
是否扣除順延抑或合併計算乙案，請依行政程序法第 48
條規定辦理，請 查照。 
說明：復 貴局 90 年 3 月 29 日 90 衛醫字第08413 號函。",https://drive.google.com/file/d/1IEo7JO0CoxnfXCeiRm87BLzYfexqwZH7/view?usp=drivesdk,,
interp-0055,護理人員法解釋彙編,第 11 條,,90.10.18,2001-10-18,衛署醫字第0900060799號,護理人員邱○○於民國 81 年 5 月 20 日離職，至民國 90,71,72,84,85,護理人員、歇業,彙編節錄,108年彙編多數未保留正本、副本或署名欄；本筆已依下一封函或下一條文邊界切分。,"90.10.18.衛署醫字第0900060799 號函 
主旨：護理人員邱○○於民國 81 年 5 月 20 日離職，至民國 90
年 9 月 11 日始辦理歇業，是否違反護理人員法第 11 條，
依同法第 39 規定處分乙案，復請 查照。 
說明： 條 
72 
一、復 貴局 90 年 9 月 21 日 90 高縣衛醫字第52271 號函。 
二、查本署81 年 2 月 8 日衛署保字第 983194 號函規定對護理
人員「執業異動事實未依規定核備者，宜自 81 年 7 月 1
日起予以處罰」，意指護理人員法公布施行後，未依該法
規定於執業異動事實發生後 10 日內辦理核備，其於 81 年
7 月 1 日前辦理核備者，免予處罰。本案邱員於81 年 5 月
20 日離職，迄 90 年9 月 11 日始辦理歇業，應依護理人員
法第 39 條規定予以處分。 
（註：本函釋當事人之名字以○○表示）",https://drive.google.com/file/d/1IEo7JO0CoxnfXCeiRm87BLzYfexqwZH7/view?usp=drivesdk,,
interp-0056,護理人員法解釋彙編,第 11 條,,90.11.19,2001-11-19,衛署醫字第0900065469號,所詢雲林技術學院於 86 年 8 月 1 日改制為「國立雲林科,72,72,85,85,護理人員、停業、歇業,彙編節錄,108年彙編多數未保留正本、副本或署名欄；本筆已依下一封函或下一條文邊界切分。,"90.11.19.衛署醫字第0900065469 號函 
主旨：所詢雲林技術學院於 86 年 8 月 1 日改制為「國立雲林科
技大學」，該校醫務室護理人員於 90 年 9 月 19 日始向貴
局辦理變更手續乙案，復請 查照。 
說明： 
一、復 貴局 90 年 10 月 15 日 90 雲衛三字第20655 號函。 
二、有關雲林技術學院於 86 年 8 月 1 日改制為「國立雲林科
技大學」乙案，係屬機構名稱之變更，其機構代碼未有變
更，非屬護理人員法第 11 條所定歇業、停業、復業或變更
執業處所情事。",https://drive.google.com/file/d/1IEo7JO0CoxnfXCeiRm87BLzYfexqwZH7/view?usp=drivesdk,,
interp-0057,護理人員法解釋彙編,第 11 條,,95.11.1,2006-11-01,衛署醫字第0950041002號,所詢醫師、醫事檢驗師、醫事放射師等醫事人員辦理歇業,72,73,85,86,護理人員、停業、歇業,彙編節錄,108年彙編多數未保留正本、副本或署名欄；本筆已依下一封函或下一條文邊界切分。,"95.11.1.衛署醫字第0950041002 號函 
主旨：所詢醫師、醫事檢驗師、醫事放射師等醫事人員辦理歇業
或停業時，其所定期限之事實認定，得否扣除星期例假日
及國定假日乙案，復請 查照。 
說明： 
一、復 貴局 95 年 9 月 15 日衛醫字第 0950042119 號函。 
二、按行政程序法第 48 條第 2 項及第 4 項分別規定，「期間
以日、星期、月或年計算者。其始日不計算在內。但法律
規定即日起算者，不在此限。」、「期間之末日為星期日
、國定假日或其他休息日者，以該日之次日為期間之末日 ；期間之末日為星期六者，以其次星期一上午為期間末日
。」。 
三、查醫事人員執業異動報請核備之期限，如適逢例假日，是
否扣除順延抑或合併計算，請依行政程序法第 48 條規定
辦理 ， 前經本署以90 年 4 月 13 日衛署醫字第0900020837
號函釋示在案。爰此，醫事人員執業異動報請核備期限，
其期間之末日為星期日、國定假日或其他休息日者，以該
日之次日為期間之末日；期間之末日為星期六者，以其次
星期一上午為期間末日。 
四、本署 84 年 2 月 27 日衛署醫字第 84004428 號函及 93 年 2
月 9 日衛署醫字第 0930003596 號函，自 95 年 12 月 31 日
起停止適用。",https://drive.google.com/file/d/1IEo7JO0CoxnfXCeiRm87BLzYfexqwZH7/view?usp=drivesdk,,
interp-0058,護理人員法解釋彙編,第 11 條,,101.5.18,2012-05-18,衛署醫字第1010203193號,有關護理人員於產假或育嬰假等留職停薪期間，是否需辦,73,74,86,87,護理人員、執業執照、停業、歇業,彙編節錄,108年彙編多數未保留正本、副本或署名欄；本筆已依下一封函或下一條文邊界切分。,"101.5.18.衛署醫字第1010203193 號函 
主旨：有關護理人員於產假或育嬰假等留職停薪期間，是否需辦 
理停業、歇業一案，復請 查照。 
說明： 
一、復 貴會 101 年 4 月 30 日全聯護會字第101138 號函。 
二、依護理人員第 11 條第 1 項規定：「護理人員停業或歇業
時，應自事實發生之日起三十日內，報請原發執業執照機
關備查。」 違反者，依同法第39 條規定處新台幣三千以上
三萬元以下罰鍰。亦即領有執業執照之護理人員未執行同
法第 24 條規定護理人員之業務持續超過三十日 ， 此時無報
請原發執業執照機關備查者 ， 為違反護理人員法第11 條第
1 項規定。 
三、旨揭護理人員依相關法令請產假或育嬰假，或經服務機構
同意留職停薪，期間既無執行護理業務，應依護理人員法
第 11 條第 1 項規定辦理停業或歇業 。 其停業 、 歇業係衛生
行政之管理要求，並不影響其受雇身分之相關權益。至護
理人員有前開情形是否致勞健保等權益受損時，得逕向勞
工主管機關會商。 條 
74 
（註：本函釋說明三末段所敍「護理人員於產假或育嬰留職停薪之勞
工保險權益」疑義，請參閱行政院勞工委員會 101.6.27.勞保
2 字第 1010068957 號函，其內容如下： 
主旨：有關函詢護理人員於產假或育嬰留職停薪期間之勞工保險權益
疑義一案，復如說明，請 查照。 
說明： 
一、復 貴署101 年 6 月 13 日衛署醫字第1010203202 號函。 
二、查勞工保險為在職保險，並以僱傭關係為前提。依勞工保險條
例第 6 條第1 項第 1 款至第 3 款規定，受僱於僱用勞工5 人以
上之公、民營工廠、公司、行號及公益事業等單位之員工，應
以其雇主為投保單位，參加勞工保險為被保險人。受僱於第 6
條第 1 項各款規定各業以外及僱用未滿5 人之第6 條第 1 項第
1 款至第 3 款規定各業之員工，得依同條例第 8 條第 1 項規定
，自願參加勞工保險。基此，勞工於產假期間，因其僱傭關係
仍存續，有關勞工保險加保事宜應依上開規定辦理。 
三、依性別工作平等法第 16 條第 1 項及第 2 項規定，受僱者任職
滿一年後，於每一子女滿三歲前，得申請育嬰留職停薪，期間
至該子女滿三歲止，但不得逾二年。同時撫育子女二人以上者
，其育嬰留職停薪期間應合併計算，最長以最幼子女受撫育二
年為限。受僱於育嬰留職停薪期間，得繼續參加原有之社會保
險，原由雇主負擔之保險費，免予繳納；原由受僱者負擔之保
險費，得延三年繳納。故勞工保險被保險人依上開規定申請育
嬰留職停薪期間，得依規定繼續參加勞工保險。）",https://drive.google.com/file/d/1IEo7JO0CoxnfXCeiRm87BLzYfexqwZH7/view?usp=drivesdk,,
interp-0059,護理人員法解釋彙編,第 11 條,,101.10.3,2012-10-03,衛署醫字第1010266500號,有關護理人員於產假或育嬰假等留職停薪期間，是否需辦,74,75,87,88,護理人員、執業執照、停業、歇業,彙編節錄,108年彙編多數未保留正本、副本或署名欄；本筆已依下一封函或下一條文邊界切分。,"101.10.3.衛署醫字第1010266500 號函 
主旨：有關護理人員於產假或育嬰假等留職停薪期間，是否需辦
理停業、歇業一案，再予釋示詳如說明段，請 查照。 
說明： 
一、依台灣醫院協會101 年 8 月 15 日院協衛字第10120559 號
函及中華民國區域醫院協會 101 年 8 月 20 日(101)區域醫
協字第 029 號函辦理。 二、依護理人員法第 11 條第 1 項及第 2 項規定：「護理人員
停業或歇業 ， 應自事實發生之日起30 日內 ， 報請原發執業
執照機關備查。前項停業期間，以一年為限；逾一年者，
應辦理歇業。」爰此，領有執業執照之護理人員如有未執
行同法第 24 條所定業務之情事相當時日 ， 且實際不執行業
務在一年以下者 ， 應在符合停業的事實發生之日起30 日內
，辦理停業備查。護理人員於產假或育嬰假等留職停薪期
間，如確無執行護理業務，依前開規定辦理停業或歇業，
應無不可。 
三、綜上，本署101 年 5 月 18 日衛署醫字第 1010203193 號及
同年7 月2 日衛署醫字第1010072518 號函釋所稱護理人員
辦理停業或歇業，係依據其有否執行護理人員業務，而非
以假別為考量。又護理人員請假，係基於個人所需依相關
法令辦理請假以利休養，非屬個人可任意申請，倘若護理
人員請假期間未有停業或辦理停業之意願，尚無違反護理
人員法第11 條第1 項之規定，爰另予補充。",https://drive.google.com/file/d/1IEo7JO0CoxnfXCeiRm87BLzYfexqwZH7/view?usp=drivesdk,,
interp-0060,護理人員法解釋彙編,第 11 條,,102.3.4,2013-03-04,衛署醫字第1020201143號,有關護理人員於育嬰假之留職停薪期間是否須辦理停業、,75,76,88,89,護理人員、執業執照、停業、歇業,彙編節錄,108年彙編多數未保留正本、副本或署名欄；本筆已依下一封函或下一條文邊界切分。,"102.3.4.衛署醫字第1020201143 號函 
主旨：有關護理人員於育嬰假之留職停薪期間是否須辦理停業、
歇業，及其他醫事人員一體適用與否疑義一案，復請 查
照。 
說明： 
一、復 貴局101 年11 月8 日高市衛醫字第10140766300號函。 
二、依目前 14 類醫事人員專門職業法律規定，醫事人員停業
或歇業 ， 應自事實發生之日起30 天內 ， 報請原發執業執照
機關備查；又前項停業期間，以一年為限，逾一年者，應
辦理歇業。查該規範之意旨及精神，除可避免各類醫事機
構實際提供醫事人力計算之誤差外，並藉以提升醫療服務
品質、效率及均衡醫療資源分布，並作為醫事人力及醫療
資源管理之參考。 
三、另查，性別工作平等法第 15 條第 1 項規定：「雇主於女 條 
76 
性受僱者分娩前後，應使其停止工作，給予產假八星期；
妊娠三個月以上流產者，應使其停止工作，給予產假四星
期；……。」同法第16 條第 1 項規定： 「受僱者任職滿一
年後，於每一子女滿三歲前，得申請育嬰留職停薪，期間
至該子女滿三歲止，但不得逾二年。同時撫育子女二人以
上者，其育嬰留職停薪期間應合併計算，最長以最幼子女
受撫育二年為限。」是以，產假係婦女生產或流產後恢復
生理機能所需休養之連續過程，有其必要性，非屬個人可
任意申請，且不可自由選擇時段；而育嬰假係基於子女照
護需要，依個人意願及需要，於每一子女滿三歲前，得申
請育嬰留職停薪，最長可達 2 年，若同時撫育子女二人以
上者，最長可至最幼子女受撫育 2 年為止。 
四、綜上，基於產假係為政府保護婦女生育健康所為強制性規
定及特有權利，護理人員(包括其他女性醫事人員)於產假
休養期間如無執業之事實，且未有停業、歇業之意願下，
得免強制辦理停業及歇業；至於育嬰留職停薪之申請係屬
任意性規範，為社會福利措施，子女滿 3 歲前得依意願申
請，期間則依個案需求及子女數而異，最長可至最幼子女
受撫育 2 年為止。是以，基於醫療人力管理、醫療品質之
維護及民眾就醫安全，請育嬰假人員仍應依各該醫事人員
專門職業法律有關執業規範辦理 。 本署101 年 10 月 3 日衛
署醫字第 1010266500 號說明段意旨未明處 ， 再予補充說明
。",https://drive.google.com/file/d/1IEo7JO0CoxnfXCeiRm87BLzYfexqwZH7/view?usp=drivesdk,,
interp-0061,護理人員法解釋彙編,第 16 條,,102.8.23,2013-08-23,衛署醫字第1021580318號,新北市政府衛生局函詢老人福利機構變更負責人涉及開業,76,77,89,90,護理人員、執業登記、執業執照、負責人、開業、歇業,彙編節錄,108年彙編多數未保留正本、副本或署名欄；本筆已依下一封函或下一條文邊界切分。,"102.8.23.衛署醫字第1021580318 號函 
主旨：新北市政府衛生局函詢老人福利機構變更負責人涉及開業
、歇業程序，所屬護理人員執業是否併同歇業變更事實發
生日起 30 日內一併完成執業登記疑義乙案，復請 查照
。 
說明： 
一、復 貴署102年8 月12 日社家老字第1020000599號書函。 二、查護理人員法第8 條第 1 項規定：「護理人員應向所在地
直轄市、縣(市)主管機關申請執業登記，領有執業執照，
始得執業。」 次按第11 條第 1 項規定，護理人員歇業、停
業 、 復業或變更執業處所時 ， 應自事實發生之日起30 日內
，報請原發執業執照機關核備，違反前述規定者，則依同
法第 39 條規定論處。 
三、旨案醫事管理系統之機構代碼變更及該機構所屬護理人員
執登變更，應以社政單位許可設立公函核准之日期為準，
另護理人員辦理執業登錄變更程序，自應按上開規定辦理
。",https://drive.google.com/file/d/1IEo7JO0CoxnfXCeiRm87BLzYfexqwZH7/view?usp=drivesdk,,
interp-0062,護理人員法解釋彙編,第 11 條,,102.11.26,2013-11-26,衛部照字第1021581113號,有關 貴會所詢護理人員依性別工作平等法申請 2 年育嬰,77,78,90,91,護理人員、停業、歇業,彙編節錄,108年彙編多數未保留正本、副本或署名欄；本筆已依下一封函或下一條文邊界切分。,"102.11.26 衛部照字第1021581113 號函 
主旨：有關 貴會所詢護理人員依性別工作平等法申請 2 年育嬰
留職停薪，是否屬護理人員法第 11 條所定之停業或歇業
疑義乙案，復如說明，請查照。 
說明： 
一、復 貴會 102 年 11 月 6 日勞動 3 字第 1020083413 號函。 
二、依目前 14 類醫事人員專門職業法律規定，醫事人員停業
或歇業，應自事實發生之日起 30 天內，報請原發執業執
照機關備查；又前項停業期間，以 1 年為限，逾 1 年者，
應辦理歇業。查該規範之意旨及精神，除可避免各類醫事
機構實際提供醫事人力計算之誤差外，並藉以提升醫療服
務品質、效率及均衡醫療資源分布，並作為醫事人力及醫
療資源管理之參考。 
三、次查，性別工作平等法第 16 條第 1 項規定：「受僱者任
職滿一年後，於每一子女滿三歲前，得申請育嬰留職停薪
，期間至該子女滿三歲止，但不得逾二年。同時撫育子女
二人以上者，其育嬰留職停薪期間應合併計算，最長以最
幼子女受撫育二年為限。」。 
四、是以，育嬰假係基於子女照護需要及個人意願，係屬任意
性規範，為社會福利措施，子女滿 3 歲前得依意願申請， 條 
78 
期間則依個案需求及子女數而異，最長可至最幼子女受撫
育 2 年為止。是以，基於醫療人力管理、醫療品質之維護
及民眾就醫安全，請育嬰假人員仍應依各該醫事人員專門
職業法律有關規範辦理。前經行政院衛生署 102 年 3 月 4
日衛署醫字第 1020201143 號函釋在案。 
五、綜上，故護理人員法第 11 條並未規範護理人員育嬰留職
停薪僅得申請 1 年，其育嬰留職停薪期間，因辦理停業或
歇業不認列為工作年資，然並無年資全部歸零之情事，另
其後如依護理人員法第 11 條辦理復業後，其原工作年資
仍得以累計之。",https://drive.google.com/file/d/1IEo7JO0CoxnfXCeiRm87BLzYfexqwZH7/view?usp=drivesdk,,
interp-0063,護理人員法解釋彙編,第 11 條,,103.12.22,2014-12-22,衛部照字第1030136413號,有關貴局函詢護理人員自行歇業，經通知仍未至原發執業,78,79,91,92,護理人員、執業執照、停業、歇業,彙編節錄,108年彙編多數未保留正本、副本或署名欄；本筆已依下一封函或下一條文邊界切分。,"103.12.22 衛部照字第1030136413 號函 
主旨：有關貴局函詢護理人員自行歇業，經通知仍未至原發執業
執照機關辦理歇業一案，復如說明段，請查照。 
說明： 
一、復 貴局 103 年 12 月 4 日彰衛醫字第 1030038673 號函。 
二、按護理人員法第 11 條第 1 項規定：「護理人員停業或歇
業時，應自事實發生之日起三十日內，報請原發執業執照
機關備查。」，同條第 2 項規定：「前項停業之期間，以
一年為限；逾一年者，應辦理歇業」。同法第 39 條規定
： 「違反第十一條第一項規定者，處新台幣3000 元以上 3
萬元以下罰鍰。」，合予敍明。 
三、本案護理人員如未依規定辦理歇業，按行政程序法(36 條
及 39 條)規定，貴局應本於機關權責調查事實及證據，必
要時得以書面通知其陳述意見，如經調查確實違法 (當事
人仍未依規定辦理歇業程序)，得依護理人員法第39 條裁
處。另依行政程序法123 條規定略以：「授予利益之合法
行政處分，有下列各款情形之一者，得由原處分機關依職
權為全部或一部之廢止：一、法規准許廢止者……。」，
按此，考量執業登錄規定之立法意旨及現況，建請貴局參
酌前揭規定並本權責及事實辦理。",https://drive.google.com/file/d/1IEo7JO0CoxnfXCeiRm87BLzYfexqwZH7/view?usp=drivesdk,,
interp-0064,護理人員法解釋彙編,第 11 條,,104.1.12,2015-01-12,衛部照字第1030139595號,有關貴局再次請本部函釋示未依規定辦理歇業，依行政程,79,79,92,92,護理人員、歇業,彙編節錄,108年彙編多數未保留正本、副本或署名欄；本筆已依下一封函或下一條文邊界切分。,"104.1.12 衛部照字第1030139595 號函 
主旨：有關貴局再次請本部函釋示未依規定辦理歇業，依行政程
序法第 123 條規定，法規准許廢止者得由原處分機關依職
權為全部或一部之廢止，法規為何疑義案，復如說明段，
請查照。 
說明： 
一、復 貴局 103 年 12 月 30 日彰衛醫字第 1030041148 號函。 
二、按本部前函釋示重點如下：考量執業登錄規定之立法意旨
及現況，建請貴局依護理人員法第11 條及 39 條規定辦理
，並參酌行政程序法36 條及 39 條規定辦理，依調查所得
事實及證據，適用同法第123 條第4 款規定本於權責處理
。",https://drive.google.com/file/d/1IEo7JO0CoxnfXCeiRm87BLzYfexqwZH7/view?usp=drivesdk,,
interp-0065,護理人員法解釋彙編,第 11 條,,104.4.28,2015-04-28,衛部照字第1040111415號,有關貴局函詢護理人員未於歇業事實發生之日起 30 日內,79,80,92,93,護理人員、執業執照、停業、歇業,彙編節錄,108年彙編多數未保留正本、副本或署名欄；本筆已依下一封函或下一條文邊界切分。,"104.4.28 衛部照字第1040111415 號函 
主旨：有關貴局函詢護理人員未於歇業事實發生之日起 30 日內
，依規定向原發執業執照機關辦理報備，裁處時效疑義， 
復如說明，請查照。 
說明： 
一、復 貴局 104 年4 月22 日桃衛醫護字第1040028658號函。 
二、依護理人員法第 11 規定：「護理人員停業或歇業時，應
自事實發生之日起三十日內，報請原發執業執照機關備查
。前項停業之期間，以一年為限;逾一年者，應辦理歇業
。護理人員變更執業處所或復業者，準用關於執業之規定 
。護理人員死亡者，由原發執業執照機關註銷其執業執照
。」同法第 39 條規定：「違反第十一條第一項規定者，
處新台幣 3000 元以上 3 萬元以下罰鍰。」，合予敍明。 
三、另依行政罰法第 27 條規定略以：「行政罰之裁處權，因
三年期間之經過消滅。前項期間，自違反行政法義務之行
為終了時起算。…。」。 
四、據貴局函述該護理人員於 97 年 10 月 16 日自服務機構離
職，遲至104 年 4 月 9 日始向貴局辦理歇業手續。雖該護 條 
80 
理人員未自離職日之事實發生之日起 30 天內(至 97 年 11
月 14 日止)向原發執業執照機關備查與辦理停歇業手續，
但該行政罰法之裁處期間應於其離職事實發生日 (行為終
了時)起滿三十天後之翌日起三年內(即 97 年 11 月 15 日
起至 100 年 11 月 15 日止)，非以辦理歇業手續日期起算
。 
五、綜上所述，請貴局依相關規定與個案事實之認定辦理。",https://drive.google.com/file/d/1IEo7JO0CoxnfXCeiRm87BLzYfexqwZH7/view?usp=drivesdk,,
interp-0066,護理人員法解釋彙編,第 11 條,,83.6.17,1994-06-17,衛署醫字第83035204號,居家護理機構，其服務區域跨直轄市或縣(市)行政區域者,80,80,93,93,護理人員、護理機構、居家護理,彙編節錄,108年彙編多數未保留正本、副本或署名欄；本筆已依下一封函或下一條文邊界切分。,"83.6.17.衛署醫字第83035204 號函 
主旨：居家護理機構，其服務區域跨直轄市或縣(市)行政區域者
， 應依護理人員法第12 條規定申請報准 ， 並應每年定期辦
理 1 次報准，請 查照。 
說明：依據本署於83 年 4 月 22 日召開之「護理業務研討會」會
議紀錄辦理。",https://drive.google.com/file/d/1IEo7JO0CoxnfXCeiRm87BLzYfexqwZH7/view?usp=drivesdk,,
interp-0067,護理人員法解釋彙編,第 11 條,,83.8.24,1994-08-24,衛署醫字第83050863號,所詢醫療機構、護理機構跨縣市辦理居家護理服務，依規,80,81,93,94,護理人員、護理機構、居家護理、執業執照、開業,彙編節錄,108年彙編多數未保留正本、副本或署名欄；本筆已依下一封函或下一條文邊界切分。,"83.8.24.衛署醫字第83050863 號函 
主旨：所詢醫療機構、護理機構跨縣市辦理居家護理服務，依規
定申請報准之程序要件乙案，復請 查照。 
說明： 
一、復 貴處 83 年 8 月 9 日 83 五字第059963 號函。 
二、居家護理機構或醫療機構所設居家護理服務部門，其服務
區域跨直轄市或縣(市)行政區域者，依護理人員法第 12
條規定申請報准，應檢具左列文件： 
(1)開業執照影本。 
(2)依護理機構設置標準第 9 條所定之設立計畫書。 
(3)其執業之護理人員證書與執業執照影本。 三、其護理人員執業異動或每年逐期辦理1 次之報准時，應檢
具前項第 3 款之文件。",https://drive.google.com/file/d/1IEo7JO0CoxnfXCeiRm87BLzYfexqwZH7/view?usp=drivesdk,,
interp-0068,護理人員法解釋彙編,第 12 條,,84.10.13,1995-10-13,衛署醫字第84060356號,各鄉鎮市立托兒所護士，是否為中央主管機關認可之機構,81,81,94,94,護理人員、護士、護理機構、執業執照,彙編節錄,108年彙編多數未保留正本、副本或署名欄；本筆已依下一封函或下一條文邊界切分。,"84.10.13.衛署醫字第84060356 號函 
主旨：各鄉鎮市立托兒所護士，是否為中央主管機關認可之機構
，並准予發給執業執照乙案，復請 查照。 
說明： 
一、復 貴局 84 年 9 月 20 日 84 桃衛五字第2554 號函。 
二、按護理人員法第 12 條規定，護理人員執業，應在所在地
主管機關核准登記之醫療機構、護理機構或其他經中央主
管機關認可之機構為之。本案鄉鎮市立托兒所護士，其工
作包括幼兒衛生保健、疾病管理及救護、傳染病防治、預
防接種及衛生教育等，均屬護理業務範疇，得視同在中央
主管機關認可之機構執業。",https://drive.google.com/file/d/1IEo7JO0CoxnfXCeiRm87BLzYfexqwZH7/view?usp=drivesdk,,
interp-0069,護理人員法解釋彙編,第 12 條,,86.9.1,1997-09-01,衛署醫字第86045926號,護理人員法第 12 條所稱「其他經中央主管機關認可之機,81,81,94,94,護理人員、護士、執業登記,彙編節錄,108年彙編多數未保留正本、副本或署名欄；本筆已依下一封函或下一條文邊界切分。,"86.9.1.衛署醫字第86045926 號函 
主旨：護理人員法第 12 條所稱「其他經中央主管機關認可之機
構」所指為何乙案，復請 查照。 
說明： 
一、復 貴處 86 年 7 月 30 日衛五字第 860046157 號函。 
二、依台東縣衛生局86 年 7 月 22 日 86 衛五字第 86006434 號
函說明，張○○○小姐為交通部觀光局東部海岸國家風景
區管理處業務員，擔任杉原海水浴場護理工作，申請辦理
護士執業登記 ， 應可准予登記 。 至護理人員法第12 條所稱
「其他經中央主管機關認可之機構」所指為何乙節，應視
個案事實分別加以認定。 
（註：本函釋當事人之名字以○○○表示）",https://drive.google.com/file/d/1IEo7JO0CoxnfXCeiRm87BLzYfexqwZH7/view?usp=drivesdk,,
interp-0070,護理人員法解釋彙編,第 12 條,,87.6.22,1998-06-22,衛署醫字第87040675號,護理人員支援其他醫療機構或護理機構，應依說明段辦理,81,82,94,95,護理人員、護理機構、執業登記,彙編節錄,108年彙編多數未保留正本、副本或署名欄；本筆已依下一封函或下一條文邊界切分。,"87.6.22.衛署醫字第87040675 號函 
主旨：護理人員支援其他醫療機構或護理機構，應依說明段辦理
，請 查照。 條 
82 
說明： 
一、依據 87 年護理行政業務研討會決議辦理。 
二、護理人員支援其他醫療機構或護理機構，應事先報准，如
越區前往支援者，應報經所在地直轄市或縣(市)衛生主管
機關核准，並副知執行地直轄市或縣(市)衛生主管機關。
前往其他醫療機構或護理機構受訓者，其受訓期間在 1 年
內，得以報准方式辦理，免辦理執業登記異動。",https://drive.google.com/file/d/1IEo7JO0CoxnfXCeiRm87BLzYfexqwZH7/view?usp=drivesdk,,
interp-0071,護理人員法解釋彙編,第 12 條,,89.11.8,2000-11-08,衛署醫字第0890017628號,有關已立案居家護理所之醫護人員，未經報備核准而至立,82,82,95,95,護理人員、護理機構、居家護理,彙編節錄,108年彙編多數未保留正本、副本或署名欄；本筆已依下一封函或下一條文邊界切分。,"89.11.8.衛署醫字第0890017628 號函 
主旨：有關已立案居家護理所之醫護人員，未經報備核准而至立
案或未立案之長期照護機構執行業務，是否違反相關法規
；又插鼻胃管、導尿管係屬醫療行為或護理行為乙案，復
請 查照。 
說明： 
一、復 貴局 89 年 9 月 25 日彰衛五字第 26227 號函。 
二、按護理人員法第 12 條規定：護理人員執業，應在所在地
主管機關核准登記之醫療機構、護理機構或其他經中央主
管機關認可之機構為之。但急救、執業機構間之支援或經
事先報准者，不在此限。已立案居家護理所之護理人員，
未經事先報准，即至立案或未立案之長期照護機構執行業
務，核屬違反上開規定。 
三、鼻胃管、導尿管之裝置，係屬醫療業務，得由護理人員依
醫師指示為之。",https://drive.google.com/file/d/1IEo7JO0CoxnfXCeiRm87BLzYfexqwZH7/view?usp=drivesdk,,
interp-0072,護理人員法解釋彙編,第 12 條,,90.6.6,2001-06-06,衛署醫字第0900028344號,所詢護理人員法第 12 條規定疑義乙案，復請 查照。,82,83,95,96,護理人員、護理機構,彙編節錄,108年彙編多數未保留正本、副本或署名欄；本筆已依下一封函或下一條文邊界切分。,"90.6.6.衛署醫字第0900028344 號函 
主旨：所詢護理人員法第 12 條規定疑義乙案，復請 查照。 
說明： 
一、復 貴局 90 年 5 月 7 日北市五字第9021867400 號函。 
二、護理人員法第 12 條規定「護理人員執業，應在所在地主
管機關核准登記之醫療機構、護理機構或其他經中央主管
機關認可之機構為之。但急救、執業機構間之支援或經事 先報准者，不在此限」，揆其立法意旨，所稱「執業機構
間之支援」，係指未固定排班執行護理業務者，例如遇有
大量傷病患，需臨時增加護理人力處理之情形，至於護理
人員定期至其他機構支援，應屬需經事先報准事項。 
三、衛生主管機關於受理申請護理人員至他機構執行業務時，
應權衡是否影響申請機構之人力配置、業務執行，支援者
每週全部工作時數之適當性及支援期間是否過長等因素，
再予核准。",https://drive.google.com/file/d/1IEo7JO0CoxnfXCeiRm87BLzYfexqwZH7/view?usp=drivesdk,,
interp-0073,護理人員法解釋彙編,第 12 條,,91.4.12,2002-04-12,衛署醫字第0910019005號,有關居家護理機構逐年跨行政區域提供服務乙案， 復請,83,83,96,96,護理人員、護理機構、居家護理、執業執照,彙編節錄,108年彙編多數未保留正本、副本或署名欄；本筆已依下一封函或下一條文邊界切分。,"91.4.12.衛署醫字第0910019005 號函 
主旨：有關居家護理機構逐年跨行政區域提供服務乙案， 復請 
查照。 
說明： 
一、復 貴局 91 年 2 月 27 日北衛保字第0910005845 號函。 
二、查居家護理機構，其服務區域跨直轄市或縣(市)行政區域
者 ， 應依護理人員法第 12 條規定向擬服務區域之衛生主管
機關申請報准，並應每年定期辦理 1 次報備；跨縣市辦理
居家護理服務，依規定申請報准，應檢具之文件包括：開
業執照影本、依護理機構設置標準第 9 條規定所定之設立
計畫書及其執業之護理人員證書與執業執照影本。前經本
署分別以 83 年 6 月 17 日衛署醫第 83035204 號函及 83 年
8 月 24 日衛署醫字第 83050863 號函釋在案。居家護理機
構應檢附前開之文件，報請其擬服務區域之衛生主管機關
核准。 
（註：本函釋說明二所敍本署 83.6.17.衛署醫字第 83035204 號函及",https://drive.google.com/file/d/1IEo7JO0CoxnfXCeiRm87BLzYfexqwZH7/view?usp=drivesdk,,
interp-0074,護理人員法解釋彙編,第 12 條,,83.8.24,1994-08-24,衛署醫字第83050863號,83.8.24.衛署醫字第83050863 號函釋，請參閱P.80）,83,83,96,96,護理人員,參照摘要,彙編中此筆為短摘要或參照其他頁碼，非完整公文全文。,83.8.24.衛署醫字第83050863 號函釋，請參閱P.80）,https://drive.google.com/file/d/1IEo7JO0CoxnfXCeiRm87BLzYfexqwZH7/view?usp=drivesdk,,
interp-0075,護理人員法解釋彙編,第 12 條,,93.4.1,2004-04-01,衛署醫字第0930200468號,所詢護理人員未依規定辦理執業登記，接受服務單位（醫,83,84,96,97,護理人員、執業登記、執業執照、停業,彙編節錄,108年彙編多數未保留正本、副本或署名欄；本筆已依下一封函或下一條文邊界切分。,"93.4.1.衛署醫字第 0930200468 號書函 
主旨：所詢護理人員未依規定辦理執業登記，接受服務單位（醫
療機構）之服務派遣單，未經報備核准即自行跨縣市到民
宅從事抽血執行醫療業務行為，其違反護理人員法之相關 條 
84 
規定該如何論處乙案，請 查照。 
說明： 
一、復 貴局93 年2 月25 日北市衛五字第09331164600號函。 
二、查依本署 88 年7 月29 日衛署醫字第 88045247 號函規定略
以：「按醫療機構之業務違反醫療法之相關規定，其處罰
以發照地之衛生主管機關為權責單位；至其醫事人員之行
為違反醫事人員管理法規相關規定，其處罰以行為地之衛
生主管機關為權責單位。故本案如僅罰鍰處分應由行為地
執行，若涉及停業或撤銷執業執照則由發照地執行。」。 
三、本案護理人員其未經報准跨至貴轄違法執行業務，依前開
規定 ， 應由貴局依違反護理人員法第12 條規定論處 ， 至其
並涉違反同法第 8 條規定未辦理執業登記部分，應移由其
所在地主管機關依法查處。",https://drive.google.com/file/d/1IEo7JO0CoxnfXCeiRm87BLzYfexqwZH7/view?usp=drivesdk,,
interp-0076,護理人員法解釋彙編,第 12 條,,93.10.5,2004-10-05,衛署醫字第0930040594號,所詢服務於衛生所僅具助產人員資格者，是否得支援學校,84,84,97,97,護理人員,彙編節錄,108年彙編多數未保留正本、副本或署名欄；本筆已依下一封函或下一條文邊界切分。,"93.10.5.衛署醫字第 0930040594 號書函 
主旨：所詢服務於衛生所僅具助產人員資格者，是否得支援學校
護理工作乙案，復請 查照。 
說明： 
一、復 貴局 93 年 9 月 16 日衛署醫字第 0930025238 號函。 
二、查助產人員法第 25 條規定，助產人員業務如下：(一)接
生。(二)產前檢查及保健指導。(三)產後檢查及保健指導
。(四)嬰兒保健指導。(五)生育指導。(六)其他經中央主
管機關認定之項目。至學校護理人員其工作包括衛生保健
、疾病管理及救護、傳染病防治、預防接種及衛生教育等
，係屬護理人員業務範疇，核與助產人員業務不同。按各
該醫事人員應依其專門職業法律規定執行業務，爰此，僅
具助產人員資格者執行學校護理工作，核已逾越執業規定
範疇。",https://drive.google.com/file/d/1IEo7JO0CoxnfXCeiRm87BLzYfexqwZH7/view?usp=drivesdk,,
interp-0077,護理人員法解釋彙編,第 12 條,,94.7.6,2005-07-06,衛署醫字第0940025548號,所詢醫療機構（衛生所）開業執照是否得於診療科別項下 加註業務項目：「居家護理」，及該居家護理機構以衛生,84,85,97,98,護理人員、護理機構、居家護理、負責人、開業,參照摘要,彙編中此筆為短摘要或參照其他頁碼，非完整公文全文。,"94.7.6.衛署醫字第 0940025548 號書函 
主旨：所詢醫療機構（衛生所）開業執照是否得於診療科別項下 加註業務項目：「居家護理」，及該居家護理機構以衛生
所護理人員 1 名為負責人，則該員執行衛生所之護理業務
時是否亦應事先報准？又該衛生所醫師及其他醫事人員
支援附設居家護理所之業務，是否亦須事先報備一案，復
請 查照。 
說明： 
一、復 貴局 94 年 6 月 15 日嘉衛醫字第0940011168 號函。 
二、按衛生所提供醫療服務者，參照醫療法施行細則第 10 條
第 2 款第 11 目規定 ， 性質應屬診所 ， 其附設居家護理所者
， 依本署於90 年 5 月 10 日衛署醫字第 0900031774 號函示
以，醫療機構依護理機構設置標準規定附設護理機構，應
另發給開業執照，至原於醫療機構開業執照加註附設護理
機構者，應於異動時，重新核發開業執照。是以，有關醫
療機構附設護理機構開業執照之核發，請依前開函示辦理
。 
三、另按護理人員法第 13 條規定，護理人員執業，其登記執
業之處所以一處為限。爰此，執業登錄於該附設居家護理
所之護理人員，若至醫療機構（衛生所）執行護理業務，
仍應依護理人員法第 12 條規定辦理。 
四、至該醫療機構（衛生所）醫師及其他相關醫事人員支援附
設居家護理所之業務，仍請依各該專業法規之規定，經事
先報准，始得為之。 
（註：1.本函釋說明二所敍本署 90.5.10.衛署醫字第 0900031774 號
函釋，請參閱P.162） 
2.說明四所敍醫療機構（衛生所）醫師及其他醫事人員支援附
設居家護理所之業務 ， 其報備支援疑義 ， 業經100.9.20 衛署
醫字第 1000264653 號函補充解釋，請參閱P.94）",https://drive.google.com/file/d/1IEo7JO0CoxnfXCeiRm87BLzYfexqwZH7/view?usp=drivesdk,,
interp-0078,護理人員法解釋彙編,第 12 條,,94.7.12,2005-07-12,衛署醫字第0940027094號,所詢護理人員法第12 條規定，居家護理機構跨行政區域提,85,86,98,99,護理人員、護理機構、居家護理、執業執照、開業,彙編節錄,108年彙編多數未保留正本、副本或署名欄；本筆已依下一封函或下一條文邊界切分。,"94.7.12.衛署醫字第 0940027094 號書函 
主旨：所詢護理人員法第12 條規定，居家護理機構跨行政區域提
供服務，應事先向擬服務區域之衛生主管機關申請報准， 條 
86 
有關該轄衛生主管機關准予核備之依據疑義一案，復請 
查照。 
說明： 
一、復 貴局94 年6 月29 日南市衛保字第094013833號函。 
二、按居家護理機構服務區域跨直轄市或縣(市)行政區域者，
應依護理人員法第 12 條規定經事先報准 ， 為護理機構設置
標準第 9 條第 2 項所規定。至該居家護理機構應檢具開業
執照影本、依護理機構設置標準第 9 條規定所定之設立計
畫書及其執業之護理人員證書與執業執照影本，向擬服務
區域之衛生主管機關申請報准，並應每年定期辦理一次報
備，前業經本署 91 年 4 月 12 日衛署醫字第 0910019005
號函釋在案。 
三、至衛生主管機關於受理擬至所轄區域提供護理服務之居家
護理機構申請報准時，應權衡該居家護理機構提供之業務
特性及便利性、服務品質、病人轉介流程適當性、地方之
需要性及服務對象之權益等因素，再予核准。",https://drive.google.com/file/d/1IEo7JO0CoxnfXCeiRm87BLzYfexqwZH7/view?usp=drivesdk,,
interp-0079,護理人員法解釋彙編,第 12 條,,94.10.28,2005-10-28,衛署醫字第0940209826號,所詢具護士及助產士雙重醫事人員資格者，擇助產士資格,86,87,99,100,護理人員、護士、醫療輔助、執業登記、執業執照,彙編節錄,108年彙編多數未保留正本、副本或署名欄；本筆已依下一封函或下一條文邊界切分。,"94.10.28.衛署醫字第 0940209826 號書函 
主旨：所詢具護士及助產士雙重醫事人員資格者，擇助產士資格
執業登錄於助產所，其可否至養護中心支援醫療業務乙案
，復請 查照。 
說明： 
一、復 貴局 94 年 8 月 24 日北衛醫字第0940052862 號函。 
二、查助產人員法第25 條規定，助產人員業務如下：(1)接生
。(2)產前檢查及保健指導。(3)產後檢查及保健指導。(4)
嬰兒保健指導。(5)生育指導。(6)其他經中央主管機關認
定之項目；至養護中心支援醫療業務，執行醫療輔助行為
、健康問題之護理評估、預防保健之護理措施及護理指導
及諮詢等，係屬護理人員業務範疇，核與助產人員業務不
同。且助產人員之執業，依同法12 條第 1 項規定，以一處
為限，並應在所在地主管機關核准登記之助產機構或醫療 機構為之。 
三、按醫事人員執行各該專門職業法律所規定之專業業務工作
，均應依規定辦理執業登記，領有執業執照，始得為之。
本案該員具護理人員及助產人員雙重資格，並擇助產人員
資格於助產所辦理執業登記，安養中心非前開助產人員法
所定之醫療機構或助產機構，故尚不得以護理人員資格至
養護中心執行護理業務。",https://drive.google.com/file/d/1IEo7JO0CoxnfXCeiRm87BLzYfexqwZH7/view?usp=drivesdk,,
interp-0080,護理人員法解釋彙編,第 12 條,,95.1.4,2006-01-04,衛署醫字第0950200710號,有關非獨立型態之居家護理機構之護理人員，支援原附設,87,87,100,100,護理人員、護理機構、居家護理,參照摘要,彙編中此筆為短摘要或參照其他頁碼，非完整公文全文。,"95.1.4.衛署醫字第0950200710 號書函 
主旨：有關非獨立型態之居家護理機構之護理人員，支援原附設
醫療機構或原附設護理機構業務時 ， 免依護理人員法第12
條規定辦理支援報備，請 查照。 
說明： 
一、依據 94 年醫療行政及醫療法規研討會決議辦理。 
二、檢送各縣市衛生局針對所轄非獨立型態之居家護理所支援
報備情形之調查結果彙整資料一份。(見附件) 
（註：本函釋主旨段所敍免依護理人員法第 12 條規定辦理支援報備， 
其適用之範圍，以「遇有大量傷病或緊急情況下，必須臨時增 
加護理人力協助處理之情況」為限，業經100.9.20.衛署醫字 
第 1000264653 號函補充解釋，請參閱P.94）",https://drive.google.com/file/d/1IEo7JO0CoxnfXCeiRm87BLzYfexqwZH7/view?usp=drivesdk,,
interp-0081,護理人員法解釋彙編,第 12 條,,95.5.15,2006-05-15,衛署醫字第0950018483號,所詢教學醫院代訓其他醫療院所護理人員之相關疑義一案,87,88,100,101,護理人員、醫療輔助、執業登記,參照摘要,彙編中此筆為短摘要或參照其他頁碼，非完整公文全文。,"95.5.15.衛署醫字第 0950018483 號書函 
主旨：所詢教學醫院代訓其他醫療院所護理人員之相關疑義一案
，復請 查照。 
說明： 
一、復 貴院95 年5 月3 日校附醫秘字第0950001618號函。 
二、有關支援報備一節，查「護理人員支援其他醫療機構或護
理機構，應事先報准，如越區前往支援者，應報經所在地
直轄市或縣（市）衛生主管機關核准，並副知執行地直轄
市或縣（市）衛生主管機關。前往其他醫療機構或護理機
構受訓者，其受訓期間在一年內，得以報准方式辦理，免 條 
88 
辦理執業登記異動。」，前經本署 87 年 6 月 22 日衛署醫
字第 87040675 號函釋在案，請依前述規定辦理。 
三、護理人員於接受訓練期間，應遵守訓練機構內部管理相關
規範，並依護理人員法之相關規定執行護理業務。按護理
人員依醫囑執行醫療輔助行為時，如確已善盡護理人員之
注意義務，依醫療專業注意事項執行護理業務，應無業務
過失責任問題；至執行該行為所依據之指示如有不當，應
由指示醫師負醫療責任。 
（註：本函釋說明二所敍本署 87.6.22.衛署醫字第 87040675 號函，
請參閱 P.81）",https://drive.google.com/file/d/1IEo7JO0CoxnfXCeiRm87BLzYfexqwZH7/view?usp=drivesdk,,
interp-0082,護理人員法解釋彙編,第 12 條,,95.8.8,2006-08-08,衛署醫字第0950033582號,所詢校護短時間請假，若請合格惟非現職之護理人員代理,88,89,101,102,護理人員、護理機構、執業登記、執業執照,彙編節錄,108年彙編多數未保留正本、副本或署名欄；本筆已依下一封函或下一條文邊界切分。,"95.8.8.衛署醫字第0950033582 號函 
主旨：所詢校護短時間請假，若請合格惟非現職之護理人員代理
業務，是否得免辦理執業登記即可為之及免辦執業登記代
理之時限等疑義一案，復請 查照。 
說明： 
一、復 貴局 95 年 8 月 2 日桃衛醫字第 0950006460 號函。 
二、查護理人員法第 8 條規定：「護理人員執業，應向所在地
直轄市或縣(市)主管機關送驗護理人員證書，申請登記，
發給執業執照。」即護理人員執業依法應以領有執業執照
後，始得為之；護理人員未依法辦理執業登記，即擅自執
業，係屬違法執業，應依護理人員法第33 條規定論處，先
予敘明。 
三、另查同法第 12 條規定：「護理人員執業，應在所在地主
管機關核准登記之醫療機構、護理機構或其他經中央主管
機關認可之機構為之。但急救、執業機構間之支援或經事
先報准者，不在此限。」是以，有關校護編制或實際運作
僅有一名之學校，當該校護短時間請假時，可商請鄰近機
構之護理人員 ， 依護理人員法第12 條之規定前往支援學校
護理工作。",https://drive.google.com/file/d/1IEo7JO0CoxnfXCeiRm87BLzYfexqwZH7/view?usp=drivesdk,,
interp-0083,護理人員法解釋彙編,第 12 條,,95.9.13,2006-09-13,衛署醫字第0950039910號,所詢任職衛生局護理人員出勤支援救護工作者是否需辦理,89,89,102,102,護理人員、執業登記、執業執照,彙編節錄,108年彙編多數未保留正本、副本或署名欄；本筆已依下一封函或下一條文邊界切分。,"95.9.13.衛署醫字第 0950039910 號書函 
主旨：所詢任職衛生局護理人員出勤支援救護工作者是否需辦理
執業登記一案，復請 查照。 
說明： 
一、復 貴局 95 年 9 月 8 日衛醫字第 0950007609 號函。 
二、查護理人員法第 8 條規定：「護理人員執業，應向所在地
直轄市或縣(市)主管機關送驗護理人員證書，申請登記，
發給執業執照。」即護理人員執業依法應以領有執業執照
後，始得為之；護理人員未依法辦理執業登記，即擅自執
業，係屬違法執業，應依護理人員法第 33 條規定論處。 
三、爰此，貴局護理人員出勤支援救護工作，涉及執行護理業
務 ， 除有護理人員法第12 條但書所定情事外 ，應依法辦理
執業登記。",https://drive.google.com/file/d/1IEo7JO0CoxnfXCeiRm87BLzYfexqwZH7/view?usp=drivesdk,,
interp-0084,護理人員法解釋彙編,第 12 條,,95.9.28,2006-09-28,衛署醫字第0950041791號,所詢執業登錄於醫院之護理人員因病患行動不便，可否依,89,90,102,103,護理人員、護理機構,彙編節錄,108年彙編多數未保留正本、副本或署名欄；本筆已依下一封函或下一條文邊界切分。,"95.9.28.衛署醫字第0950041791 號函 
主旨：所詢執業登錄於醫院之護理人員因病患行動不便，可否依
原診治醫院醫師開立之醫囑單至病患家中替病患施打抗
生素一案，復請 查照。 
說明： 
一、復 貴局95 年9 月20 日新縣衛醫字第0950019670號函。 
二、按護理人員法第 12 條規定：「護理人員執業，應在所在
地主管機關核准登記之醫療機構、護理機構或其他經中央
主管機關認可之機構為之。但急救、執業機構間之支援或
經事先報准者，不在此限。」爰此，本案請依前開規定辦
理。 
三、又查本案醫師開立每日肌肉注射抗生素（streptomycin）
3-6 個月之長期處方，交由護理人員執行該業務時，護理
人員應確依藥物注射注意事項執行並善盡護理人員必要之
注意，應無業務過失責任問題，至其醫療責任仍應由指示
醫師負責。 條 
90",https://drive.google.com/file/d/1IEo7JO0CoxnfXCeiRm87BLzYfexqwZH7/view?usp=drivesdk,,
interp-0085,護理人員法解釋彙編,第 12 條,,96.2.7,2007-02-07,衛署醫字第0960004894號,所詢護理人員法第 12 條所稱「其他經中央主管機關認可,90,90,103,103,護理人員、護理機構,彙編節錄,108年彙編多數未保留正本、副本或署名欄；本筆已依下一封函或下一條文邊界切分。,"96.2.7.衛署醫字第0960004894 號函 
主旨：所詢護理人員法第 12 條所稱「其他經中央主管機關認可
之機構」所指為何一案，復請 查照。 
說明： 
一、復 貴局 96 年 1 月 23 日桃衛醫字第 0960000940 號函。 
二、按護理人員法第 12 條規定：「護理人員執業，應在所在
地主管機關核准登記之醫療機構、護理機構或其他經中央
主管機關認可之機構為之。但急救、執業機構間之支援或
經事先報准者，不在此限。」，至所稱「其他經中央主管
機關認可之機構」，查為中央主管機關端視個案事實分別
認定。 
三、次查歷年本署視個案事實所認可護理人員可執業之機構，
請參見本署 83 年 6 月 17 日衛署醫字第 83035199 號函 、83
年 7 月 11 日衛署醫字第 83031330 號函 、84 年 10 月 13 日
衛署醫字第 84060356 號函、86 年 1 月 29 日衛署醫字第
86007633 號函 、86 年 3 月 20 日衛署醫字第86012919 號函
、86 年 5 月17 日衛署醫字第 86017775 號函、86 年9 月 1
日衛署醫字第 86045926 號函 、87 年3 月 23 日衛署醫字第
87014069 號函 、87 年 11 月 6 日衛署醫字第87056029 號函
、92 年 12 月 19 日衛署醫字第 0920066391 號函、96 年 1
月 30 日衛署醫字第 0960004121 號函。檢送前述函釋資料
1 份，請參考。 
(註)本函釋說明三所列文號函，其認可護理人員可執業之機構，摘錄 
如下：",https://drive.google.com/file/d/1IEo7JO0CoxnfXCeiRm87BLzYfexqwZH7/view?usp=drivesdk,,
interp-0086,護理人員法解釋彙編,第 12 條,,83.6.17,1994-06-17,衛署醫字第83035199號,83.6.17 衛署醫字第,90,90,103,103,護理人員、執業登記,參照摘要,彙編中此筆為短摘要或參照其他頁碼，非完整公文全文。,"83.6.17 衛署醫字第
83035199 號函(P.48) 
護理學校教師從事護理教育或護生實習 ， 可以其
學校為執業登記處所。",https://drive.google.com/file/d/1IEo7JO0CoxnfXCeiRm87BLzYfexqwZH7/view?usp=drivesdk,,
interp-0087,護理人員法解釋彙編,第 12 條,,83.7.11,1994-07-11,衛署醫字第83031330號,83.7.11 衛署醫字第,90,90,103,103,護理人員、護士,參照摘要,彙編中此筆為短摘要或參照其他頁碼，非完整公文全文。,"83.7.11 衛署醫字第
83031330 號函(P.49) 學校校護。 
84.10.13 衛 署 醫 字 第
84060356 號函(P.81) 各鄉鎮市立托兒所護士。",https://drive.google.com/file/d/1IEo7JO0CoxnfXCeiRm87BLzYfexqwZH7/view?usp=drivesdk,,
interp-0088,護理人員法解釋彙編,第 12 條,,86.1.29,1997-01-29,衛署醫字第86007633號,86.1.29 衛署醫字第,90,91,103,104,護理人員、護士,彙編節錄,108年彙編多數未保留正本、副本或署名欄；本筆已依下一封函或下一條文邊界切分。,"86.1.29 衛署醫字第
86007633 號函(P.51) 國立中正紀念堂約僱護士。 
86.3.20 衛署醫字第 中華民國紅十字會台灣省台南市支會之護士 ， 從 86012919 號函(P.51) 事學校教職員 、 學生及一般社會人士之急救訓練
工作。",https://drive.google.com/file/d/1IEo7JO0CoxnfXCeiRm87BLzYfexqwZH7/view?usp=drivesdk,,
interp-0089,護理人員法解釋彙編,第 12 條,,86.5.17,1997-05-17,衛署醫字第86017775號,86.5.17 衛署醫字第,91,91,104,104,護理人員、護士、執業登記,參照摘要,彙編中此筆為短摘要或參照其他頁碼，非完整公文全文。,"86.5.17 衛署醫字第
86017775 號函(P.52) 
中華民國新生兒醫學會辦理 「早產兒追蹤門診專
案計畫」 約僱派駐縣市之護士，執行早產兒門診
跟診、量身高體重、護理指導及電話追蹤，可以
其執業之場所，為其執業登記之地點。",https://drive.google.com/file/d/1IEo7JO0CoxnfXCeiRm87BLzYfexqwZH7/view?usp=drivesdk,,
interp-0090,護理人員法解釋彙編,第 12 條,,86.9.1,1997-09-01,衛署醫字第86045926號,86.9.1 衛署醫字第,91,91,104,104,護理人員,參照摘要,彙編中此筆為短摘要或參照其他頁碼，非完整公文全文。,"86.9.1 衛署醫字第
86045926 號函(P.81) 海水浴場護理工作。",https://drive.google.com/file/d/1IEo7JO0CoxnfXCeiRm87BLzYfexqwZH7/view?usp=drivesdk,,
interp-0091,護理人員法解釋彙編,第 12 條,,87.3.23,1998-03-23,衛署醫字第87014069號,87.3.23 衛署醫字第,91,91,104,104,護理人員、護士、執業登記,參照摘要,彙編中此筆為短摘要或參照其他頁碼，非完整公文全文。,"87.3.23 衛署醫字第
87014069 號函(P.52) 
花蓮縣秀林鄉天祥晶華渡假酒店聘僱護士 ，如確
有從事護理工作之事實，得辨理執業登記，其機
構代碼得以護產機構權屬別「其他」編碼。",https://drive.google.com/file/d/1IEo7JO0CoxnfXCeiRm87BLzYfexqwZH7/view?usp=drivesdk,,
interp-0092,護理人員法解釋彙編,第 12 條,,87.11.6,1998-11-06,衛署醫字第87056029號,87.11.6 衛署醫字第,91,91,104,104,護理人員,參照摘要,彙編中此筆為短摘要或參照其他頁碼，非完整公文全文。,"87.11.6 衛署醫字第
87056029 號函(P.52) 台南市緊急救護指揮中心護理人員。",https://drive.google.com/file/d/1IEo7JO0CoxnfXCeiRm87BLzYfexqwZH7/view?usp=drivesdk,,
interp-0093,護理人員法解釋彙編,第 12 條,,92.12.19,2003-12-19,衛署醫字第0920066391號,92.12.19 衛署醫字第,91,91,104,104,護理人員,彙編節錄,108年彙編多數未保留正本、副本或署名欄；本筆已依下一封函或下一條文邊界切分。,"92.12.19 衛署醫字第
0920066391 號函(P.55) 
台南市政府社會 局至善老人養護中心委託財團
法人天主教耕莘醫院辦理福利服務 ， 所聘僱護理
人員如確有從事護理工作之事實 ， 得辦理執業登
記，其機構代碼得以護產機構權屬別 「其他」 編
碼。",https://drive.google.com/file/d/1IEo7JO0CoxnfXCeiRm87BLzYfexqwZH7/view?usp=drivesdk,,
interp-0094,護理人員法解釋彙編,第 12 條,,96.1.30,2007-01-30,衛署醫字第0960004121號,96.1.30 衛署醫字第,91,91,104,104,護理人員、執業登記,參照摘要,彙編中此筆為短摘要或參照其他頁碼，非完整公文全文。,"96.1.30 衛署醫字第
0960004121 號函(P.57) 
台灣高速鐵路局聘僱護理人員從事緊急救護 、 急
救訓練等工作，得辦理執業登記，其機構代碼得
以護產機構權屬別「其他」編碼。",https://drive.google.com/file/d/1IEo7JO0CoxnfXCeiRm87BLzYfexqwZH7/view?usp=drivesdk,,
interp-0095,護理人員法解釋彙編,第 12 條,,96.2.13,2007-02-13,衛署醫字第0960004908號,有關 貴局查獲於未立案護理機構執業之護理人員，涉及,91,92,104,105,護理人員、護理機構、執業執照,彙編節錄,108年彙編多數未保留正本、副本或署名欄；本筆已依下一封函或下一條文邊界切分。,"96.2.13.衛署醫字第0960004908 號函 
主旨：有關 貴局查獲於未立案護理機構執業之護理人員，涉及 
違反護理人員法之規定，所詢適用法條疑義一案，復請 
查照。 
說明： 
一、復 貴局 96 年 1 月 29 日北衛醫字第 0960004835 號函。 
二、查護理人員法第 8 條規定：「護理人員執業，應向所在地
直轄市、縣(市)主管機關送驗護理人員證書，申請登記，
發給執業執照。」即護理人員執業依法應以領有執業執照
後，始得為之；次查同法第12 條規定： 「護理人員執業，
應在所在地主管機關核准登記之醫療機構、護理機構或其
他經中央主管機關認可之機構為之。」即未經立案之護理
機構，非屬護理人員合法執業之場所。本案護理人員未辦 條 
92 
理執業登錄即執行護理業務，核屬違反護理人員法第 8 條
之規定；又查，該員於未立案之護理機構執行護理業務，
同時違反護理人員法第 12 條之規定。 
三、依行政罰法第 24 條第 1 項規定：「一行為違反數個行政
法上義務規定而應處罰鍰者，依法定罰鍰最高之規定裁處
。但裁處之額度，不得低於各該規定之罰鍰最低額。」是
以，本案護理人員未領有執業執照即執行護理業務之違法
行為情節 ， 依一行為不二罰原則 ， 以護理人員法第33 條規
定論處。",https://drive.google.com/file/d/1IEo7JO0CoxnfXCeiRm87BLzYfexqwZH7/view?usp=drivesdk,,
interp-0096,護理人員法解釋彙編,第 8 條,,96.3.2,2007-03-02,衛署醫字第0960006428號,有關「醫事檢驗所」派護士外出抽血帶回檢驗並收取費用,92,93,105,106,護理人員、護士、護理機構、醫療輔助、執業執照,彙編節錄,108年彙編多數未保留正本、副本或署名欄；本筆已依下一封函或下一條文邊界切分。,"96.3.2.衛署醫字第0960006428 號函 
主旨：有關「醫事檢驗所」派護士外出抽血帶回檢驗並收取費用
違反規定之適法性疑義一案，復請 查照。 
說明： 
一、復 貴局 96 年 2 月 7 日北衛醫字第 0960012401 號函。 
二、按護理人員法第 12 條規定：「護理人員執業，應在所在
地主管機關核准登記之醫療機構、護理機構或其他經中央
主管機關認可之機構為之。但急救、執業機構間之支援或
經事先報准者，不在此限。」，經查「醫事檢驗所」非屬
中央主管機關認可之護理人員執業場所，先予敘明。 
三、關於本案所述醫事檢驗所派護士外出為民眾抽血，再將檢
體帶回該醫事檢驗所檢驗並收取費用等情節，處理方式如
下：(1)醫事檢驗機構部分 ： 事涉醫事檢驗所不正當招攬業
務，係違反醫事檢驗師法第 30 條規定，應依同法第 41 條
規 定 論 處 ， 請 參 考 本 署96 年 1 月 4 日 衛 署 醫 字 第
0950066335 號書函辦理。(2)醫事檢驗人員部分：該醫事
檢驗所之醫事檢驗人員如執行該檢驗業務，業涉違反醫事
檢驗師法第 12 條第 2 項前段之規定，另依同法第 34 條第
1 項規定論處。(3)護理人員部分：查抽血之醫療輔助行為
係屬護理人員法第 24 條所規定之護理業務 。 護理人員執行
護理業務依法應以領有執業執照後，始得為之。本案護理 人員如未辦理執業登錄即執行護理業務，核屬違反護理人
員法第 8 條規定；又護理人員於非屬中央主管機關認可之
執業場所執行護理業務 ， 亦同時違反護理人員法第 12 條之
規定 。 惟依行政罰法第24 條之意旨 ， 本案護理人員如未領
有執業執照即執行護理業務之違法行為情節，依一行為不
二罰原則，以護理人員法第33 條規定論處。是以，本案請
依權責視個案事實認定，並依前述規定查處。 
（註：本函釋說明三所敍本署96.1.4.衛署醫字第0950066335 號書函
，其內容如下： 
主旨：所詢「醫事機構」以不正當方法跨轄區招攬病人，其行政處分
之法令依據為何一案，復請 查照。 
說明： 
一、復 貴局95 年 12 月 21 日北衛醫字第0950106904 號函。 
二、按醫事檢驗師法第 9 條規定，醫事檢驗師執業以一處為限，並
應在所在地衛生主管機關核准登記之醫療機構、醫事檢驗所或
其他經衛生主管機關認可必須聘請醫事檢驗師之機構為之。但
機構間之支援或經事先報准者，不在此限。違者依同法第 37
條規定，處新台幣1 萬元以上5 萬元以下罰鍰。 
三、由 貴局來函所示，貴轄醫事檢驗機構跨區不正當招攬業務，
其違法行為係發生於台北市，按土地管轄兩縣市均有管轄權。
另依行政程序法第13 條第1 項規定，同一事件，數行政機關依
前二條之規定均有管轄權者，由受理在先之機關管轄……。本
案請參酌前揭說明辦理。 
四、又個案於裁罰後之執行事宜，其僅處罰鍰處分者，應由為處分
之縣（市）主管機關執行；若涉及停業或撤銷廢止執業執照，
應適用本署88 年 7 月 29 日衛署醫字第88045247 號函釋 ， 由發
照地主管機關執行。）",https://drive.google.com/file/d/1IEo7JO0CoxnfXCeiRm87BLzYfexqwZH7/view?usp=drivesdk,,
interp-0097,護理人員法解釋彙編,第 12 條,,96.10.5,2007-10-05,衛署醫字第0960211487號,為本署83 年 6 月 17 日衛署醫字第 83035196 號函及 85 年,93,94,106,107,護理人員、護士,彙編節錄,108年彙編多數未保留正本、副本或署名欄；本筆已依下一封函或下一條文邊界切分。,"96.10.5.衛署醫字第0960211487 號函 
主旨：為本署83 年 6 月 17 日衛署醫字第 83035196 號函及 85 年
1 月 5 日衛署醫字第 84076144 號函 ， 有關無固定執業處所 條 
94 
擔任特聘(別)護士或部分工時之護理人員，暫以所在地護
理師護士公會辦理執業處所登記一節，自即日停止適用，
請 查照。 
說明：查依前述函釋，係因應當時特殊時空背景之個案函釋，惟
因時空背景之轉換，該函釋業已不適用，併予說明。 
（註：本函釋主旨段所敍本署 83.6.17.衛署醫字第83035196號函，請
參閱P.103）",https://drive.google.com/file/d/1IEo7JO0CoxnfXCeiRm87BLzYfexqwZH7/view?usp=drivesdk,,
interp-0098,護理人員法解釋彙編,第 12 條,,100.9.20,2011-09-20,衛署醫字第1000264653號,有關護理機構及醫療機構之護理人員，支援附設居家護理,94,95,107,108,護理人員、護理機構、居家護理,參照摘要,彙編中此筆為短摘要或參照其他頁碼，非完整公文全文。,"100.9.20.衛署醫字第1000264653 號函 
主旨：有關護理機構及醫療機構之護理人員，支援附設居家護理
機構之業務時，其報備支援之疑義一案，復請 查照。 
說明： 
一、復 貴局100 年8 月17 日東衛醫字第1000014253號函。 
二、依護理人員法第 12 條規定，護理人員執業，應在所在地
主管機關核准登記之醫療機構、護理機構或其他經中央主
管機關認可之機構為之。但急救、執業機構間之支援或經
事先報准者，不在此限。又，參考醫療機構設置標準第26
條第 2 項規定：「前項所稱醫療機構間之會診、支援，指
下列情形且未固定排班提供診療者而言：一、遇有大量傷
病患，需臨時增加醫師人力處理者。二、對於緊急或重症
傷病，需徵詢其他醫師意見者。」。 
三、爰此，護理機構及醫療機構之護理人員，支援附設居家護
理機構之業務時，除遇有大量傷病患或緊急情況下，必須
臨時增加護理人力協助處理之情形外，仍應依照護理 人員
法第12 條但書規定，事先向主管機關報准後為之。 
四、至於非獨立型態之居家護理機構護理人員，支援其原附設
醫療機構或原附設護理機構時 ， 免依護理人員法第12 條規
定辦理支援報備，其適用之範圍，亦應同於前揭情形為限
。本署 95 年 1 月 4 日衛署醫字第 0950200710 號書函，應
予補充。 
（註：本函釋說明四所敍本署 95.1.4 衛署醫字第 0950200710 號書函 ，請參閱P.87）",https://drive.google.com/file/d/1IEo7JO0CoxnfXCeiRm87BLzYfexqwZH7/view?usp=drivesdk,,
interp-0099,護理人員法解釋彙編,第 12 條,,101.1.20,2012-01-20,衛署照字第1002860240號,關於未立案老人福利機構於主管機關限期改善期間如何確,95,95,108,108,護理人員、護理機構,彙編節錄,108年彙編多數未保留正本、副本或署名欄；本筆已依下一封函或下一條文邊界切分。,"101.1.20.衛署照字第 1002860240 號函 
主旨：關於未立案老人福利機構於主管機關限期改善期間如何確
保醫療照護品質一案，復如說明段，請 查照。 
說明： 
一、復 貴部101 年1 月6 日內授中社字第1015930081 號函。 
二、依護理人員法第 12 條規定：「護理人員執業，應在所在
地主管機關核准登記之醫療機構、護理機構或其他經中央
主管機關認可之機構為之。但急救、執業機構間之支援或
經事先報准者，不在此限。」。因此，於經主管機關限期
改善之尚未完成立案老人福利機構，其限期改善期間之照
護問題 ， 得依同法第12 條但書規定 ， 商請轄區衛生局以個
案方式准予醫療機構或護理機構派護理人員協助服務。 
三、又各衛生局並無上開限期改善機構資料，為避免衛生局可
能誤准醫療機構或護理機構護理人員至其他未立案老人福
利機構提供照護服務，故建請老人福利機構主管機關函知
轄區衛生局此類機構名稱、地址及限期改善期間等資料，
俾利協助辦理。",https://drive.google.com/file/d/1IEo7JO0CoxnfXCeiRm87BLzYfexqwZH7/view?usp=drivesdk,,
interp-0100,護理人員法解釋彙編,第 12 條,,101.3.12,2012-03-12,衛署照字第1012860716號,關於護理機構或醫療機構之護理人員，支援附設居家護理,95,96,108,109,護理人員、護理機構、居家護理,彙編節錄,108年彙編多數未保留正本、副本或署名欄；本筆已依下一封函或下一條文邊界切分。,"101.3.12.衛署照字第 1012860716 號函 
主旨：關於護理機構或醫療機構之護理人員，支援附設居家護理
機構之報備支援事宜，請 查照。 
說明： 
一、依護理人員法第 12 條規定，護理人員執業，應在所在地
主管機關核准登記之醫療機構、護理機構或其他經中央主
管機關認可之機構為之。但急救、執業機構間之支援或經
事先報准者，不在此限。又，參考醫療機構設置標準第26
條第 2 項規定，「前項所稱醫療機構間之會診、支援，指
下列情形且未固定排班提供診療者而言：一、遇有大量傷
病患，需臨時增加醫師人力處理者。二、對於緊急或重症 條 
96 
傷病，需徵詢其他醫師意見者。」。 
二、爰此，護理機構及醫療機構之護理人員，支援附設居家護
理機構之業務時，除遇有大量傷病患或緊急情況下，必需
臨時增加護理人力協助處理之情形外，仍應依護理人員法
第 12 條但書規定，事先向主管機關報准後為之。 
三、惟近來發現，部分護理機構或醫療機構之護理人員，支援
附設居家護理機構業務，有未依上開規定之情事，惠請貴
局宜向轄內機構宣導該等規定，並要求落實完成報備支援
之程序。",https://drive.google.com/file/d/1IEo7JO0CoxnfXCeiRm87BLzYfexqwZH7/view?usp=drivesdk,,
interp-0101,護理人員法解釋彙編,第 12 條,,101.12.28,2012-12-28,衛署照字第1012864978號,所詢護理之家負責人是否可提出跨區支援報備乙案，復請,96,97,109,110,護理人員、護理機構、護理之家、負責人、評鑑,彙編節錄,108年彙編多數未保留正本、副本或署名欄；本筆已依下一封函或下一條文邊界切分。,"101.12.28.衛署照字第 1012864978 號函 
主旨：所詢護理之家負責人是否可提出跨區支援報備乙案，復請 
查照。 
說明： 
一、復 貴局101 年12 月13 日桃衛照字第1010192654號函。 
二、依護理人員法第 12 條規定，護理人員執業，應在所在地
主管機關核准登記之醫療機構、護理機構或其他經中央主
管機關認可之機構為之。但急救、執業機構間之支援或經
事先報准者，不在此限。 
三、護理人員支援其他醫療機構或護理機構，應事先報准，如
越區前往支援者，應報經所在地直轄市或縣(市)衛生主管
機關核准，並副知執行地直轄市或縣(市)衛生主管機關。 
四、依據護理人員法第 19 條，護理機構應置負責資深護理人
員一人，對其機構護理業務，負督導責任。本案申請跨區
支援報備之護理人員為護理機構負責人，而個案申請跨區
支援之醫療機構或護理機構人力不足問題，非屬該個案之
責任，申請跨區支援之適當性、其所設置之護理機構營運
、人員派班值勤及業務督導管理狀況、該機構每年督導考
核、不定期查核、相關行政處分及本署辦理之評鑑評等情
形，本權責逕行判定該護理機構負責人申請跨區支援報備
相關條件之合理性。",https://drive.google.com/file/d/1IEo7JO0CoxnfXCeiRm87BLzYfexqwZH7/view?usp=drivesdk,,
interp-0102,護理人員法解釋彙編,第 12 條,,103.2.11,2014-02-11,衛部照字第1031560143號,有關貴局函詢護理人員於醫事檢驗機構辦理公共衛生事業,97,97,110,110,護理人員、護理機構、醫療輔助、執業登記、公共衛生,彙編節錄,108年彙編多數未保留正本、副本或署名欄；本筆已依下一封函或下一條文邊界切分。,"103.2.11 衛部照字第1031560143 號函 
主旨：有關貴局函詢護理人員於醫事檢驗機構辦理公共衛生事業
，得否執業登記乙案，復如說明段，請查照。 
說明： 
一、復 貴局103 年1 月14 日中市衛醫字第1030004284號函。 
二、按護理人員法第 12 條規定：「護理人員執業，應在所在
地主管機關核准登記之醫療機構、護理機構或其他經中央
主管機關認可之機構為之，但急救、執業機構間之支援或
經事先報准者，不在此限」。及同法第 24 條規定：「護
理人員之業務如左：一、健康問題之護理評估。二、預防
保健之護理措施。三、護理指導及諮詢。四、醫療輔助行
為。前項第四款醫療輔助行為應在醫師之指示下行之。另
按醫事檢驗師法第 9 條規定：「醫事檢驗師執業以一處為
限，並應在所在地衛生主管機關核准登記之醫療機構、醫
事檢驗所或其他經衛生主管機關認可必須聘請醫事檢驗
師之機構為之」。 
三、按上開規定，醫事檢驗機構非護理人員執業登記場所，爰
無法辦理執業登記。",https://drive.google.com/file/d/1IEo7JO0CoxnfXCeiRm87BLzYfexqwZH7/view?usp=drivesdk,,
interp-0103,護理人員法解釋彙編,第 12 條,,103.2.13,2014-02-13,衛部照字第1031560187號,所詢有關貴機構「特聘護理服務」業務應否支援報備一案,97,98,110,111,護理人員、護理機構、居家護理、執業登記,彙編節錄,108年彙編多數未保留正本、副本或署名欄；本筆已依下一封函或下一條文邊界切分。,"103.2.13 衛部照字第1031560187 號函 
主旨：所詢有關貴機構「特聘護理服務」業務應否支援報備一案
，復請 查照。 
說明： 
一、復 貴機構102 年11 月25 日奬(特聘)字第102007號函。 
二、依據護理人員法第 12 條規定：「護理人員執業，應在所
在地主管機關核准登記之醫療機構、護理機構或其他經中
央主管機關認可之機構為之。但急救、執業機構間之支援
或經事先報准者，不在此限。」。次依護理機構分類設置
標準第 9 條規定：「居家護理機構之設置，其設立計畫書
內容，應載明下列事項：一、服務對象之條件。二、服務
區域。三、病人轉介流程。四、服務品質管制制度。五、 條 
98 
經費需求及來源。前項第二款服務區域，跨直轄市或縣 (
市)行政區域提供服務者，應事先經各該直轄市或縣 (市)
主管機關核准。」。 
三、對於居家護理所之服務方式，係以執業登記於該機構之護
理人員及提供外展服務為主，機構設置之計畫書亦包含服
務區域，如需跨區域需事先支援報備且經核准後始得為之
，故居家護理機構之護理人員，若係提供派駐醫院，執行
病房之護理工作，仍應依報備規定辦理。本案請依前揭原
則認定辦理。",https://drive.google.com/file/d/1IEo7JO0CoxnfXCeiRm87BLzYfexqwZH7/view?usp=drivesdk,,
interp-0104,護理人員法解釋彙編,第 12 條,,103.3.4,2014-03-04,衛部照字第1031560362號,有關貴協會函詢聘請專職護理人員執行衛生教育及照顧技,98,98,111,111,護理人員、護理機構、醫療輔助、執業登記,彙編節錄,108年彙編多數未保留正本、副本或署名欄；本筆已依下一封函或下一條文邊界切分。,"103.3.4 衛部照字第1031560362 號函 
主旨：有關貴協會函詢聘請專職護理人員執行衛生教育及照顧技
巧指導相關業務，是否符合執業登記處所一案，復如說明
段，請查照。 
說明： 
一、復 貴協會103 年1 月8 日北市家協(103)字第002 號函。 
二、依護理人員法第 12 條規定：「護理人員執業，應在所在
地主管機關核准登記之醫療機構、護理機構或其他經中央
主管機關認可之機構為之。」另據同法第 24 條規定：「
護理人員之業務包括健康問題之護理評估、預防保健之護
理措施、護理指導及諮詢及醫療輔助行為。」。 
三、依貴協會所附簡介，貴協會成立宗旨主要為提供家庭照顧
者權益及關懷等，服務項目包括居家照顧服務、照顧技巧
、到宅指導服務、照顧者諮詢專線、社區長者關懷訪視，
非屬前開護理人員業務，爰非屬護理人員執業登記處所。",https://drive.google.com/file/d/1IEo7JO0CoxnfXCeiRm87BLzYfexqwZH7/view?usp=drivesdk,,
interp-0105,護理人員法解釋彙編,第 12 條,,103.3.7,2014-03-07,衛部照字第1030105256號,所詢有關貴局具有護理師證書且有實際執行護理業務，是,98,99,111,112,護理人員、護理師、護理機構、醫療輔助、執業登記,彙編節錄,108年彙編多數未保留正本、副本或署名欄；本筆已依下一封函或下一條文邊界切分。,"103.3.7 衛部照字第1030105256 號函 
主旨：所詢有關貴局具有護理師證書且有實際執行護理業務，是
否得比照醫事檢驗師准予辦理執業登記案，復請 查照。 
說明： 
一、復 貴局 103 年 2 月 21 日東衛醫字第 1030003393 號函。 二、按護理人員法第 12 條規定：「護理人員執業，應在所在
地主管機關核准登記之醫療機構、護理機構或其他經中央
主管機關認可之機構為之…」。另依護理人員法第 24 條
規定：「護理人員之業務如左：一、健康問題之護理評估
。二、預防保健之護理措施。三、護理指導及諮詢。四、
醫療輔助行為。前項第四款醫療輔助行為應在醫師之指示
下行之」。 
三 、 復按本部(前衛生署)83 年6 月17 日衛署醫字第83035197號
函示，衛生機關人員，縱具有醫事人員資格，如所從事之
工作，非各該專業法規所規定之專業業務，不應辦理執業
登記。 
四、綜上，該護理人員是否辦理執業登記，仍應依前揭規定認
定辦理。",https://drive.google.com/file/d/1IEo7JO0CoxnfXCeiRm87BLzYfexqwZH7/view?usp=drivesdk,,
interp-0106,護理人員法解釋彙編,第 12 條,,103.4.14,2014-04-14,衛部照字第1030110313號,所詢貴局疾病管制科是否為護理人員法第 12 條所列其他,99,99,112,112,護理人員、執業登記,彙編節錄,108年彙編多數未保留正本、副本或署名欄；本筆已依下一封函或下一條文邊界切分。,"103.4.14 衛部照字第1030110313 號函 
主旨：所詢貴局疾病管制科是否為護理人員法第 12 條所列其他
經中央主管機關認可之機構之執業登記處所一案，請 查
照。 
說明： 
一、復 貴局103 年 3 月 18 日東衛醫字第 103000765 號函。 
二、旨揭案本部業於 103 年 3 月 7 日衛部照字第 1030105256
回復貴局略以： 「按護理人員法第12 條及第 24 條……規
定，復按本部(前衛生署)83 年 6 月 17 日衛署醫字第
83035197 號函示衛生機關人員 ， 縱具有醫事人員資格 ， 如
所從事之工作，非各該專業法規所規定之專業業務，不應
辦理執業登記。綜上，該護理人員是否辦理執業登記，仍
應依前揭規定認定辦理」。 
三、故若於貴局服務，且其確有從事所函之護理工作事實，仍
請貴局依事實據以認定。",https://drive.google.com/file/d/1IEo7JO0CoxnfXCeiRm87BLzYfexqwZH7/view?usp=drivesdk,,
interp-0107,護理人員法解釋彙編,第 12 條,,103.4.15,2014-04-15,衛部照字第1030007880號,有關貴協會函詢聘請專職護理人員收容照顧愛滋病患者、,99,100,112,113,護理人員、護理機構、醫療輔助、執業登記、執業執照,彙編節錄,108年彙編多數未保留正本、副本或署名欄；本筆已依下一封函或下一條文邊界切分。,"103.4.15 衛部照字第1030007880 號函 條 
100 
主旨：有關貴協會函詢聘請專職護理人員收容照顧愛滋病患者、
身心障礙者、各縣市遊民、更生人及植物人等，是否可辦
理護理人員執業登記案，復如說明段，請查照。 
說明： 
一、復 貴協會103 年 3 月 31 日關屏字第 1030961001 號函。 
二、依護理人員法第 12 條規定：「護理人員執業，應在所在
地主管機關核准登記之醫療機構、護理機構或其他經中央
主管機關認可之機構為之。」另據同法第 24 條規定：「
護理人員之業務包括健康問題之護理評估、預防保健之護
理措施、護理指導及諮詢及醫療輔助行為。」。 
三、依貴協會來函及服務內容，貴協會成立主要為提供感染者
收容照顧、感染者心理諮商輔導、中途收容、志工培訓等
，非屬前開護理人員業務，爰非屬護理人員業務執業執照
登記之處所。",https://drive.google.com/file/d/1IEo7JO0CoxnfXCeiRm87BLzYfexqwZH7/view?usp=drivesdk,,
interp-0108,護理人員法解釋彙編,第 12 條,,103.6.23,2014-06-23,衛部照字第1030014120號,有關貴協會函詢聘請專職護理人員服務先天及罕見代謝疾,100,101,113,114,護理人員、護理機構、醫療輔助、執業登記,彙編節錄,108年彙編多數未保留正本、副本或署名欄；本筆已依下一封函或下一條文邊界切分。,"103.6.23 衛部照字第1030014120 號函 
主旨：有關貴協會函詢聘請專職護理人員服務先天及罕見代謝疾
病之病友，是否可辦理護理人員執業登記案，復如說明段
，請查照。 
說明： 
一、復 貴協會103 年 6 月 9 日(103)先代字第 0602 號函。 
二、依護理人員法第 12 條規定：「護理人員執業，應在所在
地主管機關核准登記之醫療機構、護理機構或其他經中央
主管機關認可之機構為之。」，同法第 24 條規定：「護
理人員之業務包括健康問題之護理評估、預防保健之護理
措施、護理指導及諮詢及醫療輔助行為。」。 
三、依 貴協會成立之章程中所述任務主要為： 
(一)協助先天及代謝疾病患者爭取健保尚未給付之醫療、特
殊食品及醫療檢驗等費用。 
(二)促使先天及代謝疾病患者需要的特殊藥品與食品之研
發製造。 (三)幫助患者及家庭接受治療及做生活心理的調適。 
(四)舉辦聯誼會、座談會介紹醫療新知及互相鼓勵。 
(五)支持相關醫學研究。 
四、上揭章程任務內容並非屬護理人員法第 24 條所規範須由
護理人員執行之業務範疇，故貴協會尚無法認定為該法第
12 條規定之護理人員執業登記機構。",https://drive.google.com/file/d/1IEo7JO0CoxnfXCeiRm87BLzYfexqwZH7/view?usp=drivesdk,,
interp-0109,護理人員法解釋彙編,第 12 條,,103.9.23,2014-09-23,衛部照字第1030125879號,關於本部疾病管制署補助貴會辦理「愛滋病感染者社區家,101,102,114,115,護理人員、護理機構、執業登記,彙編節錄,108年彙編多數未保留正本、副本或署名欄；本筆已依下一封函或下一條文邊界切分。,"103.9.23 衛部照字第1030125879 號函 
主旨：關於本部疾病管制署補助貴會辦理「愛滋病感染者社區家
庭化照護中途之家計畫」，有關執行該計畫之護理人員，
函請同意辦理執業登記案，復如說明段，請 查照。 
說明： 
一、復 貴協會 103 年8 月18 日103 關愛(秘)字第1030818001
號函。 
二、依護理人員法第 12 條規定：「護理人員執業，應在所在
地主管機關核准登記之醫療機構、護理機構或其他經中央
主管機關認可之機構為之。」，另所稱「其他經中央主管
機關認可之機構」，係指依相關法令規定須(得)配置護理
人員執業之場所，如學校衛生法規定高級中等以下學校應
置護理人員及勞工健康保護規則規定：「事業單位之同一
工作場所，勞工人數在三百人以上者，應視該場所之規模
及性質，僱用從事勞工健康服務之護理人員，辦理臨廠健
康服務。」，且該人員於該場所實際從事護理人員法第24
條所規定之業務，並經由本部核定後，始得辦理執業登記
。 
三、經查 貴協會成立宗旨，主要為提供愛滋病感染者中途收
容生活關懷照護、志工培訓等愛滋病防治相關防治工作，
並接受本部疾管署 「愛滋病感染者社區家庭化照護中途之
家計畫」，雖所聘護理人員從事個案護理照顧工作及防治
業務，惟非屬前開規定所核准登記之醫療機構、護理機構
或為本部認可之機構，故貴機構如護理人員確有執業登記 條 
102 
需要，仍請依前揭規定辦理。",https://drive.google.com/file/d/1IEo7JO0CoxnfXCeiRm87BLzYfexqwZH7/view?usp=drivesdk,,
interp-0110,護理人員法解釋彙編,第 12 條,,103.10.2,2014-10-02,衛部照字第1030023963號,有關貴基金會辦理協助早產兒接受適當醫療及照護品質等,102,102,115,115,護理人員、護理師、護理機構、執業登記、公共衛生,彙編節錄,108年彙編多數未保留正本、副本或署名欄；本筆已依下一封函或下一條文邊界切分。,"103.10.2 衛部照字第1030023963 號函 
主旨：有關貴基金會辦理協助早產兒接受適當醫療及照護品質等
相關事項，擬請本部同意認可為護理人員執業登記機構案
，復如說明段，請 查照。 
說明： 
一、復 貴基金會103 年9 月23 日(103)早字第1030906號函。 
二、依護理人員法第 12 條規定：「護理人員執業，應在所在
地主管機關核准登記之醫療機構、護理機構或其他經中央
主管機關認可之機構為之。」，另所稱「其他經中央主管
機關認可之機構」，係指依相關法令規定須(得)配置護理
人員執業之場所，例如依學校衛生法第 7 條規定略以：「
高級中等以下學校……應置護理人員……。」以及勞工健
康保護規則第 3 條規定略以：「事業單位之同一工作場所
，勞工人數在三百人以上者，……，僱用或特約從事勞工
健康服務之醫師及僱用從事勞工健康服務之護理人員，辦
理臨廠健康服務。」，且該人員於該場所實際從事護理人
員法第 24 條所規定之業務，並經由本部核定後，始得辦
理執業登記。 
三、據 貴基金會函述成立宗旨，主要為協助早產兒接受適當
醫療及照護品質、研究及教育及舉辦各類活動等相關事項
，所聘護理師係從事提供相關衛教等公共衛生業務，非屬
前開規定所核准登記之醫療機構、護理機構或為本部認可
之機構，故貴基金會如護理人員確有執業登記需要，仍請
依前揭規定辦理。",https://drive.google.com/file/d/1IEo7JO0CoxnfXCeiRm87BLzYfexqwZH7/view?usp=drivesdk,,
interp-0111,護理人員法解釋彙編,第 12 條,,106.10.13,2017-10-13,衛部照字第1060130867號,有關「執業登錄於醫院之護理人員，利用非上班時間，可,102,103,115,116,護理人員、護理機構,彙編節錄,108年彙編多數未保留正本、副本或署名欄；本筆已依下一封函或下一條文邊界切分。,"106.10.13 衛部照字第1060130867 號 
主旨：有關「執業登錄於醫院之護理人員，利用非上班時間，可 
否至其他醫療機構或民間救護車執行救護出勤任務」疑義
，復如說明段，請查照。 說明： 
一、復貴局 106 年 10 月 11 日屏衛醫字第 10632818600 號函。 
二、依護理人員法第 12 條規定：「護理人員執業，應在所在
地主管機關核准登記之醫療機構、護理機構或其他經中央
主管機關認可之機構為之。但急救、執業機構間之支援或
經事先報准者，不在此限。」。 
三、再按本部(前行政院衛生署)100 年 1 月 7 日衛署醫字第
0990034815 號函，略以：「二、···醫療法第60 條第 1 項
規定：『醫院、診所遇有危急病人，應先予適當之急救，
並即依其人員及設備能力予以救治或採取必要措施，不得
無故拖延』 同法第73 條第 1 項規定： 「醫院、診所因限於
人員、設備及專長能力，無法確定病人之病因或提供完整
治療時，應建議病人轉診。但危急病人應依第六十條第一
項規定，先予適當之急救，始可轉診。』三、前揭所稱危
急病人，係指依醫療專業判斷，病人之病情緊急，需立即
施以醫療救治或措施，否則將危及生命安全或導致生理功
能受損者。爰『急救』，應係醫師就病人之病情，依前開
規定妥予緊急處置之過程。」。 
四、承上，貴局函詢「護理人員利用非上班時間隨非執登醫院
之救護車出勤 ， 是否屬護理人員法第12 條規範之急救 ， 無
需報備支援」乙節，查救護車所乘載之個案並非全屬上開
所稱危急病人，須立即施以醫療救治或措施，否則將危及 
生命安全或導致生理功能受損者，且護理人員利用個人非
上班時間隨非執登醫院之救護車出勤，應屬自願且預先安
排之行為 ， 與護理人員法第12 條規範之急救意涵不符，建
請貴局仍須依個案事實認定。",https://drive.google.com/file/d/1IEo7JO0CoxnfXCeiRm87BLzYfexqwZH7/view?usp=drivesdk,,
interp-0112,護理人員法解釋彙編,第 13 條,,83.6.17,1994-06-17,衛署醫字第83035196號,擔任特聘（別）護士或部分工時之護理人員，其辦理執業 條,103,104,116,117,護理人員、護理師、護士、護理機構、居家護理、執業登記,參照摘要,彙編中此筆為短摘要或參照其他頁碼，非完整公文全文。,"83.6.17.衛署醫字第83035196 號函 
主旨：擔任特聘（別）護士或部分工時之護理人員，其辦理執業 條 
104 
登記之處所，規定如說明，請 查照。 
說明： 
一、依據本署於83 年 4 月 22 日召開之「護理業務研討會」會
議紀錄辦理。 
二、無固定執業處所擔任特聘（別）護士之護理人員，其執業
處所，暫以所在地護理師護士公會或其服務居家護理機構
，辦理執業登記。 
三、在二處以上處所擔任部分工時之護理員，應擇一處所登記
，其他處所，視同護理人員法第 12 條但書所定之「支援
」辦理。 
（註 ： 本函釋說明二所規定事項 ， 業經96.10.5.衛署醫字第0960211487
號函停止適用，請參閱P.93）",https://drive.google.com/file/d/1IEo7JO0CoxnfXCeiRm87BLzYfexqwZH7/view?usp=drivesdk,,
interp-0113,護理人員法解釋彙編,第 13 條,,92.6.24,2003-06-24,衛署醫字第0920030877號,有關 貴局函詢護理人員擔任民間救護車機構管理人，可,104,104,117,117,護理人員,彙編節錄,108年彙編多數未保留正本、副本或署名欄；本筆已依下一封函或下一條文邊界切分。,"92.6.24.衛署醫字第0920030877 號函 
主旨：有關 貴局函詢護理人員擔任民間救護車機構管理人，可
否於其他醫療院所執業乙案，查依護理人員法第 13 條規
定：護理人員執業，其登記執業之處所以一處為限。惟為
增加民間救護車機構管理及用人彈性，民間救護車機構管
理辦法第 5 條規定，護理人員亦可擔任民間救護車機構之
管理人，對其機構之業務，負督導責任，原則上可以兼任
方式為之，請 查照。 
說明：復 貴局 92 年 6 月 6 日衛醫字第 0920006359 號函。",https://drive.google.com/file/d/1IEo7JO0CoxnfXCeiRm87BLzYfexqwZH7/view?usp=drivesdk,,
interp-0114,護理人員法解釋彙編,第 13 條,,93.1.14,2004-01-14,衛署醫字第0930000311號,所詢護理人員陳○○涉及兩地執業之違反護理人員法罰責,104,105,117,118,護理人員、護理機構,彙編節錄,108年彙編多數未保留正本、副本或署名欄；本筆已依下一封函或下一條文邊界切分。,"93.1.14.衛署醫字第 0930000311 號書函 
主旨：所詢護理人員陳○○涉及兩地執業之違反護理人員法罰責
認定疑義乙案，復如說明，請 查照。 
說明： 
一、復 貴局93 年1 月2 日北市衛五字第09238488100號函。 
二、按護理人員法第 13 條規定，護理人員執業，其登記執業
之處所以一處為限。又依同法第12 條但書規定，急救、執
業機構間之支援或經事先報准者，不在此限。本案護理人 員執業登錄一處，未經事先報准之下，長期在另一處兼職
，有關兩地執業，若涉及租照行為，應以違反護理人員法
第 35 條之業務不正當行為論處 ；如係屬未經事先報准 ， 即
至另一護理機構執行業務 ， 核屬違反同法第12 條之規定。 
（註：本函釋當事人之名字以○○表示）",https://drive.google.com/file/d/1IEo7JO0CoxnfXCeiRm87BLzYfexqwZH7/view?usp=drivesdk,,
interp-0115,護理人員法解釋彙編,第 13 條,,93.10.20,2004-10-20,衛署醫字第0930042915號,所詢護理人員未依規定辦理執業登錄，又至其他診所支援,105,105,118,118,護理人員、執業執照、停業,彙編節錄,108年彙編多數未保留正本、副本或署名欄；本筆已依下一封函或下一條文邊界切分。,"93.10.20.衛署醫字第 0930042915 號書函 
主旨：所詢護理人員未依規定辦理執業登錄，又至其他診所支援
等疑義一案，復請 查照。 
說明： 
一、復 貴局93 年10 月11 日北市衛五字第09337559400號函。 
二、查依本署 88 年 7 月 29 日衛署醫字第 88045247 號函規定
略以：「按醫療機構之業務違反醫療法之相關規定，其處
罰以發照地之衛生主管機關為權責單位；至其醫事人員之
行為違反醫事人員管理法規相關規定，其處罰以行為地之
衛生主管機關為權責單位。故本案如僅罰鍰處分應由行為
地執行，若涉及停業或撤銷執業執照則由發照地執行。」
爰此，本案護理人員未辦理執業登錄即執行護理業務，核
屬違反護理人員法第 8 條規定；另其未經核備報准即至其
他醫療機構執行護理業務 ， 應依違反護理人員法第12 條規
定論處。 
三、又護理人員在多處執業而未辦理執業登錄，應如何判定乙
節，查護理人員法第13 條規定，護理人員執業，其登記執
業之處所以一處為限。爰此，在二處以上處所擔任部分工
時之護理人員，應擇一處所登記，其他處所，視同護理人
員法第 12 條但書所定之「支援」辦理。",https://drive.google.com/file/d/1IEo7JO0CoxnfXCeiRm87BLzYfexqwZH7/view?usp=drivesdk,,
interp-0116,護理人員法解釋彙編,第 13 條,,94.4.8,2005-04-08,衛署醫字第0940011902號,所詢醫療機構附設居家護理所負責護理人員得否兼任疑義,105,106,118,119,護理人員、護理機構、居家護理、產後護理、護理之家、執業執照,彙編節錄,108年彙編多數未保留正本、副本或署名欄；本筆已依下一封函或下一條文邊界切分。,"94.4.8.衛署醫字第0940011902 號函 
主旨：所詢醫療機構附設居家護理所負責護理人員得否兼任疑義
一案，復請 查照。 
說明： 條 
106 
一、復 貴局 94 年 3 月 23 日健保醫字第 0940059252 號函。 
二、按護理人員法第 13 條規定，護理人員執業，其登記執業
之處所以一處為限。至護理之家同時辦理居家護理或產後
護理服務部門，或醫療機構所設之護理之家、居家護理或
產後護理服務部門，其負責護理人員得以同一人登記，前
經本署 83 年 6 月 17 日衛署醫字第 83035205 號函釋在案 。
至其負責護理人員之執業場所應登記於護理之家，其他人
員則依實際執業場所分別核給執業執照。爰此，本案所述
台北市立聯合醫院附設之居家護理所，其負責護理人員之
執業場所應登記於護理機構。",https://drive.google.com/file/d/1IEo7JO0CoxnfXCeiRm87BLzYfexqwZH7/view?usp=drivesdk,,
interp-0117,護理人員法解釋彙編,第 13 條,,94.6.15,2005-06-15,衛署醫字第0940023958號,所詢醫院附設之護理機構與該院位於同一行政區域，該醫,106,107,119,120,護理人員、護理機構、執業登記、開業,參照摘要,彙編中此筆為短摘要或參照其他頁碼，非完整公文全文。,"94.6.15.衛署醫字第0940023958 號函 
主旨：所詢醫院附設之護理機構與該院位於同一行政區域，該醫
院之護理主任（執業登記於醫院）是否得兼任該附設護理
機構之負責護理人員一案，復請 查照。 
說明： 
一、復 貴局 94 年 6 月 6 日衛醫字第 0940004730 號函。 
二、依護理人員法第 13 條規定，護理人員執業，其登記執業
之處所以一處為限。惟為利醫療機構及護理機構管理，本
署於 90 年 5 月 10 日衛署醫字第 0900031774 號函示 ： 「醫
療機構依護理機構設置標準規定附設護理機構，應另發給
開業執照，至原於醫療機構開業執照加註附設護理機構者
，應於異動時，重新核發開業執照」。基於前開所述管理 
規則及護理人員法之相關規定 ， 本署85 年 2 月 7 日衛署醫
字第 84068211 號函 ， 有關醫院附設之護理機構與該醫院位
於同一行政區域者，該醫院之護理主任得兼任該附設護理
機構之負責護理人員一節，亦應停止適用。 
（註：本函釋說明二所敍本署 90.5.10.衛署醫字第 0900031774 號函
，請參閱P.162）",https://drive.google.com/file/d/1IEo7JO0CoxnfXCeiRm87BLzYfexqwZH7/view?usp=drivesdk,,
interp-0118,護理人員法解釋彙編,第 14 條,,104.2.16,2015-02-16,衛部照字第1041560304號,所詢關於退休公務員至護理機構任職，是否違反公務員服,107,107,120,120,護理人員、護理機構、護理之家、執業登記,彙編節錄,108年彙編多數未保留正本、副本或署名欄；本筆已依下一封函或下一條文邊界切分。,"104.2.16 衛部照字第1041560304 號函 
主旨：所詢關於退休公務員至護理機構任職，是否違反公務員服
務法第 14 條之 1 規定疑義一案，復請查照。 
說明： 
一、復 貴部104 年 1 月 27 日法一字第 1043934188 號函。 
二、查護理人員法第14 條及第 15 條規定護理機構之設立及其
服務對象；又護理人員法第 24 條規定護理之家可提供之
服務內容。爰經衛生主管機關核准設立之護理機構，其所
提供之護理服務，以辦理執業登記之照護服務項目為限，
非屬 貴部來文所述公司法第 1 條、商業登記法第 3 條及
所得稅法第 11 條第 2 項規定所稱「營利事業」。",https://drive.google.com/file/d/1IEo7JO0CoxnfXCeiRm87BLzYfexqwZH7/view?usp=drivesdk,,
interp-0119,護理人員法解釋彙編,第 14 條,,104.3.12,2015-03-12,衛部照字第1041560167號,所詢業者欲申請設置一般護理之家提供日間照護服務相關,107,108,120,121,護理人員、護理機構、護理之家,彙編節錄,108年彙編多數未保留正本、副本或署名欄；本筆已依下一封函或下一條文邊界切分。,"104.3.12 衛部照字第1041560167 號函 
主旨：所詢業者欲申請設置一般護理之家提供日間照護服務相關
疑義一案，復請查照。 
說明： 
一、復 貴局104 年 1 月 19 日衛醫字第 1030026717 號函。 
二、按護理機構分類設置標準第八條附表「護理機構設置標準
」之一般護理之家規定：二、護理服務設施之住房部分，
應設寢室並符合規定、應設護理站並具有相關設備。(五)
衛浴設備住房應設衛生設備及淋浴設備，且每六人至少應
有一套。應有為臥床或乘坐輪椅病人特殊設計之衛浴設備
。又，其中設有為日間照護者，視需要設置休息床位。三
、建築物之設計構造與設備之總樓地板面積：設有日間照
護者，按登記提供服務量計，平均每人應有十平方公尺以
上(不包括車庫及宿舍面積)。 
三、依上開規定及立法精神，一般護理之家之設置以收住式機
構為申請主體，設置日間照護屬該機構之服務項目之一， 條 
108 
並應依相關規定配置人力及空間規劃。另，機構床位數雖
無最低限制，仍應視該地區民眾之長照資源需求及機構之
營運規劃而定。 
四、護理機構設置日間照護之服務，其總樓地板面積應依上開
規定獨立計算並有足夠之空間規劃。 
五、日間照護之服務可否販賣物品營利乙節，按護理人員法第
14 條規定 ， 一般護理之家之設置 ， 以提供護理照護等相關
服務為主，且護理機構設置係依護理機構設置標準規定設
立，其服務對象係以機構之住民以及其家屬為原則。爰此
，有關營利型態之設置，其活動空間、人員應與機構有所
區隔，且營業登記等相關事項應按營利事業管理相關規定
辦理。",https://drive.google.com/file/d/1IEo7JO0CoxnfXCeiRm87BLzYfexqwZH7/view?usp=drivesdk,,
interp-0120,護理人員法解釋彙編,第 14 條,〔釋例類別〕 第 1 類 護理機構屬性,90.6.12,2001-06-12,衛署醫字第0900028339號,所詢乙種工業區能否比照老人長期照護機構設立護理之家,108,109,121,122,護理人員、護理機構、護理之家,彙編節錄,108年彙編多數未保留正本、副本或署名欄；本筆已依下一封函或下一條文邊界切分。,"90.6.12.衛署醫字第0900028339 號函 
主旨：所詢乙種工業區能否比照老人長期照護機構設立護理之家
乙案，復請 查照。 
說明： 
一、復 貴局 90 年 5 月 3 日 90 南市衛醫字第08667 號函。 
二、按「都市計畫法台灣省施行細則」第 18 條規定，乙種工
業區可設置工廠必要附屬設施、與工業發展有關之設施、
公共服務設施及公用事業設施，其中公共服務設施及公用
事業設施包含醫療保健設施及社會福利設施等。 
三、依護理人員法第 15 條規定，護理之家機構，係以罹患慢
性病需長期護理之病人及出院後需繼續護理之病人為服務 對象，經衛生主管機關核准設立之上開機構，應可認 
屬廣義之「醫療保健設施」。次查老人福利法第 9 條第 1
項第 1 款規定，長期照護機構係以照顧罹患長期慢性疾病
並且需要醫護服務之老人為目的，經社政主管機關核准設
立之機構。同法第 2 項、第 3 項並規定，長期照護機構如
涉及醫事服務者，其設立標準應會同中央主管機關定之，
又其醫療或護理服務，應依醫療法、護理人員法或其他醫
事專門職業法等規定辦理。故護理之家機構與長期照護機
構之服務對象及所具功能相當類似。",https://drive.google.com/file/d/1IEo7JO0CoxnfXCeiRm87BLzYfexqwZH7/view?usp=drivesdk,,
interp-0121,護理人員法解釋彙編,第 15 條,〔釋例類別〕 第 1 類 護理機構屬性,104.9.14,2015-09-14,衛部照字第1041561758號,有關貴局函詢有關「興辦醫療保健事業申請免受山坡地開,109,109,122,122,護理人員、護理機構,彙編節錄,108年彙編多數未保留正本、副本或署名欄；本筆已依下一封函或下一條文邊界切分。,"104.9.14 衛部照字第1041561758 號 
主旨：有關貴局函詢有關「興辦醫療保健事業申請免受山坡地開
發建築面積不得少於十公頃限制案審議規範」疑義案，復
如說明段，請查照。 
說明： 
一、復貴局 104 年 8 月 19 日中市衛醫字第 1040077906 號函。 
二、有關貴局函詢「興辦醫療保健事業申請免受山坡地開發建
築面積不得少於十公頃限制案審議規範」第 4 條第 1 項第
3 點:「所在地不符前二款之規定，但因人口密集，確無適
當地點可供設置，且為醫療資源缺乏地區者」，有關其規
範之「醫療資源缺乏地區者」是否含本部 103 年度公開甄
選「獎勵偏遠（含山地離島）及長照資源不足地區設置在
地且社區化長期照護服務據點計畫」之長照資源不足偏遠
鄉鎮乙案，查前述計畫長照資源不足之偏遠鄉鎮提供長照
服務係指居家或社區長照服務，前揭審議規範之醫療資源
缺乏地區，若所設長照機構提供長照服務類別係為居家式
或社區式服務，尚無不可。",https://drive.google.com/file/d/1IEo7JO0CoxnfXCeiRm87BLzYfexqwZH7/view?usp=drivesdk,,
interp-0122,護理人員法解釋彙編,第 15 條,〔釋例類別〕 第 1 類 護理機構屬性,105.3.18,2016-03-18,衛部照字第1050107119號,有關護理機構是否屬都市計畫法臺灣省施行細則第 29 條,109,110,122,123,護理人員、護理機構,彙編節錄,108年彙編多數未保留正本、副本或署名欄；本筆已依下一封函或下一條文邊界切分。,"105.3.18 衛部照字第1050107119 號 
主旨：有關護理機構是否屬都市計畫法臺灣省施行細則第 29 條
之 1 所稱公用事業設施疑義案，復如說明，請查照。 條 
110 
說明： 
一、依據內政部營建署 105 年 3 月 12 日營授辦城字第
1050012768 號函辦理(如附件)，兼復貴局 105 年 2 月 24
日桃衛照字第 1050010684 號函。 
二、按都市計畫法第 2 條規定；「都市計畫依本法之規定；本
法未規定者，適用其他法律之規定。」合先敘明。 
三、都市計畫法臺灣省施行細則第 29 條之1 所稱公用事業設
施，按民營公用事業監督條例第 2 條規定略以：「左列各
款之公用事業，……一、電燈、電力、及其他電氣事業。
二、電車。三、市內電話。四、自來水。五、煤氣。六、
公共汽車及長途汽車。七、船舶運輸。八、航空運輸。九
、其他依法得由民營之公用事業」爰此，護理機構係屬依
據護理人員法規定設置及管理，非屬上開規定所稱公用事
業之範疇。",https://drive.google.com/file/d/1IEo7JO0CoxnfXCeiRm87BLzYfexqwZH7/view?usp=drivesdk,,
interp-0123,護理人員法解釋彙編,第 2 條,〔釋例類別〕 第 1 類 護理機構屬性,105.5.23,2016-05-23,衛部照字第1050114425號,所詢護理之家得否視為非都市土地使用管制規則之丁種建,110,111,123,124,護理人員、護理機構、護理之家,彙編節錄,108年彙編多數未保留正本、副本或署名欄；本筆已依下一封函或下一條文邊界切分。,"105.5.23 衛部照字第1050114425 號 
主旨：所詢護理之家得否視為非都市土地使用管制規則之丁種建
築用地許可使用細目之 「社區衛生及福利設施」 疑義1案，
復如說明，請查照。 
說明： 
一、依據內政部105年5月17日內授中辦地字第1050417641號函
辦理 ， 兼復貴局105年5月5日彰衛長字第1050015391號函。 
二、按丁種建築用地依非都市土地使用管制規則第 6條附表一
及其備註二規定，容許作工業社區使用，其許可使用細目
計有社區住宅、社區教育設施、社區衛生及福利設施等15
目（各細目之附帶條件均限於已開發工業區且規劃有案
者），並免依該規則規定申請許可使用；但目的事業主管
機關另有規定或得逕依建築法申請建造執照、雜項執照
者，應依其規定辦理。故本案應請貴縣府查明該工業區之
主管機關(單位)，並請其釐清是否有規劃設置一般護理之
家。",https://drive.google.com/file/d/1IEo7JO0CoxnfXCeiRm87BLzYfexqwZH7/view?usp=drivesdk,,
interp-0124,護理人員法解釋彙編,第 15 條,〔釋例類別〕 第 1 類 護理機構屬性,105.10.6,2016-10-06,衛部照字第1051564108號,所詢有關「護理之家」是否得為「其他醫療保健服務業」,111,111,124,124,護理人員、護理機構、護理之家,彙編節錄,108年彙編多數未保留正本、副本或署名欄；本筆已依下一封函或下一條文邊界切分。,"105.10.6 衛部照字第1051564108 號 
主旨：所詢有關「護理之家」是否得為「其他醫療保健服務業」
或為中華民國行業標準分類所稱分類編號「Q870居住型照
顧服務業」，復如說明，請查照。 
說明： 
一、復貴局105年9月20日彰衛長字第1050033641號函。 
二、旨案有關「護理之家」之認屬，按護理人員法及其相關規
定，基於護理機構之服務對象及服務內容範疇，已涉及醫
療及護理業務，是以，經衛生主管機關核准設立之護理之
家，應可認屬為廣義之「醫療保健設施」，並前經本部於",https://drive.google.com/file/d/1IEo7JO0CoxnfXCeiRm87BLzYfexqwZH7/view?usp=drivesdk,,
interp-0125,護理人員法解釋彙編,第 15 條,〔釋例類別〕 第 1 類 護理機構屬性,98 年3 月23 日,2009-03-23,衛署醫字第0980005980號,98 年3 月23 日衛署醫字第0980005980 號函及103 年1 月,111,111,124,124,護理人員、護理機構,參照摘要,彙編中此筆為短摘要或參照其他頁碼，非完整公文全文。,"98 年3 月23 日衛署醫字第0980005980 號函及103 年1 月
2 日衛部照字第 1021581375 號函釋在案，併予敘明。",https://drive.google.com/file/d/1IEo7JO0CoxnfXCeiRm87BLzYfexqwZH7/view?usp=drivesdk,,
interp-0126,護理人員法解釋彙編,第 15 條,〔釋例類別〕 第 1 類 護理機構屬性,95.11.21,2006-11-21,衛署醫字第0950050783號,所詢產後護理之家，可否歸類為社會福利機構一案，復請,111,112,124,125,護理人員、護理機構、產後護理、護理之家、傷口,彙編節錄,108年彙編多數未保留正本、副本或署名欄；本筆已依下一封函或下一條文邊界切分。,"95.11.21.衛署醫字第0950050783 號函 
主旨：所詢產後護理之家，可否歸類為社會福利機構一案，復請 
查照。 
說明： 
一、復 貴府95 年11 月14 日府衛醫字第0950020688號函。 
二、查「都市計畫法臺灣省施行細則」第 18 條第 2 項第 3 款
第 9 目「醫療保健設施」係指：(1)醫療院所(但不包括傳
染病醫院及精神病醫院)。(2)衛生所(站)；第10 目 「社會
福利設施」係指：(1)托兒所。(2)老人長期照護機構、安
養機構或養護機構。(3)身心障礙福利機構。先予敘明。 
三、按護理機構設置標準第 3 條規定，產後護理機構之服務對
象為產後未滿二個月之產婦及出生未滿二個月之嬰幼兒。
另查產後護理機構提供之服務內容，除因應我國婦女產後
調養習俗，產後婦女生活起居及嬰兒之基本照顧，如準備
飲食、清洗衣物等外，尚包括提供產婦之傷口護理、嬰兒
臍帶護理、指導母乳哺餵、衛生教育等護理業務，業已涉
及醫療及護理業務。是以，經衛生主管機關核准設立之產
後護理機構，應可認屬為廣義之「醫療保健設施」。 條 
112",https://drive.google.com/file/d/1IEo7JO0CoxnfXCeiRm87BLzYfexqwZH7/view?usp=drivesdk,,
interp-0127,護理人員法解釋彙編,第 18 條,〔釋例類別〕 第 1 類 護理機構屬性,98.3.23,2009-03-23,衛署醫字第0980005980號,有關護理之家是屬醫療保健服務機構或社會福利機構疑義,112,112,125,125,護理人員、護理機構、護理之家,參照摘要,彙編中此筆為短摘要或參照其他頁碼，非完整公文全文。,"98.3.23.衛署醫字第0980005980 號函 
主旨：有關護理之家是屬醫療保健服務機構或社會福利機構疑義
一案。 
說明： 
一、查「都市計畫法臺灣省施行細則」第 18 條第 2 項第 3 款
第 9 目 「醫療保健設施」 係指：(1)醫療院所（但不包括傳
染病醫院及精神病醫院）。(2)衛生所（站）；第 10 目「
社會福利設施」係指：(1)托兒所。(2)老人長期照護機構
、安養機構或養護機構。(3)身心障礙福利機構。 
二、按護理人員法第15 條規定，護理機構之服務對象包含(1) 
罹患慢性病需長期護理之病人 ；(2)出院後需繼續護理之病
人、(3)產後需護理之產婦及嬰幼兒 。 又按護理機構分類設
置標準第 5 條規定，護理之家機構，對所收案之服務對象
，應由醫師予以診察；並應依病人病情需要，至少每個月
由醫師再予診察一次。爰業已涉及醫療及護理業務，是以
，經衛生主管機關核准設立之護理之家，應可認屬為廣義
之「醫療保健設施」。至是否可歸屬為社會福利機構，則
建請逕向內政部洽詢。 
（註：本函釋說明二末段所敍護理之家是否可歸屬「社會福利機構」
疑義，請參閱 P.115 所列內政部 96.1.10 台 內 中 營 字 第
0950807779 號函釋）",https://drive.google.com/file/d/1IEo7JO0CoxnfXCeiRm87BLzYfexqwZH7/view?usp=drivesdk,,
interp-0128,護理人員法解釋彙編,第 18 條,〔釋例類別〕 第 1 類 護理機構屬性,103.1.2,2014-01-02,衛部照字第1021581375號,所詢有關財政部中區國稅局民權稽徵所所詢本部臺中醫院,112,113,125,126,護理人員、護理機構、護理之家、醫療輔助、開業,彙編節錄,108年彙編多數未保留正本、副本或署名欄；本筆已依下一封函或下一條文邊界切分。,"103.1.2 衛部照字第1021581375 號函 
主旨：所詢有關財政部中區國稅局民權稽徵所所詢本部臺中醫院
附設護理之家提供醫療服務對象膳食服務、育養勞務及醫
療勞務是否適用加值型及非加值型營業稅法第 8 條第 1 項
第 3 款乙案，復如說明段，請查照。 
說明： 
一、復 貴局 102 年11 月13 日中市衛醫字第1020121542號函。 
二、依據護理人員法第 14 條規定：「為減少醫療資源浪費，
因應連續性醫療照護之需求，並發揮護理人員之執業功能 ，得設置護理機構。」同法第 15 條規定：「護理機構之
服務對象如左：一、罹患慢性病需長期護理之病人。二、
出院後需繼續護理之病人。…」又，護理之家提供之服務
內容，依據護理人員法第 24 條規定：「護理人員之業務
如下：一、健康問題之護理評估。二、預防保健之護理措
施。三、護理指導及諮詢。四、醫療輔助行為。前項第四
款醫療輔助行為應在醫師之指示下行之。」爰護理機構所
提供之服務內容範疇，依法可執行前開業務，提供住民護
理照護服務項目，故業已涉及醫療及護理業務。又，上開
所稱醫療輔助行為範疇，係屬醫療勞務，惟其提供服務之
項目，仍應視契約所訂之內容而定。 
三、本部業於102 年 11 月 29 日邀集財政部、縣市衛生局及相
關單位共同研商護理機構提供服務與醫療勞務範圍，決議
為：經衛生主管機關核准設立之護理機構，應可認屬為廣
義之「醫療保健設施」，其所提供之護理服務，屬醫療勞
務範疇者，若係因日常生活照顧所衍生，則非屬醫療勞務
之範疇 ； 本案業於102 年12 月12 日衛部照字第1021581226
號函諒達。 
四、是以，經衛生主管機關核准設立之護理機構，應可認屬為
廣義之「醫療保健設施」，其所提供之護理服務，屬醫療
勞務範疇者，若係因日常生活照顧所衍生，則非屬醫療勞
務之範疇。 
五、至護理之家所提供之勞務內容是否適用加值型及非加值型
營業稅法第 8 條第 1 項第 3 款之規定，仍應由稅務機關認
定之。",https://drive.google.com/file/d/1IEo7JO0CoxnfXCeiRm87BLzYfexqwZH7/view?usp=drivesdk,,
interp-0129,護理人員法解釋彙編,第 15 條,〔釋例類別〕 第 1 類 護理機構屬性,103.3.18,2014-03-18,衛部照字第1031560405號,所詢有關貴轄名家護理之家因土地暨建物經法院拍賣，產,113,114,126,127,護理人員、護理機構、護理之家、負責人,彙編節錄,108年彙編多數未保留正本、副本或署名欄；本筆已依下一封函或下一條文邊界切分。,"103.3.18 衛部照字第1031560405 號函 
主旨：所詢有關貴轄名家護理之家因土地暨建物經法院拍賣，產
權已轉移，可否辦理負責人變更，如無法變更擬重新申請
籌設許可，是否適用農業主管機關同意農業用地變更使用
審查作業要點一案，請查照。 條 
114 
說明： 
一、復 貴局 103 年 3 月 6 日彰衛長字第 1030006204 號函。 
二、依據護理人員法施行細則第5 條第2 項規定：「護理機構
之設置或擴充經許可後，其申請人、設置或擴充地點、床
數有變更者，應重新申請許可。」次依護理機構設置或擴
充許可辦法第 7 條規定：「護理機構之設置或擴充經許可
後，其設置或擴充地點、床數有變更者，應重新申請許可
;私立護理機構負責人變更者，亦同。」前開法規係明訂
機構經許可設立後，如欲變更負責人，應由機構提出申請
，惟對於其變更負責人之原因（例如因土地所有權轉移是
否應辦理負責人變更），非屬本法規範內容，先予敍明。 
三、又按農業主管機關同意農業用地變更使用審查作業要點第
6 點第 1 項規定:「非都市土地特定農業區之農業用地 ， 不
同意變更使用。但符合下列情形之一，且無前點各款情形
之一者，得申請變更使用：…(五)中央目的事業主管機關
專案核准設立之公益性福利設施或再生能源設施。…」查
前開所稱公益性福利設施，應視申請計畫內容進行專案審
查後始得認定。",https://drive.google.com/file/d/1IEo7JO0CoxnfXCeiRm87BLzYfexqwZH7/view?usp=drivesdk,,
interp-0130,護理人員法解釋彙編,第 5 條,〔釋例類別〕 第 1 類 護理機構屬性,103.4.18,2014-04-18,衛部照字第1030110714號,所詢護理之家機構設置，預定使用都市計畫農業土地時，,114,115,127,128,護理人員、護理機構、產後護理、護理之家,彙編節錄,108年彙編多數未保留正本、副本或署名欄；本筆已依下一封函或下一條文邊界切分。,"103.4.18 衛部照字第1030110714 號函 
主旨：所詢護理之家機構設置，預定使用都市計畫農業土地時，
是否適用都市計畫農業區土地使用審查要項表中之「社會
福利事業設施」興建一案，復請查照。 
說明： 
一、復 貴局103 年4 月11 日新縣衛醫字第1030004911號函。 
二、有關護理之家機構設置是否符合社會福利事業設施乙項，
查內政部 96 年 1 月 10 日台內中營字第 0950807779 號函
示在案(如附件)，本案請參酌前開原則依個案事實認定之
。 
三、長照服務法刻正進行審議，俟法案通過後，相關議題將納
入討論。 （ 註 ： 本 函 釋 說 明 二末段 所 敘 內 政 部 96.1.10 台 內 中 營 字 第
0950807779 號函，其內容如下： 
要 旨：有關「獨立型護理之家」及「護理之家」是否符合社會福
利設施或社會福利事業設施範疇 (原內政部 90.07.31 台
內營字第 9084722 號函認定「護理之家」屬有關都市計畫
法臺灣省施行細則第18 條第 2 項第 3 款第 10 目所稱「社
會福利設施」部分，應自即日起不予適用)。 
全文內容：案經本部邀集相關單位召開會議研商，獲致結論略以：依
據護理人員法施行細則第 6 條規定護理機構分為：居家護
理機構、護理之家機構及產後護理機構，準此，護理之家
機構，係屬經衛生主管機關依護理人員法相關規定，核准
設立之護理機構。故本案「護理之家」及「獨立型護理之
家」非屬兒童福利法、老人福利法、殘障福利法或社會救
助法等規定所稱之社會福利事業設施。是以，本部90 年 7
月 31 日台內營字第9084722 號函認定 「護理之家」 屬有關
都市計畫法臺灣省施行細則第18 條第 2 項第 3 款第 10 目
所稱「社會福利設施」部分，應自即日起停止適用。 )",https://drive.google.com/file/d/1IEo7JO0CoxnfXCeiRm87BLzYfexqwZH7/view?usp=drivesdk,,
interp-0131,護理人員法解釋彙編,第 15 條,〔釋例類別〕 第 1 類 護理機構屬性,103.10.14,2014-10-14,衛部照字第1031561690號,所詢有關一般護理之家相關疑義案，如說明段，請查照。,115,117,128,130,護理人員、護理機構、護理之家,彙編節錄,108年彙編多數未保留正本、副本或署名欄；本筆已依下一封函或下一條文邊界切分。,"103.10.14 衛部照字第1031561690 號函 
主旨：所詢有關一般護理之家相關疑義案，如說明段，請查照。 
說明： 
一、依據內政部營建署 103 年 9 月 12 日營授辦城字第
1033580690 號函及行政院農業委員會103 年9 月9 日農企
字第 1030230729 號函兼復貴中心 103 年 8 月 22 日苗照管
字第 1030007304 號函。 
二、有關護理之家是否符合都市計畫法臺灣省施行細則所稱『
公益上需要』乙節:依據都市計畫法臺灣省施行細則第 23
條規定：「行政區以供政府機關、自治團體、人民團體及
其他公益上需要之建築物使用為主，不得建築住宅、商店
、旅社、工廠及其他娛樂用建築物。但紀念性之建築物與
附屬於建築物之車庫及非營業性之招待所，不在此限。」 條 
116 
次依內政部營建署說明，前項所稱『公益上需要』之建築
物使用，係指出於公共利益的目的，為使社會公眾或者一
定範圍內的社會公眾受益所需之建築物使用而言，且應依
都市計畫法第 37 條規定，洽都市計畫擬定機關審查土地
使用分區管制查明其規定目地之使用。爰一般護理之家是
否符合前開規定，應視機構申請計畫個案事實認定之。 
三、又，護理之家是否符合農業主管機關同意農業用地變更使
用審查作業要點『公益性福利設施』乙節：農業主管機關
同意農業用地變更使用審查作業要點第 6 點規定：「非都
市土地特定農業區之農業用地，不同意變更使用。但符合
下列情形之一，且無前點各款情形之一者，得申請變更使
用：…(五)中央目的事業主管機關專案核准設立之公益性
福利設施或再生能源設施。…」按行政院農委會說明，前
項所稱『公益性福利設施』，需具『公益性福利設施』性
質，且經中央目的事業主管機關核准設立者，始得辦理。
本案應先確認以何種設施合法化，再由縣市政府業務主管
機關，依前開要點第4 點規定，就該事業設置之必要性與
計畫所提使用特定農業區用地、面積之必要性、合理性及
無可替代性提出目的事業主管機關之評估意見，如認為本
案有專案核准之必要性，再為本案向中央目的事業主管機
關提出專案核准之申請。爰一般護理之家是否符合前開規
定，應按機構興辦事業計畫之性質及使用內涵，視個案事
實認定。 
四、有關醫院附設一般護理之家，設置於醫院同址且分散不同
樓層之通道(出入口及電梯)是否應獨立乙節 ， 本部前於95
年 12 月 15 日衛署醫字第 0950062433 號書函及 96 年 10
月 29 日衛署醫字第 0960049243 號函示在案，併予敍明，
內容略以：如於同棟大樓不同樓層設置護理之家，護理機
構與醫療機構之執業場所使用空間應有明確區隔，並各有
獨立動線(包含出入口及電梯)，且符合護理機構設置標準
之相關規定，得予准許。本案請依此原則辦理。",https://drive.google.com/file/d/1IEo7JO0CoxnfXCeiRm87BLzYfexqwZH7/view?usp=drivesdk,,
interp-0132,護理人員法解釋彙編,第 15 條,〔釋例類別〕 第 1 類 護理機構屬性,104.1.6,2015-01-06,衛部照字第1031562634號,有關提送貴轄陳君申請興建隆安護理之家是否符合專案核,117,117,130,130,護理人員、護理機構、護理之家,彙編節錄,108年彙編多數未保留正本、副本或署名欄；本筆已依下一封函或下一條文邊界切分。,"104.1.6 衛部照字第1031562634 號函 
主旨：有關提送貴轄陳君申請興建隆安護理之家是否符合專案核
准設立之公益性福利設施一案，如說明段，復請查照。 
說明： 
一、復 貴局103 年11 月27 日彰衛長字第1030037319號函。 
二、依據農業主管機關同意農業用地變更使用審查作業要點第
4 點規定：「目的事業主管機關對於興辦事業人申請農業
用地變更，應就事業設置之必要性與計畫使用農業用地所
提區位、面積之必要性、合理性及無可替代性，提出評估
意見，或具體表示是否支持該興辦事業及土地使用。」同
要點第 6 點規定:「非都市土地特定農業區之農業用地，
不同意變更使用。但符合下列情形之一，且無前點各款情
形之一者，得申請變更使用：…(五)中央目的事業主管機
關專案核准設立之公益性福利設施或再生能源設施。…」
。 
三、前項所稱『公益性福利設施』，需具『公益性福利設施』
性質，且經中央目的事業主管機關核准設立者，始得辦理
。本案應依前開要點第 4 點規定，應由目的事業主管(中
央及縣市衛生主管單位)對於本申請農業用地變更案提出
評估意見，爰請貴局就旨案興辦事業計畫之事業設置必要
性與計畫所提使用特定農業區用地、面積之必要性、合理
性及無可替代性等提出審查意見；又如經評估結果認為本
案確實有專案核准之必要，併附評估意見再向本部提出專
案核准之申請。 
四、檢還陳君申請興建隆安護理之家之新建計畫書 1 本。",https://drive.google.com/file/d/1IEo7JO0CoxnfXCeiRm87BLzYfexqwZH7/view?usp=drivesdk,,
interp-0133,護理人員法解釋彙編,第 15 條,〔釋例類別〕 第 1 類 護理機構屬性,104.1.16,2015-01-16,衛部照字第1041560039號,有關提送貴轄邱君申請興建庭安護理之家計畫書一案，如,117,118,130,131,護理人員、護理機構、護理之家,彙編節錄,108年彙編多數未保留正本、副本或署名欄；本筆已依下一封函或下一條文邊界切分。,"104.1.16 衛部照字第1041560039 號函 
主旨：有關提送貴轄邱君申請興建庭安護理之家計畫書一案，如
說明段，復請查照。 
說明： 
一、復 貴局 103 年12 月31 日彰衛長字第1030042161號函。 條 
118 
二、依據農業主管機關同意農業用地變更使用審查作業要點第
4 點規定：「目的事業主管機關對於興辦事業人申請農業
用地變更，應就事業設置之必要性與計畫使用農業用地所
提區位、面積之必要性、合理性及無可替代性，提出評估
意見，或具體表示是否支持該興辦事業及土地使用。」同
要點第 6 點規定:「非都市土地特定農業區之農業用地，
不同意變更使用。但符合下列情形之一，且無前點各款情
形之一者，得申請變更使用：…(五)中央目的事業主管機
關專案核准設立之公益性福利設施或再生能源設施。…」
。 
三、前項所稱『公益性福利設施』，需具『公益性福利設施』
性質，且經中央目的事業主管機關核准設立者，始得辦理
。本案應依前開要點第 4 點規定，應由目的事業主管(中
央及縣市衛生主管單位)對於本申請農業用地變更案提出
評估意見，爰請貴局就旨案興辦事業計畫之事業設置必要
性與計畫所提使用特定農業區用地、面積之必要性、合理
性及無可替代性等提出審查意見；又如經評估結果認為本
案確實有專案核准之必要，併附評估意見再向本部提出專
案核准之申請。 
四、檢還邱君申請興建庭安護理之家設立計畫書 10 本。",https://drive.google.com/file/d/1IEo7JO0CoxnfXCeiRm87BLzYfexqwZH7/view?usp=drivesdk,,
interp-0134,護理人員法解釋彙編,第 15 條,〔釋例類別〕 第 1 類 護理機構屬性,104.1.26,2015-01-26,衛部照字第1031560192號,所詢有關護理之家是否符合公益性福利設施疑義案，如說,118,119,131,132,護理人員、護理機構、護理之家,彙編節錄,108年彙編多數未保留正本、副本或署名欄；本筆已依下一封函或下一條文邊界切分。,"104.1.26 衛部照字第1031560192 號函 
主旨：所詢有關護理之家是否符合公益性福利設施疑義案，如說
明段，復請查照。 
說明： 
一、復 貴局104 年 1 月 20 日彰衛長字第 1040001487 號函。 
二、有關護理之家是否符合「公益性福利設施」，查農業主管
機關同意農業用地變更使用審查作業要點第 4 點規定：「
目的事業主管機關對於興辦事業人申請農業用地變更，應
就事業設置之必要性與計畫使用農業用地所提區位、面積
之必要性、合理性及無可替代性，提出評估意見，或具體 表示是否支持該興辦事業及土地使用。」同要點第 6 點規
定略以:「非都市土地特定農業區之農業用地，不同意變
更使用。但符合下列情形之一，且無前點各款情形之一者
，得申請變更使用：…(五)中央目的事業主管機關專案核
准設立之公益性福利設施或再生能源設施。…」。 
三、前項所稱「公益性福利設施」，需具「公益性福利設施」
性質，且經中央目的事業主管機關核准設立者，始得辦理
。本案應先確認以何種設施合法化，再由目的事業主管 (
中央及縣市衛生主管單位)依前開要點第 4 點規定，就該
事業設置之必要性與計畫所提使用特定農業區用地、面積
之必要性、合理性及無可替代性提出目地事業主管機關之
評估意見，如認為本案有專案核准之必要，再向中央目的
事業主管機關提出專案核准之申請。爰護理之家是否符合
前開規定，應按機構興辦事業計畫之性質及使用內涵，視
個案事實認定。",https://drive.google.com/file/d/1IEo7JO0CoxnfXCeiRm87BLzYfexqwZH7/view?usp=drivesdk,,
interp-0135,護理人員法解釋彙編,第 15 條,〔釋例類別〕 第 1 類 護理機構屬性,104.5.29,2015-05-29,衛部照字第1041560989號,有關貴處函請建議研修「一般護理之家定型化契約範本暨,119,120,132,133,護理人員、護理機構、護理之家,彙編節錄,108年彙編多數未保留正本、副本或署名欄；本筆已依下一封函或下一條文邊界切分。,"104.5.29 衛部照字第1041560989 號函 
主旨：有關貴處函請建議研修「一般護理之家定型化契約範本暨
其應記載及不得記載事項」案，本部辦理情形如說明，請
查照。 
說明： 
一、依據 貴處 104 年 5 月 8 日院臺消保字第 1040132809 號函
辦理。 
二、旨案定型契約範本暨其應記載及不得記載事項之研修，鑑
於長期照顧服務法將一般護理之家將納為長照機構，該法
甫於 104 年 5 月 15 日經立法院三讀通過，本部後續將著
手研訂相關子法；又，查該法第 42 條規定「長照機構於
提供長照服務時，應與長照服務使用者、家屬或支付費用
者簽訂書面契約。前項契約書之格式、內容，中央主管機
關應訂定定型化契約範本與其應記載及不得記載之事項」
本部刻正展開相關研擬作業，並同時將旨揭研修案納入檢 條 
120 
討及修訂。 

〔釋例類別〕 第 2 類 護理機構服務對象",https://drive.google.com/file/d/1IEo7JO0CoxnfXCeiRm87BLzYfexqwZH7/view?usp=drivesdk,,
interp-0136,護理人員法解釋彙編,第 15 條,〔釋例類別〕 第 2 類 護理機構服務對象,88.9.9,1999-09-09,衛署醫字第88056482號,承詢老人養護機構可否收容照顧插管老人乙案，復請查照,120,120,133,133,護理人員、護理機構,彙編節錄,108年彙編多數未保留正本、副本或署名欄；本筆已依下一封函或下一條文邊界切分。,"88.9.9.衛署醫字第88056482 號函 
主旨：承詢老人養護機構可否收容照顧插管老人乙案，復請查照
。 
說明： 
一、復 貴部87 年12 月11 日台(87)內社字第8778898號函。 
二、對老人執行插管照護，應屬技術性護理服務，得由護理人
員依醫師指示或醫囑為之。至於老人養護機構可否收容照
顧插管老人乙案，仍請依老人福利法規定辦理。",https://drive.google.com/file/d/1IEo7JO0CoxnfXCeiRm87BLzYfexqwZH7/view?usp=drivesdk,,
interp-0137,護理人員法解釋彙編,第 15 條,〔釋例類別〕 第 2 類 護理機構服務對象,90.3.26,2001-03-26,衛署醫字第0900015344號,所詢護理人員法第 15 條護理機構之服務對象第 1 款「罹,120,121,133,134,護理人員、護理機構、居家護理、產後護理、護理之家,彙編節錄,108年彙編多數未保留正本、副本或署名欄；本筆已依下一封函或下一條文邊界切分。,"90.3.26.衛署醫字第0900015344 號函 
主旨：所詢護理人員法第 15 條護理機構之服務對象第 1 款「罹
患慢性病需長期護理之病人」，是否得包括慢性精神病患
乙案，復請 查照。 
說明： 
一、復 貴局 90 年 3 月 7 日彰衛醫字第 90005344 號函。 
二、依護理人員法施行細則第6 條規定，護理機構有三類，分
為護理之家機構、居家護理機構、產後護理機構，其中護
理之家機構以罹患慢性病需長期照護之病人為服務對象，
由於該類機構之設置標準，不論人力配置或相關設施，均
以身體罹患器質性疾病者為主要考量對象，故尚不宜收治
慢性精神病患。 
三、至於慢性精神病患長期照顧需要，本署業已另案檢討。 
（註：1.92 年 10 月 27 日修正發布護理機構設置標準第8 條附表，將
護理之家機構分為一般護理之家及精神護理之家。 
2.相關函釋：本署100.3.24 衛署醫字第1000064197 號函，請 
參閱 P.124）",https://drive.google.com/file/d/1IEo7JO0CoxnfXCeiRm87BLzYfexqwZH7/view?usp=drivesdk,,
interp-0138,護理人員法解釋彙編,第 15 條,〔釋例類別〕 第 2 類 護理機構服務對象,93.3.11,2004-03-11,衛署醫字第0930008749號,所詢護理之家是否得收容精神障礙者乙案，復如說明，請,121,121,134,134,護理人員、護理機構、護理之家,彙編節錄,108年彙編多數未保留正本、副本或署名欄；本筆已依下一封函或下一條文邊界切分。,"93.3.11.衛署醫字第0930008749 號函 
主旨：所詢護理之家是否得收容精神障礙者乙案，復如說明，請 
查照。 
說明： 
一、復 貴局 93 年 2 月 27 日嘉衛保字第 0930003003 號函。 
二、查本署業於92 年 10 月 27 日衛署醫字第 0920216079 號令
修正發布護理機構設置標準第 8 條附表，將護理之家機構
分為一般護理之家及精神護理之家。 
三、按精神護理之家服務對象，係以精神病症狀穩定且呈現慢
性化、需生活照顧之精神病患；一般護理之家係以罹患慢
性病需長期照護之病人為服務對象，由於該類機構之設置
標準，不論人力配置或相關設施，均以身體罹患器質性疾
病者為考量對象，慢性精神病患應不屬一般護理之家收案
對象。",https://drive.google.com/file/d/1IEo7JO0CoxnfXCeiRm87BLzYfexqwZH7/view?usp=drivesdk,,
interp-0139,護理人員法解釋彙編,第 15 條,〔釋例類別〕 第 2 類 護理機構服務對象,94.11.16,2005-11-16,衛署醫字第0940052998號,為精神疾病併慢性病行動不便需長期照護之個案應由精神,121,122,134,135,護理人員、護理機構、護理之家,彙編節錄,108年彙編多數未保留正本、副本或署名欄；本筆已依下一封函或下一條文邊界切分。,"94.11.16.衛署醫字第0940052998 號函 
主旨：為精神疾病併慢性病行動不便需長期照護之個案應由精神
護理之家或一般護理之家機構收容安置乙案，復請 查照
。 
說明： 
一、復 貴局 94 年 9 月 15 日投衛醫字第 0940300921 號函。 
二、查「護理機構設置標準」規定，精神護理之家服務對象為
：「精神病症狀穩定且呈現慢性化，需生活照顧之精神病
患，且應符合本標準第 5 條之規定。」；一般護理之家服
務對象依護理人員法第 15 條第 1 項第 1 款規定為 ： 「罹患
慢性病需長期照顧之病人」。 
三、前項精神護理之家收治之對象，若以本署與社政單位共同
商定之「精神病患照顧體系權責劃分」表劃定，係指第 5
類（精神病症狀穩定且呈現慢性化，不需住院治療但需生
活照顧者）、第 6 類（精神病症狀穩定且呈現慢性化，不
需住院治療之年邁者、痴呆者、智障者、無家可歸者）精 條 
122 
神病人。 
四、該精神病症狀穩定且呈現慢性化之第 5、6 類病人，隨年
齡老化、退化，亦可能與一般人一樣，因病情而導致肢體
失能或行動不便。是以，一般護理之家及精神護理之家均
得予以收治。至於此類病人收容於精神護理之家或一般護
理之家較易獲得妥善照護，宜考量病人病情依個案事實認
定。",https://drive.google.com/file/d/1IEo7JO0CoxnfXCeiRm87BLzYfexqwZH7/view?usp=drivesdk,,
interp-0140,護理人員法解釋彙編,第 15 條,〔釋例類別〕 第 2 類 護理機構服務對象,95.11.10,2006-11-10,衛署醫字第0952802020號,所詢護理之家、慢性病房及呼吸照護病房是否屬於老人福,122,123,135,136,護理人員、護理機構、護理之家,彙編節錄,108年彙編多數未保留正本、副本或署名欄；本筆已依下一封函或下一條文邊界切分。,"95.11.10.衛署醫字第0952802020 號函 
主旨：所詢護理之家、慢性病房及呼吸照護病房是否屬於老人福
利機構設立標準之長期照護機構？及上開機構之服務人
員如何認定與計算一案，復請 查照。 
說明： 
一、復 貴會95 年10 月23 日勞職外字第0950042179號函。 
二、按護理之家機構，係以罹患慢性病需長期護理之病人及出
院後需繼續護理之病人為服務對象，依護理人員法及護理
機構設置標準之相關規定，經衛生主管機關核准設立之機
構；至慢性病房及呼吸照護病房，係對已經疾病急性期之
治療後惟仍需相當程度之特殊醫療照護為主之病患，依醫
療法及醫療機構設置標準之相關規定，經衛生主管機關核
准設立之機構，先予敘明。 
三、另查老人福利法第9 條第 1 項第 1 款規定，長期照護機構
係以照顧罹患長期慢性疾病並且需要醫護服務之老人為目
的，經社政主管機關核准設立之機構。同條第 2 項、第 3
項並規定，長期照護機構如涉及醫事服務者，其設立標準
應會同中央衛生主管機關定之，又其醫療或護理服務，應
依醫療法、護理人員法或其他醫事專門職業法等規定辦理
。故護理之家機構與長期照護機構之服務對象及所具功能
相當類似。 
四、檢送護理機構設置標準及醫療機構設置標準各一份，請參
酌。",https://drive.google.com/file/d/1IEo7JO0CoxnfXCeiRm87BLzYfexqwZH7/view?usp=drivesdk,,
interp-0141,護理人員法解釋彙編,第 15 條,〔釋例類別〕 第 2 類 護理機構服務對象,96.12.4,2007-12-04,衛署醫字第0960051867號,所詢護理機構之服務對象為失智者，其設置標準是否適用,123,124,136,137,護理人員、護理機構、護理之家,彙編節錄,108年彙編多數未保留正本、副本或署名欄；本筆已依下一封函或下一條文邊界切分。,"96.12.4.衛署醫字第0960051867 號函 
主旨：所詢護理機構之服務對象為失智者，其設置標準是否適用
護理人員法第 16 條第 2 項之規定一案，復請 查照。 
說明： 
一、復 貴局96 年11 月7 日衛局醫字第09600357350號函。 
二、查護理人員法第 15 條規定：「護理機構之服務對象如左
：一、罹患慢性病需長期護理之病人。二、出院後需繼續
護理之病人。……」。次查「護理機構設置標準表」規定
，護理之家機構包括一般護理之家及精神護理之家。一般
護理之家之服務對象，係以身體罹患器質性疾病者為主要
考量對象；而精神護理之家之服務對象，為「精神病症狀
穩定且呈現慢性化，需生活照顧之精神病患，且應符合本
標準第 5 條之規定。」先予敘明。 
三、另查，前揭精神護理之家收治之對象，若依本署與社政單
位共同商定之「精神病患照顧體系權責劃分」表劃定，為
第 5 類(精神病症狀穩定且呈現慢性化 ， 不需住院治療但需
生活照顧者)、第 6 類(精神病症狀穩定且呈現慢性化，不
需住院治療之年邁者、痴呆者、智障者、無家可歸者)精神
病人。前經本署 94 年 11 月 16 日衛署醫字第 0940052998
號函釋在案。惟查，失智症病人的心智衰退是漸進式的，
最嚴重者甚至達到自我照顧能力完全喪失，需完全依賴他
人照顧之程度，其照護人力需求或相關設施，不同於一般
精神病人。 
四、復查「護理機構設置標準表」規定，一般護理之家之設置
標準，不論人力配置或相關設施，均以身體罹患器質性疾
病者為主要考量對象，該機構之護理人員、社工人員及照
顧服務員人數等均優於精神護理之家，較符合失智症照顧
需求；又失智症之疾病特性及所需之生理照顧需求，入住
一般護理機構亦可獲得更為妥適之照護。至關於該護理之
家機構建築物之設計、構造與設備，應符合護理機構設置
標準之規定；至其建築物之空間規劃，則應符合建築法及 條 
124 
消防法等有關規定。",https://drive.google.com/file/d/1IEo7JO0CoxnfXCeiRm87BLzYfexqwZH7/view?usp=drivesdk,,
interp-0142,護理人員法解釋彙編,第 15 條,〔釋例類別〕 第 2 類 護理機構服務對象,100.3.24,2011-03-24,衛署醫字第1000064197號,有關一般護理之家是否可以收治精神病人疑義一案，復請,124,124,137,137,護理人員、護理機構、護理之家、開業,彙編節錄,108年彙編多數未保留正本、副本或署名欄；本筆已依下一封函或下一條文邊界切分。,"100.3.24.衛署醫字第1000064197 號函 
主旨：有關一般護理之家是否可以收治精神病人疑義一案，復請 
查照。 
說明： 
一、復 貴局100 年3 月11 日苗衛醫字第1000300397號函。 
二、按護理人員法第 15 條業明訂護理機構之服務對象，係包
括罹患慢性病需長期護理之病人或出院後需繼續護理之病
人…等。至護理機構分類設置標準，主要係供規劃設置或
擴充護理機構時參考依循之標準，及衛生主管機關受理護
理機構申請設置開業時據以審核之規定。 
三、是以，精神病人如其精神疾病之症狀穩定且呈現慢性化者
， 在符合護理人員法第15 條規定下 ， 由一般護理之家收治
，尚無明文規定不可。",https://drive.google.com/file/d/1IEo7JO0CoxnfXCeiRm87BLzYfexqwZH7/view?usp=drivesdk,,
interp-0143,護理人員法解釋彙編,第 15 條,〔釋例類別〕 第 2 類 護理機構服務對象,101.11.27,2012-11-27,衛署照字第1012864517號,有關貴局所詢護理之家設置標準呼吸器依賴個案病床疑義,124,125,137,138,護理人員、護理機構、護理之家,彙編節錄,108年彙編多數未保留正本、副本或署名欄；本筆已依下一封函或下一條文邊界切分。,"101.11.27.衛署照字第1012864517 號函 
主旨：有關貴局所詢護理之家設置標準呼吸器依賴個案病床疑義
案，復請 查照。 
說明： 
一、復 貴局 101 年 11 月 16 日衛醫字第 1010019739 號函。 
二、本案所指之呼吸器依賴個案，係指護理人員法第 15 條所
定護理機構之服務對象，且需裝置呼吸器以維生，無法脫
離使用者。鑑於一般護理之家收住該等住民，需要更專業
之照護及適當人力、設施及設備，故非以費用來源或使用
呼吸器之天數為依據。 
三、爰此，所詢一般護理之家收住呼吸器依賴個案病床界定之
疑義乙節，護理之家收住個案若有呼吸器依賴者，均應依
本署100 年12 月2 日發布修正之護理機構分類設置標準第
8 條附表（護理機構設置標準表），一般護理之家收住呼
吸器依賴個案達四床以上者之病房設置標準，其病房應為 獨立隔間或區域有明顯區隔，每一隔間區域不超過六床等
規定辦理。",https://drive.google.com/file/d/1IEo7JO0CoxnfXCeiRm87BLzYfexqwZH7/view?usp=drivesdk,,
interp-0144,護理人員法解釋彙編,第 15 條,〔釋例類別〕 第 2 類 護理機構服務對象,102.2.27,2013-02-27,衛署照字第1022860040號,所詢有關臺南市賴市長建議放寬養護型機構得收容腸造口,125,125,138,138,護理人員、護理機構、護理之家,彙編節錄,108年彙編多數未保留正本、副本或署名欄；本筆已依下一封函或下一條文邊界切分。,"102.2.27.衛署照字第1022860040 號函 
主旨：所詢有關臺南市賴市長建議放寬養護型機構得收容腸造口
病患，是否可參照或依據鼻胃管、導尿管等護理服務需求
老人之規定，讓養護型機構得收容腸造口、胃造口、膀胱
造口等對象乙案，復請 查照。 
說明： 
一、復 貴部102 年1 月2 日內授中社字第1015072308號函。 
二、依據護理人員法容留具腸造口、胃造口、膀胱造口等之照
護對象，其相關護理業務係屬護理專業工作範圍。 
三、護理人員之執業場所包括各類醫療機構、護理機構、安養
護機構及其他醫事機構（如捐血中心）、學校…等場所。 
四、前述住民其護理需求較一般養護機構住民為高，而養護機
構設置標準對護理人員之要求低於老福法之「長期照顧機
構」及護理人員法之「一般護理之家」，故養護型機構如
收住需前述專業護理服務之對象，應確保個案所需之照護
品質，至於養護型機構是否得收容腸造口、胃造口、膀胱
造口等對象，仍須依護理人員法、老人福利法等法規之規
範，惠請貴部考量前述照護品質，本於權責予以審酌。",https://drive.google.com/file/d/1IEo7JO0CoxnfXCeiRm87BLzYfexqwZH7/view?usp=drivesdk,,
interp-0145,護理人員法解釋彙編,第 15 條,〔釋例類別〕 第 2 類 護理機構服務對象,103.7.28,2014-07-28,衛部照字第1031500136號,所詢護理之家是否有護理人員應固定時間巡房之規定一案,125,126,138,139,護理人員、護理機構、產後護理、護理之家、醫療輔助,彙編節錄,108年彙編多數未保留正本、副本或署名欄；本筆已依下一封函或下一條文邊界切分。,"103.7.28 衛部照字第1031500136 號函 
主旨：所詢護理之家是否有護理人員應固定時間巡房之規定一案
，復如說明段，請查照。 
說明： 
一、復 貴署 103 年7 月17 日北檢治崑103 相247 字第48475號
函。 
二、查護理人員法係規範護理人員執業條件、業務範疇及護理
機構設置管理規定，依護理人員法第 15 條規定，護理機
構之服務對象包含罹患慢性病需長期護理之病人及出院 條 
126 
後需繼續護理之病人等。同法第 24 條規定護理人員業務
，包含健康問題之護理評估、預防保健之護理措施、護理
指導及諮詢、醫療輔助行為，前項醫療輔助行為應在醫師
之指示下行之。 
三、承上，有關護理之家之護理人員是否應固定時間巡房，除
護理人員執行業務應善盡必要之注意義務之外，並應視住
民病況及照護需求認定，其事涉照護品質，非屬護理人員
法之規定範疇。 
四、檢附護理人員法全文 1 份。 

〔釋例類別〕 第 3 類 產後護理機構與坐月子中心之區別",https://drive.google.com/file/d/1IEo7JO0CoxnfXCeiRm87BLzYfexqwZH7/view?usp=drivesdk,,
interp-0146,護理人員法解釋彙編,第 24 條,〔釋例類別〕 第 3 類 產後護理機構與坐月子中心之區別,88.5.25,1999-05-25,衛署醫字第88023071號,所詢醫院附設所謂「坐月子中心」照顧產後婦女，是否有,126,126,139,139,護理人員、護理機構、產後護理,彙編節錄,108年彙編多數未保留正本、副本或署名欄；本筆已依下一封函或下一條文邊界切分。,"88.5.25.衛署醫字第88023071 號函 
主旨：所詢醫院附設所謂「坐月子中心」照顧產後婦女，是否有
違相關法規乙案，復請 查照。 
說明： 
一、復 貴局88 年4 月20 日北市衛五字第8821835200號函。 
二、醫院附設「坐月子中心」，如不影響醫院應有總樓地板面
積之使用，尚無不可，惟應符合坐月子中心定型化契約範
本之要求。 
（註：本函釋嗣經 89.10.5.衛署醫字第0890020710 號函釋，請衛生 
局積極輔導轄區內之坐月子中心轉型為產後護理機構，請參閱 
P.128）",https://drive.google.com/file/d/1IEo7JO0CoxnfXCeiRm87BLzYfexqwZH7/view?usp=drivesdk,,
interp-0147,護理人員法解釋彙編,第 24 條,〔釋例類別〕 第 3 類 產後護理機構與坐月子中心之區別,88.5.29,1999-05-29,衛署醫字第85025644號,有關台灣省政府建設廳函為確定「坐月子中心」、「安親,126,127,139,140,護理人員、護理機構、產後護理、護理之家,彙編節錄,108年彙編多數未保留正本、副本或署名欄；本筆已依下一封函或下一條文邊界切分。,"88.5.29.衛署醫字第85025644 號函 
主旨：有關台灣省政府建設廳函為確定「坐月子中心」、「安親
班」之目的事業主管機關及其審核標準一案，復請 查照
。 
說明： 
一、復 貴部 85 年 4 月 15 日台(85)內營字第8502632 號函。 
二、查護理人員法施行細則第6 條規定，護理機構種類分為居 家護理機構、護理之家機構及產後護理機構，其主管機關
在中央為行政院衛生署；在 省(市)為省(市)政府衛生處(
局)；在縣(市)為縣(市)政府。 
三、依護理機構設置標準第4 條規定，產後護理機構係以產後
未滿 2 個月需護理之產婦及出生未滿 2 個月需護理之嬰幼
兒為服務對象。該標準對於產後護理機構之人員、護理服
務設施、建築物之設計、構造與設備等均有明文規定。 
四、按「坐月子中心」係因應我國婦女產後調養習俗及家庭型
態由大家庭轉型為核心家庭致產婦產後乏人照料而衍生之
事業，其若僅係針對產婦之生活起居及嬰兒之基本照顧，
而未涉及產婦產後醫療或護理者，應不受護理人員法及其
相關規定之規範，其目的事業主管機關應非衛生主管機關
。惟基於產婦產後應有獲得良好照護之權益，本署刻正研
議輔導坐月子中心依法設立為產後護理機構之可行性。 
五、所稱「安親班」如係以提供兒童之生活照顧為主要業務，
應非屬醫療衛生機構，衛生主管機關亦非其主管機關。 
六、副本抄送台灣省政府衛生處，復貴處 85 年 5 月 15 日 85
衛五字第 850039168 號函。",https://drive.google.com/file/d/1IEo7JO0CoxnfXCeiRm87BLzYfexqwZH7/view?usp=drivesdk,,
interp-0148,護理人員法解釋彙編,第 15 條,〔釋例類別〕 第 3 類 產後護理機構與坐月子中心之區別,89.7.19,2000-07-19,衛署醫字第89040214號,有關坐月子中心之管理問題，本署處理情形如說明段，請,127,128,140,141,護理人員、護理機構、產後護理,彙編節錄,108年彙編多數未保留正本、副本或署名欄；本筆已依下一封函或下一條文邊界切分。,"89.7.19.衛署醫字第89040214 號函 
主旨：有關坐月子中心之管理問題，本署處理情形如說明段，請
查照，並分送各委員參考。 
說明： 
一、依據立法院第4 屆第 3 會期衛生環境及社會福利、司法二
委員會第 4 次聯席會議議事錄辦理。 
二、本案經本署於89 年 6 月 29 日邀集行政院消費者保護委員
會、內政部營建署、內政部消防署及各縣市衛生局開會研
商，決議如下： 
(1)坐月子中心之服務對象與護理人員法所規定之產後護
理機構服務對象相同，應依該法之規定辦理。 
(2)檢討修正「護理機構設置標準」，將病房、病室及衛 條 
128 
浴設備之門寬規定修正刪除；所定病房走道淨寬至少
1.4 公尺部分，修正為1.2 公尺。 
(3)請各縣、市衛生局依護理人員法規定，積極輔導轄區
內之坐月子中心轉型為產後護理機構，並於 89 年 12
月 31 日前，將輔導結果報署備查，若因建管、消防法
令問題造成輔導轉型困難之情形，請將其問題點一併
報署，再由本署邀集建管、消防及消保會等相關機關
協調辦理。 
（註：本函釋說明二所敍決議(2)檢討修正護理機構設置標準有 
關門寬及走道淨寬部分，嗣經檢討結果，未作修正）",https://drive.google.com/file/d/1IEo7JO0CoxnfXCeiRm87BLzYfexqwZH7/view?usp=drivesdk,,
interp-0149,護理人員法解釋彙編,第 15 條,〔釋例類別〕 第 3 類 產後護理機構與坐月子中心之區別,89.10.5,2000-10-05,衛署醫字第0890020710號,坐月子中心之服務對象與護理人員法所規定之產後護理機,128,128,141,141,護理人員、護理機構、產後護理,彙編節錄,108年彙編多數未保留正本、副本或署名欄；本筆已依下一封函或下一條文邊界切分。,"89.10.5.衛署醫字第0890020710 號函 
主旨：坐月子中心之服務對象與護理人員法所規定之產後護理機
構服務對象相同，應依該法之規定辦理，請貴局依護理人
員法規定，積極輔導轄區內之坐月子中心轉型為產後護理
機構，請 查照。 
說明：依據89 年 6 月 29 日「研商坐月子中心納入產後護理機構
管理相關事宜」會議決議辦理。",https://drive.google.com/file/d/1IEo7JO0CoxnfXCeiRm87BLzYfexqwZH7/view?usp=drivesdk,,
interp-0150,護理人員法解釋彙編,第 15 條,〔釋例類別〕 第 3 類 產後護理機構與坐月子中心之區別,89.11.28,2000-11-28,衛署醫字第0890026496號,所詢護理人員法規定之產後護理機構業務內容，是否包括,128,129,141,142,護理人員、護理機構、產後護理、傷口,彙編節錄,108年彙編多數未保留正本、副本或署名欄；本筆已依下一封函或下一條文邊界切分。,"89.11.28.衛署醫字第0890026496 號函 
主旨：所詢護理人員法規定之產後護理機構業務內容，是否包括
產後生活照顧，其護理與生活照顧如何區分乙案， 復請 
查照。 
說明： 
一、復 貴局89 年11 月2 日北市衛五字第8924870300號函。 
二、依護理機構設置標準第 3 條規定：產後護理機構之服務對
象為產後未滿 2 個月需護理之產婦及出生未滿 2 個月需護
理之嬰幼兒，又為因應我國婦女產後調養習俗，產後婦女
生活起居之基本照顧，如準備飲食、清洗衣物等，均需仰
賴機構協助提供，同時機構尚需提供產婦之傷口護理、嬰
兒臍帶護理、指導母乳哺餵、衛生教育等。爰此，產後護 理機構提供之服務內容，包括護理業務及產婦、嬰兒之生
活照顧。 
三、所送「台北市產後護理機構輔導管理自治條例草案」第 4
條規定：產後護理機構之服務項目有嬰兒沐浴、產婦膳食
、臍帶處理等，與產後護理機構之服務內容並無不同。",https://drive.google.com/file/d/1IEo7JO0CoxnfXCeiRm87BLzYfexqwZH7/view?usp=drivesdk,,
interp-0151,護理人員法解釋彙編,第 15 條,〔釋例類別〕 第 3 類 產後護理機構與坐月子中心之區別,89.12.18,2000-12-18,衛署醫字第0890031804號,所詢坊間針對產後產婦及嬰兒提供到府護理照顧服務及食,129,129,142,142,護理人員、護理機構、居家護理、產後護理,彙編節錄,108年彙編多數未保留正本、副本或署名欄；本筆已依下一封函或下一條文邊界切分。,"89.12.18.衛署醫字第0890031804 號函 
主旨：所詢坊間針對產後產婦及嬰兒提供到府護理照顧服務及食
補調養之機構，是否可以居家護理機構申請立案乙案，復
請 查照。 
說明： 
一、復 貴局89 年11 月20 日北市衛五字第8925153600號函。 
二、依該等機構所提供服務項目，包括新生兒沐浴、臍帶護理
、餵乳指導、教導新生兒運動、奶瓶消毒及協助處理 新生
兒黃疸……，應可依居家護理機構之規定申請設立。",https://drive.google.com/file/d/1IEo7JO0CoxnfXCeiRm87BLzYfexqwZH7/view?usp=drivesdk,,
interp-0152,護理人員法解釋彙編,第 15 條,〔釋例類別〕 第 3 類 產後護理機構與坐月子中心之區別,94.12.2,2005-12-02,衛署醫字第0940062038號,有關 貴院所詢產後護理機構與私人婦產科醫院附設育嬰,129,130,142,143,護理人員、護理機構、產後護理、傷口,彙編節錄,108年彙編多數未保留正本、副本或署名欄；本筆已依下一封函或下一條文邊界切分。,"94.12.2.衛署醫字第 0940062038 號書函 
主旨：有關 貴院所詢產後護理機構與私人婦產科醫院附設育嬰
室之區別為何等情一案，復請 查照。 
說明： 
一、 復 貴院94 年11 月15 日板院通行篤94 醫訴1 字第39545
號函。 
二、按護理人員法第 14 條規定：為減少醫療資源浪費，因應
連續性醫療照護之需求，並發揮護理人員之執業功能，得
設置護理機構。是以，護理人員如符合護理人員法所規定
之護理機構負責護理人員應具備之臨床護理工作年資資格
者，得依該法之相關規定申請設立護理機構。 
三、另按護理機構設置標準第3 條規定，產後護理機構之服務
對象為產後未滿 2 個月需護理之產婦及出生未滿 2 個月需
護理之嬰幼兒。又為因應我國婦女產後調養習俗，產後婦
女生活起居之基本照顧，如準備飲食、清洗衣物等，均需 條 
130 
仰賴機構協助提供，同時機構尚需提供產婦之傷口護理、
嬰兒臍帶護理、指導母乳哺餵、衛生教育等。爰此，產後
護理機構提供之服務內容，包括護理業務及產婦、嬰兒之
生活照顧。 
四、至所詢私人婦產科醫院附設育嬰室之性質未明，護理機構
設置標準亦無此名稱。惟查醫療機構設置標準有嬰兒室之
醫療服務設施規範。醫院嬰兒室設施包括嬰兒床、空調設
備、嬰兒專用保溫箱、日光照射治療設備、與護理站之緊
急聯絡系統及調奶室等；婦產科「診所」嬰兒室設施包括
嬰兒床、空調設備、嬰兒保溫設備及調奶設備等。至醫療
機構之嬰兒室，係以出生 1 週內之新生兒醫療照護為主。",https://drive.google.com/file/d/1IEo7JO0CoxnfXCeiRm87BLzYfexqwZH7/view?usp=drivesdk,,
interp-0153,護理人員法解釋彙編,第 15 條,〔釋例類別〕 第 3 類 產後護理機構與坐月子中心之區別,102.10.2,2013-10-02,衛部照字第1021580472號,有關民宅提供產後未滿二個月之產婦及出生未滿二個月之,130,130,143,143,護理人員、護理機構、產後護理,彙編節錄,108年彙編多數未保留正本、副本或署名欄；本筆已依下一封函或下一條文邊界切分。,"102.10.2 衛部照字第1021580472 號函 
主旨：有關民宅提供產後未滿二個月之產婦及出生未滿二個月之
嬰兒生活照顧服務乙案，復如說明段，請查照。 
說明： 
一、復貴局 102 年 9 月 4 日彰衛長字第 1020028152 號函。 
二、有關民宅提供產後未滿二個月之產婦及出生未滿二個月之
嬰兒生活照顧服務，其若僅係針對產婦之生活起居及嬰兒
之基本照顧，而未涉及產婦產後醫療或護理者，非護理人
員法之適用範圍，但仍應依其原始營業登記之各該管法令
規定辦理。 
三、若前述場所未經核准設立護理機構卻執行護理人員法之業
務內容，則應依護理人員法規定予以裁處。 
四、本部業於101 年 7 月 30 日衛署照字第 1012863253 號函暨",https://drive.google.com/file/d/1IEo7JO0CoxnfXCeiRm87BLzYfexqwZH7/view?usp=drivesdk,,
interp-0154,護理人員法解釋彙編,第 15 條,〔釋例類別〕 第 3 類 產後護理機構與坐月子中心之區別,102 年5 月7 日,2013-05-07,衛署照字第1022863121號,102 年5 月7 日衛署照字第1022863121 號函請貴局輔導轄,130,131,143,144,護理人員、護理機構、產後護理,彙編節錄,108年彙編多數未保留正本、副本或署名欄；本筆已依下一封函或下一條文邊界切分。,"102 年5 月7 日衛署照字第1022863121 號函請貴局輔導轄
內坐月子中心依護理人員法第 16 條規定轉型為產後護理
機構。另本部於 99 年 9 月公告產後護理機構及坐月子中
心定型化契約範本及應記載事項，該等實際提供相關服務
者仍須依前述公告簽訂契約。",https://drive.google.com/file/d/1IEo7JO0CoxnfXCeiRm87BLzYfexqwZH7/view?usp=drivesdk,,
interp-0155,護理人員法解釋彙編,第 15 條,〔釋例類別〕 第 3 類 產後護理機構與坐月子中心之區別,102.12.16,2013-12-16,衛部照字第1021581366號,所詢關於民宅提供產後未滿二個月之產婦食宿但未提供未,131,131,144,144,護理人員、護理機構、產後護理,彙編節錄,108年彙編多數未保留正本、副本或署名欄；本筆已依下一封函或下一條文邊界切分。,"102.12.16 衛部照字第1021581366 號函 
主旨：所詢關於民宅提供產後未滿二個月之產婦食宿但未提供未
滿二個月之嬰兒生活照顧服務，是否視為民間俗稱之坐月
子中心案，復如說明段，請查照。 
說明： 
一、復 貴局 102 年 10 月 22 日彰衛長字第 1020034203 號函。 
二、依據本部 99 年 9 月公告產後護理機構及坐月子中心定 
型化契約應記載及不得記載事項，其對象係以「產婦及嬰
兒」為主體。另定型化契約範本第四條，坐月子中心僅得
提供產婦或嬰兒之居住場所、膳食、哺乳、衣物及洗滌等
。查坊間所稱「坐月子中心」係依其原始營業登記之各該
管法令規定辦理，非依護理人員法許可設置，爰旨揭疑義
應依事實，以上開原則本權責進行認定。 
三、本部前於101 年 7 月 30 日衛署照字第 1012863253 號函暨",https://drive.google.com/file/d/1IEo7JO0CoxnfXCeiRm87BLzYfexqwZH7/view?usp=drivesdk,,
interp-0156,護理人員法解釋彙編,第 15 條,〔釋例類別〕 第 3 類 產後護理機構與坐月子中心之區別,102 年5 月7 日,2013-05-07,衛署照字第1022863121號,102 年5 月7 日衛署照字第1022863121 號函請貴局輔導轄,131,131,144,144,護理人員、護理機構、產後護理,參照摘要,彙編中此筆為短摘要或參照其他頁碼，非完整公文全文。,"102 年5 月7 日衛署照字第1022863121 號函請貴局輔導轄
內坐月子中心依護理人員法第 16 條規定轉型為產後護理
機構在案。另該等實際提供相關服務者仍須依前述公告簽
訂契約。",https://drive.google.com/file/d/1IEo7JO0CoxnfXCeiRm87BLzYfexqwZH7/view?usp=drivesdk,,
interp-0157,護理人員法解釋彙編,第 15 條,〔釋例類別〕 第 3 類 產後護理機構與坐月子中心之區別,103.11.12,2014-11-12,衛部照字第1030027790號,所詢設立坐月子中心相關疑義一案，復如說明段，請查照,131,132,144,145,護理人員、護理機構、產後護理、傷口,彙編節錄,108年彙編多數未保留正本、副本或署名欄；本筆已依下一封函或下一條文邊界切分。,"103.11.12 衛部照字第1030027790 號函 
主旨：所詢設立坐月子中心相關疑義一案，復如說明段，請查照
。 
說明： 
一、復 貴會 103 年10 月31 日三采麗園字第103103102 號函。 
二、坊間所稱之「坐月子中心」，非法定名稱且非屬護理機構
，其設立非本部依護理人員法核准，係由各地方主管機關
(商業科)辦理營業登記，且其使用之名稱非限定為「坐月
子中心」，但不得為「護理機構」名稱，且不得提供護理
人員法規定之護理人員業務與服務，僅能提供產婦及嬰兒
之生活照顧，故本部於「產後護理機構及坐月子中心定型
化契約應記載及不得記載事項」 明訂坐月子中心之建築物 條 
132 
及其設備應符合建築法規及消防法規有關公共安全之相
關規定；惟坐月子中心之建築物使用類組或消防安全場所
用途分類之規定，仍應依營建及消防各該法令進行認定。 
三、另依護理人員法所設立之產後護理機構，其設置規範應符
合「護理機構分類設置標準」及「護理機構設置或擴充許
可辦法」之規定始得設置，其提供之服務內容，除產後婦
女及嬰兒之基本照顧外，尚提供產婦之傷口護理、嬰兒臍
帶護理、指導母乳哺育、衛生教育等業務，其涉及醫療及
護理業務，故「坐月子中心」與「產後護理機構」，兩者
核准設立及提供之服務內容不同。 
四、至所詢未經區分所有權人會議決議同意，逕行將社區法定
空地規劃入其營業範圍乙節，係屬司法權範疇，如有爭議
，應循司法途徑解決，併為敍明。",https://drive.google.com/file/d/1IEo7JO0CoxnfXCeiRm87BLzYfexqwZH7/view?usp=drivesdk,,
interp-0158,護理人員法解釋彙編,第 15 條,〔釋例類別〕 第 3 類 產後護理機構與坐月子中心之區別,106.12.15,2017-12-15,衛部照字第1060137204號,有關貴市政府婦女權益促進委員會第4 屆第 2 次會議，針,132,133,145,146,護理人員、護理機構、產後護理、收費,彙編節錄,108年彙編多數未保留正本、副本或署名欄；本筆已依下一封函或下一條文邊界切分。,"106.12.15 衛部照字第1060137204 號 
主旨：有關貴市政府婦女權益促進委員會第4 屆第 2 次會議，針
對坐月子中心訂定地方自治條例之可行性案提供意見案，
復如說明段，請查照。 
說明： 
一、復貴局 106 年 12 月 6 日南市衛醫字第 1060196548A 號函
。 
二、坊間所稱「坐月子中心」非屬衛生主管機關核准設立，且
非法定名稱，故不得提供護理人員法規定之護理人員業務
與服務，其所提供之服務項目係向地方主管機關(商業科)
辦理營利事業登記坐月子中心，目前並無相關法規規範其
收費標準，惟考量婦嬰照護品質及安全，本部自 102 年起
責請地方政府衛生局對轄區月子中心進行清查及輔導轄內
坐月子中心轉型為產後護理機構為首要目標。 
三、旨揭坐月子中心訂定地方自治條例之可行性案，本部尊重
貴市政府婦女權益促進委員會意見，另建議可參照「臺北
市政府管理到府坐月子服務機構作業要點」，訂定相關管 理機制。 

〔釋例類別〕 第 4 類 是否屬醫療勞務，免徵營業稅",https://drive.google.com/file/d/1IEo7JO0CoxnfXCeiRm87BLzYfexqwZH7/view?usp=drivesdk,,
interp-0159,護理人員法解釋彙編,第 15 條,〔釋例類別〕 第 4 類 是否屬醫療勞務，免徵營業稅,96.1.5,2007-01-05,衛署醫字第0960222704號,有關產後護理機構提供之產後護理服務（包括向產婦或嬰,133,133,146,146,護理人員、護理機構、產後護理、傷口,彙編節錄,108年彙編多數未保留正本、副本或署名欄；本筆已依下一封函或下一條文邊界切分。,"96.1.5.衛署醫字第0960222704 號函 
主旨：有關產後護理機構提供之產後護理服務（包括向產婦或嬰
兒家長所收取之膳食費或服務報酬），應屬「醫務勞務」
範疇，請 查照。 
說明： 
一、依據立法委員李慶安國會辦公室 95 年 12 月 21 日安華字
第 95122101 號函辦理。 
二、查護理人員法第 14 條規定：「為減少醫療資源浪費，因
應連續性醫療照護之需求，並發揮護理人員之執業功能，
得設置護理機構。」次查護理機構設置標準第 3 條規定，
產後護理機構之服務對象為產後未滿 2 個月之產婦及出生
未滿 2 個月之嬰幼兒；另查產後護理機構提供之服務內容
，除因應我國婦女產後調養習俗，產後婦女生活起居及嬰
兒之基本照顧，如準備飲食、清洗衣物等外，尚包括提供
產婦之傷口護理、嬰兒臍帶護理、指導母乳哺餵、衛生教
育等護理業務，業已涉及醫療及護理業務。是以，經衛生
主管機關核准設立之產後護理機構，應可認屬為廣義之「
醫療保健設施」，產後護理機構提供之服務，應屬「醫療
勞務」範疇。 
三、至於坊間「坐月子中心」係因應我國婦女產後調養習俗，
及家庭型態改變致產婦產後乏人照料而衍生之服務事業，
提供產婦膳食或住宿服務，並未涉及產婦產後醫療或護理
服務。是以，「產後護理機構」與一般僅從事產婦膳食或
住宿服務之「坐月子中心」功能不同，併予敘明。",https://drive.google.com/file/d/1IEo7JO0CoxnfXCeiRm87BLzYfexqwZH7/view?usp=drivesdk,,
interp-0160,護理人員法解釋彙編,第 15 條,〔釋例類別〕 第 4 類 是否屬醫療勞務，免徵營業稅,96.4.18,2007-04-18,衛署照字第0960057430號,函轉財政部令依「護理機構設置標準」設置之產後護理機 條,133,134,146,147,護理人員、護理機構、產後護理,彙編節錄,108年彙編多數未保留正本、副本或署名欄；本筆已依下一封函或下一條文邊界切分。,"96.4.18.衛署照字第0960057430 號函 
主旨：函轉財政部令依「護理機構設置標準」設置之產後護理機 條 
134 
構，其所提供之產後護理服務，准依加值型及非加值型營
業稅法第 8 條第 1 項第 3 款規定免徵營業稅，並依同法第
29 條規定免辦營業登記，請 查照。 
說明： 
一、依據 96 年4 月13 日台財稅字第09604523030號令辦理。 
二、請積極輔導轄區內尚未立案之「坐月子中心」依「護理機
構設置標準」申請設置產後護理機構。 
（註 ： 本函釋說明一所敍財政部96.4.13.台財稅字第09604523030 號
令，其內容如下： 
一、依「護理機構設置標準」設置之產後護理機構，其所提供
之產後護理服務，准依加值型及非加值型營業稅法第 8 條
第 1 項第3 款規定免徵營業稅 ， 並依同法第29 條規定免辦
營業登記。 
二、本部 94 年 5 月 6 日台財稅字第09404530460 號函，並同時
停止適用。）",https://drive.google.com/file/d/1IEo7JO0CoxnfXCeiRm87BLzYfexqwZH7/view?usp=drivesdk,,
interp-0161,護理人員法解釋彙編,第 8 條,〔釋例類別〕 第 4 類 是否屬醫療勞務，免徵營業稅,99.1.25,2010-01-25,衛署照字第0990061556號,有關一般護理之家是否適用商業會計法、加值型及非加值,134,135,147,148,護理人員、護理之家,彙編節錄,108年彙編多數未保留正本、副本或署名欄；本筆已依下一封函或下一條文邊界切分。,"99.1.25.衛署照字第0990061556 號函 
主旨：有關一般護理之家是否適用商業會計法、加值型及非加值
型營業稅法第 8 條第 1 項第 3 款規定疑義一案，經轉經濟
部核復如附件，請 查照。 
說明：依據經濟部 99 年 1 月 20 日經商字第 09902303480 號函辦
理，並復貴局 98 年 12 月 30 日北衛心字第 0980160405 號
函。 
（註：本函釋說明段所敍經濟部99.1.20.經商字第09902303480 號函 
，其內容如下： 
主旨：關於行政院衛生署函詢有關一般護理之家是否適用商業會計法
一案，復如說明，請 查照。 
說明： 
一、依據本部商業司案陳財政部賦稅署99 年 1 月 14 日台稅二發字
第 09900008240 號函副本辦理。 
二、按商業會計法第2 條第 1 項規定：「本法所稱商業，謂以營利 為目的之事業，其範圍依商業登記法、公司法及其他法律之規
定。」準此，一般護理之家如非以公司、商業組織型態經營者
，自非屬本法所稱之商業；又依其主管機關法令未特別規定者
，自亦無商業會計法之適用。）",https://drive.google.com/file/d/1IEo7JO0CoxnfXCeiRm87BLzYfexqwZH7/view?usp=drivesdk,,
interp-0162,護理人員法解釋彙編,第 15 條,〔釋例類別〕 第 4 類 是否屬醫療勞務，免徵營業稅,99.2.26,2010-02-26,衛署照字第0990063629號,有關一般護理之家是否適用商業會計法、加值型及非加值,135,136,148,149,護理人員、護理機構、產後護理、護理之家,彙編節錄,108年彙編多數未保留正本、副本或署名欄；本筆已依下一封函或下一條文邊界切分。,"99.2.26.衛署照字第0990063629 號函 
主旨：有關一般護理之家是否適用商業會計法、加值型及非加值
型營業稅法第 8 條第 1 項第 3 款規定疑義一案，經轉據財
政部台灣省北區國稅局函復如附件，請 查照。 
說明： 
一、依據財政部台灣省北區國稅局99 年2 月 22 日北區國稅審
四字第 0990002190 號函辦理（附影本及附件）。 
二、有關是否適用商業會計法規定辦理商業會計事務一節，前
經本署99 年1 月25 日衛署照字第0990061556 號函轉經濟
部99 年1 月20 日經商字第09902303480號函諒達。 
（註 ： 本函釋說明一所敍財政部北區國稅局99.2.22.北區國稅審四字
第 0990002190 號函，其內容如下： 
主旨：有關一般護理之家是否適用商業會計法、加值型及非加值型營
業稅法(以下簡稱營業稅法)第 8 條第 1 項第 3 款規定疑義乙案
，復請 查照。 
說明： 
一、依據財政部賦稅署99 年 1 月 14 日稅二發字第09900008240 號
函交 大署 99 年 1 月 6 日衛署照字第0990000021 號函及附件
辦理。 
二、按 「下列貨物或勞務免徵營業稅:……三、醫院、診所、療養院
提供之醫療勞務、藥品、病房之住宿及膳食。」為營業稅法第
8 條第 1 項第 3 款所明定。次按「私人辦理之補習班、幼稚園
、托兒所、養護、療養院(所)，不符合免稅規定者，其所得之
查核準用本辦法。」為執行業務者帳簿憑證設置取得保管辦法
第 2 條第 2 款所規定。又「依『護理機構設置標準』設置之產
後護理機構，其所提供之產後護理服務，准依營業稅法第8 條 條 
136 
第 1 項第3 款規定免徵營業稅 ， 並依同法第29 條規定免辦營業
登記。」「護理人員以個人名義設置護理機構所獲得報酬，與
個人設立幼稚園、托兒所所獲得之報酬並無不同，其所得類別
依所得稅法第 14 條規定，核屬其他所得。」分別為財政部 96
年 4 月 13 日台財稅字第 09604523030 號令及及 96 年 3 月 13
日台財稅字第09604028710 號函所明釋。 
三、參照前揭財政部令釋意旨，倘「一般護理之家」之設置，受「
護理人員法」及相關規定規範， 大署亦認定其為廣義之「醫
療保健設施」，其所提供之護理服務，屬醫療勞務範疇者，免
徵營業稅並免辦營業登記，惟應依法課徵所得稅。 
四、又一般護理機構之所得類別核屬其他所得，雖應依執行業務者
帳簿憑證設置取得保管辦法第1 條第 2 項規定設置會計帳簿憑
證，惟若未依法設帳記載及保存憑證者，稽徵機關得依所得稅
法施行細則第 13 條規定照同業一般收費及費用標準核定其所
得額；至於是否應依商業會計法規定辦理商業會計事務，請逕
向該法主管機關詢問。 
五、隨文檢附執行業務者帳簿憑證設置取得保管辦法1 份供參。）",https://drive.google.com/file/d/1IEo7JO0CoxnfXCeiRm87BLzYfexqwZH7/view?usp=drivesdk,,
interp-0163,護理人員法解釋彙編,第 29 條,〔釋例類別〕 第 4 類 是否屬醫療勞務，免徵營業稅,102.8.16,2013-08-16,衛部照字第1022863803號,有關公立醫院附設護理之家提供之護理服務，是否適用加,136,137,149,150,護理人員、護理機構、產後護理、護理之家、醫療輔助、傷口,彙編節錄,108年彙編多數未保留正本、副本或署名欄；本筆已依下一封函或下一條文邊界切分。,"102.8.16.衛部照字第 1022863803 號函 
主旨：有關公立醫院附設護理之家提供之護理服務，是否適用加
值型及非加值型營業稅法第 8 條第1 項第 3 款規定免徵營
業稅一案，復請 查照。 
說明： 
一、依據 貴局102 年4 月15 日財北國稅審四字第1020014547A
號函辦理。 
二、依護理機構設置標準設置之產後護理機構所提供之產後護
理服務範疇為何？是否包含尿布(片)費用？ 
(一)產後護理機構提供之服務內容，除產後婦女及嬰兒之
基本照顧外，尚提供產婦之傷口護理、嬰兒臍帶護理
、指導母乳哺育、衛生教育等業務，業已涉及護理業
務。爰護理機構所提供之服務內容範疇，依法可執行 前開護理業務，提供護理照護服務項目。 
(二)至產後護理機構提供護理照護服務是否包含尿布 (片
)乙節，應視該服務係 因專業需求或一般生活照顧所
衍生而定；所述尿布需求應屬後者。 
三、有關現行公立醫院附設一般護理之家所提供之護理服務範
疇為何？得否認屬醫療勞務之範疇？該護理服務是否包含
尿布(片)費用乙節，說明如下： 
(一)護理之家提供之服務內容，依據護理人員法第 24 條
規定：護理人員之業務如下：一、健康問題之護理評
估。二、預防保健之護理措施。三、護理指導及諮詢
。四、醫療輔助行為。前項第四款醫療輔助行為應在
醫師之指示下行之。護理機構所提供之服務內容範疇
，依法可執行前開護理業務，提供住民護理照護服務
項目。 
(二)上開所稱醫療輔助行為範疇，係屬醫療勞務，惟其提
供服務之項目，仍應視契約所訂之內容而定。 
(三)至一般護理之家提供護理服務是否包含尿布 (片)乙 
節，應視該服務係因專業需求或一般生活照顧所衍生
而定，尿布需求應屬後者。 
四、前開護理服務（含一般及產後護理）如有部分費用（例如
尿布、尿片等）未包含於護理服務費用內，或依其使用量
，按使用者付費方式另行收取者，得否認屬護理服務範疇
乙節，綜上說明，護理機構（含一般及產後護理）之尿布
、尿片等逕依上開原則認定。",https://drive.google.com/file/d/1IEo7JO0CoxnfXCeiRm87BLzYfexqwZH7/view?usp=drivesdk,,
interp-0164,護理人員法解釋彙編,第 15 條,〔釋例類別〕 第 4 類 是否屬醫療勞務，免徵營業稅,102.10.31,2013-10-31,衛部照字第1021580843號,有關依護理機構分類設置標準設置之產後護理機構提供之,137,139,150,152,護理人員、護理機構、產後護理、執業執照、開業、收費、停業、歇業、廣告,彙編節錄,108年彙編多數未保留正本、副本或署名欄；本筆已依下一封函或下一條文邊界切分。,"102.10.31 衛部照字第1021580843 號函 
主旨：有關依護理機構分類設置標準設置之產後護理機構提供之
護理勞務是否屬醫療勞務範疇，復如說明段，請 查照。 
說明： 
一、復 貴部102 年10 月16 日台財稅字第10204668130號函。 
二、查護理人員法第 18 之 1 條規定「護理機構廣告，其內容 條 
138 
以左列事項為限：一、護理機構之名稱、開業執照字號、
地址、電話及交通路線。二、負責護理人員之姓名、性別
、學歷、經歷、護理人員證書及執業執照字號。三、業務
項目及執業時間。四、開業、歇業、停業、復業、遷移及
其年、月、日。五、其他經中央主管機關公告容許事項。
」，至貴部來函所述「現行產後護理機構強調其規模及服
務如休閒渡假飯店」乙節，如以廣告方式宣傳，已非屬產
後護理機構業務項目 ， 應依同法第32 條 「處新台幣一萬五
千元以上十五萬元以下罰鍰，並得限期令其改善；屆期未
改善或情節重大者，處一個月以上一年以下之停業處分或
廢止其開業執照」規定論處。 
三 、 另產後護理機構收費標準核定係依護理人員法第21 條第 1
項規定：「護理機構之收費標準，由直轄市、縣(市)主管
機關核定之。」如有提供非收費項目的服務內容，應依違
反本法第 21 條第 2 項 「護理機構不得違反收費標準 ， 超額
收費」 規定，依本法第36 條之規定，處新台幣1 萬 5 千元
以上 15 萬元以下罰鍰……，並應限期退還超額收費。 
四、查護理人員法第 14 條規定「為減少醫療資源浪費，因應
連續性醫療照護之需求，並發揮護理人員之執業功能，得
設置護理機構。」 次查醫療法第31 條第 3 項規定： 「醫療
法人經中央主管機關及目的事業主管機關之許可，得附設
護理機構……。設立條件、程序及其他相關事項，仍依各
該相關法規之規定辦理」，爰依護理機構分類設置標準第
3 條規定，產後護理機構之服務對象為產後未滿二個月之
產婦及出生未滿二個月之嬰幼兒。是以由衛生主管機關核
准設立之產後護理機構所提供之護理服務，係因醫療照護 
需求所衍生之照護服務，仍屬醫療勞務之範疇；惟產後護
理機構所提供之服務若係因一般生活照顧所衍生，則非屬
醫療勞務之範疇。 
102.12.18 衛部照字第 1021581296Ａ號函 主旨：有關產後護理機構收費項目訂定「醫療勞務」及「一般生
活照顧」範疇乙案，詳如說明段，請查照。 
說明： 
一、復財政部 102 年 11 月 5 日台財稅字第 10204679190 號函
。 
二、本部於102 年 11 月 29 日召開「研商護理機構提供服務與
醫療勞務範圍會議」，會中邀請財政部、衛生局、專家學
者及護理機構等代表出席。有關產後護理機構收費項目包
括「醫療勞務」及「日常生活照顧」兩類，其中屬「醫療
勞務」係包括護理費（含護理評估、護理指導及處置等）
、住房費、醫療診療及諮詢費等；日常生活服務費用則包
括：嬰兒奶粉及尿布、清潔衛生用品及一般飲食等；地方
衛生主管機關於核定護理機構收費項目，應能判別上述項
目之類別。 
三、惠請各直轄市及縣市衛生局轉知所轄產後護理機構於提供
服務及收取費用時，應掣給收據並載明提供服務項目及收
費金額，且項目內容是可判別屬「醫療勞務」或「日常生
活照顧」，以確保民眾權益。",https://drive.google.com/file/d/1IEo7JO0CoxnfXCeiRm87BLzYfexqwZH7/view?usp=drivesdk,,
interp-0165,護理人員法解釋彙編,第 16 條,〔釋例類別〕 第 4 類 是否屬醫療勞務，免徵營業稅,89.10.18,2000-10-18,衛署醫字第089012011號,所詢 85 年以前申請設立安養或護理之家，應否聘用專業,139,140,152,153,護理人員、護理機構、護理之家、開業,彙編節錄,108年彙編多數未保留正本、副本或署名欄；本筆已依下一封函或下一條文邊界切分。,"89.10.18.衛署醫字第089012011 號函 
主旨：所詢 85 年以前申請設立安養或護理之家，應否聘用專業
護理人員，如在醫院或診所附設，是否可以免予另外申請
許可？85 年 5 月以後 ， 對於護理之家或安養中心之設立條
件是否有所改變乙案，復請 查照。 
說明： 一、復 貴院89 年8 月25 日中分義民風決字第12934號函。 
二、依護理人員法第 16 條規定：護理機構之設置或擴充，應
先經申請主管機關許可。同法施行細則第 8 條規定：護理
機構設置或擴充規模在 49 床以下者 ， 由地方主管機關許可
；50 床以上者，應報由中央主管機關許可。上項規定於87
年 9 月 9 日修正為 300 床以上者，始需報由中央主管機關
許可。 
三、護理機構之開業，依護理人員法第 17 條規定，應向所在
地直轄市或縣(市)主管機關申請核准登記，發給開業執照
。醫院或診所如欲附設護理之家，應依護理人員法相關規
定辦理。 
四、護理機構設置標準原規定，每 10 床至少應配置有 1 名護
理人員 ，87 年 6 月 17 日以後則修正為每 15 床至少應配置
有 1 名護理人員。 
五、至於安養機構之設立規定，請向內政部洽詢。 
六、檢送護理人員法及其施行細則乙本，請卓參。 
（註：本函釋說明二末段所敘「上項規定於 87 年 9 月9 日修正為300
床以上者，始需報由中央主管機關許可」乙節，其中「300 床」
係「100 床」之誤植。）",https://drive.google.com/file/d/1IEo7JO0CoxnfXCeiRm87BLzYfexqwZH7/view?usp=drivesdk,,
interp-0166,護理人員法解釋彙編,第 16 條,〔釋例類別〕 第 4 類 是否屬醫療勞務，免徵營業稅,90.3.1,2001-03-01,衛署醫字第0900000693號,所詢預定設立護理之家之土地及建物均遭法院查封，則是,140,140,153,153,護理人員、護理之家,彙編節錄,108年彙編多數未保留正本、副本或署名欄；本筆已依下一封函或下一條文邊界切分。,"90.3.1.衛署醫字第0900000693 號函 
主旨：所詢預定設立護理之家之土地及建物均遭法院查封，則是
否仍得准予設立乙案，復請 查照。 
說明： 
一、復 貴局 90 年 1 月 3 日衛醫字第 20075 號函。 
二、查貴轄嘉鴻護理之家預定設立地點，除土地及建物均遭屏
東地方法院查封外，全案並已進入強制執行程序，為免爾
後影響護理之家病患權益，建請勿同意其申請設立。",https://drive.google.com/file/d/1IEo7JO0CoxnfXCeiRm87BLzYfexqwZH7/view?usp=drivesdk,,
interp-0167,護理人員法解釋彙編,第 16 條,〔釋例類別〕 第 4 類 是否屬醫療勞務，免徵營業稅,94.3.1,2005-03-01,衛署醫字第0940005474號,所詢設立護理之家法規相關問題一案，復請 查照。,140,141,153,154,護理人員、護理機構、護理之家、開業,彙編節錄,108年彙編多數未保留正本、副本或署名欄；本筆已依下一封函或下一條文邊界切分。,"94.3.1.衛署醫字第0940005474 號函 
主旨：所詢設立護理之家法規相關問題一案，復請 查照。 說明： 
一、復 貴機構 94 年 1 月 17 日東照字第94001005 號函。 
二、查護理人員法第 16 條規定：「護理機構之設置或擴充，
應先經申請主管機關許可，其申請程序應依中央主管機關
之規定。護理機構之分類及設置標準，由中央主管機關定
之。」至護理機構設置標準第八條附表「護理機構設置標
準表」前經本署 92 年 10 月 27 日衛署醫字第 0920216079
號令修正發布在案。爰此，所詢設立護理之家，其病房應
設洗手及衛浴設備一節，請依前述護理機構設置標準表之
二、護理服務設施(五)病房衛浴設備項下之規定設置。 
三、至護理機構之設立申請，依護理人員法施行細則第八條規
定：「前條所定之申請，依左列規定辦理：1.設置或擴充
後之規模在 99 床以下者 ， 報由直轄市或縣(市)主管機關許
可。2.設置或擴充後之規模在 100 床以上者，報由直轄市
或縣(市)主管機關核轉中央主管機關許可。………」爰此
，本案護理機構之設立及申請開業，請貴機構依護理人員
法施行細則第 7 條及第 11 條之規定辦理。 
四、檢送護理機構設置標準表一份，請參考。",https://drive.google.com/file/d/1IEo7JO0CoxnfXCeiRm87BLzYfexqwZH7/view?usp=drivesdk,,
interp-0168,護理人員法解釋彙編,第 16 條,〔釋例類別〕 第 4 類 是否屬醫療勞務，免徵營業稅,94.6.30,2005-06-30,衛署醫字第0940024147號,有關本署朴子醫院擬將急性一般病床 30 床暫借作為護理,141,142,154,155,護理人員、護理機構、護理之家、開業,彙編節錄,108年彙編多數未保留正本、副本或署名欄；本筆已依下一封函或下一條文邊界切分。,"94.6.30.衛署醫字第0940024147 號函 
主旨：有關本署朴子醫院擬將急性一般病床 30 床暫借作為護理
之家病床使用乙案，請 查照。 
說明： 
一、復 貴局 94 年 6 月 7 日嘉衛醫字第09400110000 號函。 
二、按醫療法第 14 條規定，醫療機構之開業，應向所在地直
轄市、縣(市)主管機關申請核准登記，經發給開業執照，
始得為之；其登記事項如有變更，應於事實發生之日起30
日內辦理變更登記。是以，醫院開放之床數，應符合其向
所在地衛生局申請核准之開業執照所登記床數。如減縮開
放床數，應依規定向衛生局申請核減開放床數。 
三、本案該院因業務需要，擬將醫療大樓5 樓之急性一般病床 30 床，暫借作為護理之家病床使用（期限1 年），本署原
則同意，惟仍應符合護理機構設置標準，且該院仍應依前
述醫療法之相關規定辦理變更登記，並俟該院附設護理之
家完成後，即應回復原許可使用用途，屆期，尚未開放之
該類許可病床數，將如數予以核減，程序如說明五。 
四、至該護理機構之擴充亦應依護理人員法之相關規定申請許
可，始得接續申請開業，發給開業執照。 
五、請貴局確實督導該院開放病床進度，且如該院未於上開期
限內全數開放完成，即請逕予核減其尚未開放之許可急性
一般病床數，並更新醫事機構管理系統之該院病床資料後
，副知本署備查。",https://drive.google.com/file/d/1IEo7JO0CoxnfXCeiRm87BLzYfexqwZH7/view?usp=drivesdk,,
interp-0169,護理人員法解釋彙編,第 16 條,〔釋例類別〕 第 4 類 是否屬醫療勞務，免徵營業稅,95.11.24,2006-11-24,衛署醫字第0950044990號,有關 貴員林鎮協和醫院業已核准設置附設護理之家 40,142,143,155,156,護理人員、護理機構、護理之家、開業,彙編節錄,108年彙編多數未保留正本、副本或署名欄；本筆已依下一封函或下一條文邊界切分。,"95.11.24.衛署醫字第0950044990 號函 
主旨：有關 貴員林鎮協和醫院業已核准設置附設護理之家 40
床在案，所詢該院能否於不同地點社頭鄉另增設置命名為
協和醫院附設永安護理之家 72 床 ， 及有關護理之家床數應
如何計算等疑義一案，復請 查照。 
說明： 
一、復 貴局95 年10 月11 日彰衛醫字第0951005806號函。 
二、醫療機構依護理機構設置標準規定申請附設護理機構，該
附設護理機構之申請主體為該醫療機構，其附設之護理機
構，應另核發開業執照，先予敘明；至該附設護理機構之
擴充，應以同址增建為限；如因應護理業務需要，該醫療
機構擬於他址增置護理機構床數，應係另一附設護理機構
之新設立 ， 由該申請主體另依護理人員法第16 條及相關規
定，向所在地直轄市、縣(市)主管機關申請許可，並依相
關規定完成所需事項後，由該主管機關另核發開業執照。 
三、經查本案協和醫院已於90 年核准設置附設護理之家 40 床
在案 ， 現擬於不同地址增置另一附設護理機構床數72 床，
依說明二所述，應係另一護理機構之成立。本案請依前述
規定，視個案事實，依職權辦理。",https://drive.google.com/file/d/1IEo7JO0CoxnfXCeiRm87BLzYfexqwZH7/view?usp=drivesdk,,
interp-0170,護理人員法解釋彙編,第 16 條,〔釋例類別〕 第 4 類 是否屬醫療勞務，免徵營業稅,95.12.15,2006-12-15,衛署醫字第0950062433號,有關 貴轄行政院衛生署南投醫院擬於該院南投院區 3 樓,143,143,156,156,護理人員、護理機構、護理之家、開業,彙編節錄,108年彙編多數未保留正本、副本或署名欄；本筆已依下一封函或下一條文邊界切分。,"95.12.15.衛署醫字第 0950062433 號書函 
主旨：有關 貴轄行政院衛生署南投醫院擬於該院南投院區 3 樓
新設護理之家，惟原 2 樓為急性精神病房，5 樓為內科病
房，是否許可一案，復請 查照。 
說明： 
一、復 貴局 95 年 11 月 27 日投衛局醫字第 0950301483 號函
。 
二、按醫療法第 15 條第 1 項規定：「醫療機構之開業，應向
所在地直轄市、縣(市)主管機關申請核准登記，經發給開
業執照，始得為之；其登記事項如有變更，應於事實發生
之日起 30 日內辦理變更登記。」 是以，醫院開放之床數，
應符合其向所在地衛生局申請核准之開業執照所登記床數
；如縮減開放床數，應依規定向衛生局申請核減開放床數
。又醫療機構依護理機構設置標準規定申請附設護理機構
之相關規定，請依本署 95 年 11 月 24 日衛署醫字第
0950044990 號函釋(諒達)規定辦理，先予敘明。 
三、是以，本案醫療機構擬以部分病房申請附設護理機構，應
依前述規定辦理；至該護理機構與醫療機構之執業場所使
空間應有明確區隔，並各有獨立動線，且符合護理機構設
置標準之相關規定，始予准許。",https://drive.google.com/file/d/1IEo7JO0CoxnfXCeiRm87BLzYfexqwZH7/view?usp=drivesdk,,
interp-0171,護理人員法解釋彙編,第 16 條,〔釋例類別〕 第 4 類 是否屬醫療勞務，免徵營業稅,96.1.8,2007-01-08,衛署照字第0962800016號,有關民眾檢舉 貴市康福護理之家超床一案，經 貴局現,143,144,156,157,護理人員、護理機構、護理之家、開業,彙編節錄,108年彙編多數未保留正本、副本或署名欄；本筆已依下一封函或下一條文邊界切分。,"96.1.8.衛署照字第0962800016 號函 
主旨：有關民眾檢舉 貴市康福護理之家超床一案，經 貴局現
場查核屬實，但業者陳情超收之住民大多為未繳住院費住
民，是否仍須以違反護理人員法第 22 條規定，依同法第
32 條規定罰鍰？罰鍰後仍無法改善 ， 後續應如何裁處一案
，復請 查照。 
說明： 
一、復 貴局 95 年 12 月 13 日衛醫字第 0950043221 號函。 
二、按護理人員法第 16 條第 1 項規定：「護理機構之設置或
擴充，應先經申請主管機關許可，其申請程序應依中央主 管機關之規定。」 違反規定者，依同法第32 條規定，處新
臺幣 1 萬 5 千元以上 15 萬元以下罰鍰 ， 並得限期令其改善
；屆期未改善或情節重大者，處 1 個月以上 1 年以下之停
業處分或撤銷其開業執照。查本案護理機構有超收住民之
事實，係屬護理機構床數之擴充，該機構未經申請許可即
有擴床之事實，應依前述規定辦理，先予敘明。 
三、至業者陳情該護理機構長期未繳住院費及棄養之住民逾三
成比率，雖屢經催討或請家屬自行帶回，惟家屬罔顧親情
或因失聯而遭棄養，造成長期佔用床位而被認為有超收住
民之嫌一節 ， 查民法第1114 條規定 ， 親屬互負扶養之義務
，如有惡意遺棄之嫌時，如涉有刑法第 294 條、第 295 條
規定，應通知當地社政機關會同警察單位處理；至住民長
期未繳費用一節，事涉契約履行義務之相關責任，業者得
依民法相關規定要求給付。爰此，本案護理機構之床數擴
充，應先經申請主管機關許可、完成法定程序，始符法制
，如該機構受有之行為義務而不為或無法執行時，除需瞭
解該機構無法執行之原因，依個案事實予以適度輔導、轉
介或提供必要之協助外，原處分機關得依權責，依前所述
規定辦理。",https://drive.google.com/file/d/1IEo7JO0CoxnfXCeiRm87BLzYfexqwZH7/view?usp=drivesdk,,
interp-0172,護理人員法解釋彙編,第 16 條,〔釋例類別〕 第 4 類 是否屬醫療勞務，免徵營業稅,96.1.25,2007-01-25,衛署照字第0962800295號,有關 貴院詢問醫院附設護理之家及居家護理的定位及隸,144,145,157,158,護理人員、護理機構、居家護理、產後護理、護理之家、開業,彙編節錄,108年彙編多數未保留正本、副本或署名欄；本筆已依下一封函或下一條文邊界切分。,"96.1.25.衛署照字第0962800295 號函 
主旨：有關 貴院詢問醫院附設護理之家及居家護理的定位及隸
屬疑義案，復請 查照。 
說明： 
一、復 貴院95 年12 月5 日耕醫住院字第0950120044號函。 
二、按護理機構係以罹患慢性病需長期護理之病人及出院後需
繼續護理之病人為服務對象，依護理人員法及護理機構設
置標準之相關規定，經衛生主管機關核准設立之機構；至
醫療機構係對病人疾病急性期之治療、或疾病急性期治療
後仍需相當程度之特殊醫療照護為主之病患，依醫療法及
醫療機構設置標準之相關規定，經衛生主管機關核准設立 之機構，先予敘明。 
三、至為利醫療機構及護理機構之管理，本署於 90 年 5 月 10
日衛署醫字第 0900031774 號函釋略以 ： 「醫療機構依護理
機構設置標準規定附設護理機構，應另發給開業執照，至
原於醫療機構開業執照加註附設護理機構者，應於異動時
，重新核發開業執照。」另查「醫療機構附設護理之家或
獨立型態護理之家，於不同時間，分別再增設居家護理機
構及產後護理機構，不另核發開業執照及核給機構代碼，
而以新增業務項目方式辦理，惟若先設居家護理，再增設
護理之家，則需換發開業執照。」前經本署 90 年 5 月 8
日衛署醫字第 0900031567 號函釋在案 。 爰此 ， 有關該醫療
機構附設護理機構應依上開規定辦理。 
四、依據全民健康保險醫事服務機構特約及管理辦法規定，居
家護理機構及護理之家機構得申請為本保險之特約居家護
理機構，辦理本保險居家照護業務，提供保險民眾居家照
護服務並申請居家照護費用，其相關特約規定及給付標準
詳如附件。 
五、檢附「全民健康保險醫事服務機構特約及管理辦法規定」
之相關特約規定及給付標準乙份。 
（註 ： 本函釋說明三所敍本署90.5.10.衛署醫字第0900031774 號函及",https://drive.google.com/file/d/1IEo7JO0CoxnfXCeiRm87BLzYfexqwZH7/view?usp=drivesdk,,
interp-0173,護理人員法解釋彙編,第 16 條,〔釋例類別〕 第 4 類 是否屬醫療勞務，免徵營業稅,90.5.8,2001-05-08,衛署醫字第0900031567號,90.5.8.衛署醫字第0900031567 號函，請參閱P.162、161）,145,145,158,158,護理人員,參照摘要,彙編中此筆為短摘要或參照其他頁碼，非完整公文全文。,90.5.8.衛署醫字第0900031567 號函，請參閱P.162、161）,https://drive.google.com/file/d/1IEo7JO0CoxnfXCeiRm87BLzYfexqwZH7/view?usp=drivesdk,,
interp-0174,護理人員法解釋彙編,第 16 條,〔釋例類別〕 第 4 類 是否屬醫療勞務，免徵營業稅,96.4.16,2007-04-16,衛署醫字第0960013393號,有關行政院衛生署樂生療養院附設護理之家設立案之許可,145,146,158,159,護理人員、護理機構、護理之家、開業,彙編節錄,108年彙編多數未保留正本、副本或署名欄；本筆已依下一封函或下一條文邊界切分。,"96.4.16.衛署醫字第0960013393 號函 
主旨：有關行政院衛生署樂生療養院附設護理之家設立案之許可
管轄機關疑義一案，復請 查照。 
說明： 
一、復 貴局 96 年 3 月 20 日北衛醫字第0960019128 號函。 
二、按「醫療機構依護理機構設置標準規定申請附設護理機構
，該附設護理機構之申請主體為該醫療機構，其附設之護
理機構，應另核發開業執照，先予敘明；至該附設護理機
構之擴充，應以同址增建為限；如因應護理業務需要，該 醫療機構擬於他址增置護理機構床數，應係另一附設護理
機構之新設立 ， 由該申請主體另依護理人員法第16 條及相
關規定，向所在地直轄市、縣(市)主管機關申請許可，並
依相關規定完成所需事項後，由該主管機關另核發開業執
照。」前經本署 95 年 11 月 24 日衛署醫字第 0950044990
號函釋在案。 
三、爰此，本案行政院衛生署樂生療養院擬於該院新醫療大樓
（座落於桃園縣龜山鄉）設立附設護理之家，依前所述，
該護理機構之設立，應向桃園縣政府申請許可，並依相關
規定完成所需事項後，由該主管機關另核發開業執照。 
四、至 貴局建議將行政院衛生署樂生療養院之衛生主管機關
變更為桃園縣政府衛生局管轄一節，請依本署 95 年 8 月
24 日衛署醫字第 0950200900 號函辦理(諒達)。 
（註：本函釋說明四所敍本署 95.8.24.衛署醫字第 0950200900 號函
，其內容如下： 
主旨：貴局建議本署樂生療院之衛生主管機關變更為桃園縣政府衛
生局管轄乙案，復請 查照。 
說明： 
一、復 貴局 95 年 7 月 27 日北衛醫字第0950061889 號函。 
二、 按醫事機構申請擴建醫療大樓 ， 係屬醫療法第14 條之醫院擴 
充，擴充後應屬原醫療機構之一部份。是以，該機構之主管 
機關應以該機構申請開業執照之地址認定。）",https://drive.google.com/file/d/1IEo7JO0CoxnfXCeiRm87BLzYfexqwZH7/view?usp=drivesdk,,
interp-0175,護理人員法解釋彙編,第 16 條,〔釋例類別〕 第 4 類 是否屬醫療勞務，免徵營業稅,96.7.20,2007-07-20,衛署照字第0960031101號,有關護理之家設置或擴充，可否免經委員審查同意，授權,146,147,159,160,護理人員、護理之家,彙編節錄,108年彙編多數未保留正本、副本或署名欄；本筆已依下一封函或下一條文邊界切分。,"96.7.20.衛署照字第0960031101 號函 
主旨：有關護理之家設置或擴充，可否免經委員審查同意，授權
主管機關核可展延 6 個月一案，復請 查照。 
說明： 
一、復 貴局96 年7 月11 日投衛局醫字第0960300666號函。 
二、有關護理之家設置或擴充經本署或貴局許可應於規定期限
內，取得建築執照期程。如需再申請展延取得建築執照期
程，則應檢具具體事實敘明理由及相關證明文件資料，送 請當地衛生主管機關審查後，100 床以上轉本署核辦。本
案是否須經委員會審查同意，請本權責依事實認定辦理。",https://drive.google.com/file/d/1IEo7JO0CoxnfXCeiRm87BLzYfexqwZH7/view?usp=drivesdk,,
interp-0176,護理人員法解釋彙編,第 16 條,〔釋例類別〕 第 4 類 是否屬醫療勞務，免徵營業稅,96.8.2,2007-08-02,衛署照字第0960034115號,有關本署規劃醫療網護理之家床數及經許可未於規定期限,147,147,160,160,護理人員、護理機構、護理之家,彙編節錄,108年彙編多數未保留正本、副本或署名欄；本筆已依下一封函或下一條文邊界切分。,"96.8.2.衛署照字第 0960034115 號函 
主旨：有關本署規劃醫療網護理之家床數及經許可未於規定期限
內籌建完成，其申請展延一案，復請 查照。 
說明： 
一、復 貴局 96 年 7 月 26 日衛醫字第 0960034156 號函。 
二、有關本署規劃每萬老人 65 張床數為醫療網計畫目標，另
「醫療法」 第90 條第 2 項規定 「對於醫療設施過賸區域，
主管機關得限制醫療機構或護理機構之擴充」。惟「護理
人員法」並未對資源過賸區，作明確規範限制；鑑於「護
理之家」目前屬自費市場，對床位之設置或擴充，希望以
市場機制自然運作，讓民眾能有選擇的權利。 
三、有關護理之家設置或擴充經本署或貴局許可應於6 個月規
定期限內，取得建築執照期程。如需再申請展延取得建築
執照期程，則應檢具具體事實敘明理由及相關證明文件資
料，送請當地衛生主管機關審查後，100 床以上轉本署核
辦。",https://drive.google.com/file/d/1IEo7JO0CoxnfXCeiRm87BLzYfexqwZH7/view?usp=drivesdk,,
interp-0177,護理人員法解釋彙編,第 16 條,〔釋例類別〕 第 4 類 是否屬醫療勞務，免徵營業稅,96.12.18,2007-12-18,衛署醫字第0960064867號,所詢護理機構於原許可設立擴建面積外，另申請擴充面積,147,148,160,161,護理人員、護理機構、開業,彙編節錄,108年彙編多數未保留正本、副本或署名欄；本筆已依下一封函或下一條文邊界切分。,"96.12.18.衛署醫字第0960064867 號函 
主旨：所詢護理機構於原許可設立擴建面積外，另申請擴充面積
並擴建廚房、餐廳及廁所等建築物，是否須依護理人員法
第 16 條規定辦理一案，復請 查照。 
說明： 
一、復 貴局 96 年 12 月 6 日衛醫字第 0960054549 號函。 
二、按護理人員法施行細則第7 條規定：「護理機構依本法第
16 條規定，申請主管機關許可設置或擴充，應檢具左列文
件：一、設立或擴充計畫書，包括護理機構名稱、建築地
址、設置類別、設立床數、基地面積、建築面積、護理機
構組織架構、人員配置、設立進度、經費概算及擬定開業 日期。二、位置圖。三、建築物平面簡圖。四、由其他法
人依有關法律規定附設者，應檢附各該法人主管機關同意
函件。」先予敘明。 
三、是以，護理機構之設置，有關建築物之設計、構造與設備
應符合護理機構設置標準表所列之相關規定。本案於原許
可設立擴建面積外，另申請擴充面積，擴建廚房、餐廳、
廁所等建築物供護理機構使用，該建築物變更設計，應符
合建築法及消防法等有關規定，而該護理機構如擴充地點
、總床數不變情形下，尚不需重新申請許可，惟變更事項
仍應報請原申請主管機關核備。",https://drive.google.com/file/d/1IEo7JO0CoxnfXCeiRm87BLzYfexqwZH7/view?usp=drivesdk,,
interp-0178,護理人員法解釋彙編,第 16 條,〔釋例類別〕 第 4 類 是否屬醫療勞務，免徵營業稅,99.4.28,2010-04-28,衛署照字第0992861056號,有關護理機構之設置或擴充，其申請開業登記或建築執照,148,148,161,161,護理人員、護理機構、開業,彙編節錄,108年彙編多數未保留正本、副本或署名欄；本筆已依下一封函或下一條文邊界切分。,"99.4.28.衛署照字第0992861056 號函 
主旨：有關護理機構之設置或擴充，其申請開業登記或建築執照
許可之展延期限及次數等案，復請 查照。 
說明： 
一、復 貴府 99 年 4 月 6 日府政查字第 0990080875 號函。 
二、查本署 84 年 7 月 12 日衛署醫字第 84045553 號函規定：
護理機構之設立或擴充，經衛生主管機關許可後，應於 6
個月內申請開業登記或依法申請建築執照，並由衛生主管
機關於許可函內載明。逾期者，衛生主管機關得撤銷其許
可。如期限屆滿未能完成，而有正當理由者，得申請展延
。惟展延期限，最長以 2 年為限。 
三、揆諸上開函規定，係指單次辦理申請展延之期限，至其申
請開業登記或建築執照許可之展延期限及次數，則係衡量
地方資源需求，且展延時需檢具具體事實敘明理由及相關
證明文件，由權責單位認定辦理。",https://drive.google.com/file/d/1IEo7JO0CoxnfXCeiRm87BLzYfexqwZH7/view?usp=drivesdk,,
interp-0179,護理人員法解釋彙編,第 16 條,〔釋例類別〕 第 4 類 是否屬醫療勞務，免徵營業稅,100.2.21,2011-02-21,衛署照字第1002860481號,所詢老人福利機構於原址變更為護理之家，得否比照老人,148,149,161,162,護理人員、護理機構、護理之家、負責人、開業,彙編節錄,108年彙編多數未保留正本、副本或署名欄；本筆已依下一封函或下一條文邊界切分。,"100.2.21.衛署照字第1002860481 號函 
主旨：所詢老人福利機構於原址變更為護理之家，得否比照老人
福利機構負責人變更之程序，收容對象不須淨空辦理乙案
，復如說明二，請 查照。 說明： 
一、復 貴部 99 年 12 月 30 日內授中社字第 0990071351 號函
及 100 年 2 月 8 日內授中社字第 1000715587 號函。 
二、護理機構之設置，依護理人員法第 16 條及同法施行細則
第 6 條規定，應先經申請主管機關許可；另依護理人員法
第 17 條及同法施行細則第 7 條規定 ， 護理機構之開業應向
所在地直轄市或縣(市)主管機關申請核准登記，並由直轄
市或縣(市)主管機關派員履勘後，核與規定相符者，發給
開業執照。 
三、綜上規定，本案老人福利機構擬於原址變更為護理之家，
應符合前開規範，於申請許可及開業核准後，始能執行相
關之業務。 
四、本署目前已著手修訂相關法規，有關機構類型轉換之行政
程序將朝更便民方式規劃。",https://drive.google.com/file/d/1IEo7JO0CoxnfXCeiRm87BLzYfexqwZH7/view?usp=drivesdk,,
interp-0180,護理人員法解釋彙編,第 16 條,〔釋例類別〕 第 4 類 是否屬醫療勞務，免徵營業稅,100.6.23,2011-06-23,衛署醫字第1000263266號,有關病情穩定但仍需使用呼吸器之患者入住一般護理之家,149,150,162,163,護理人員、護理機構、護理之家,彙編節錄,108年彙編多數未保留正本、副本或署名欄；本筆已依下一封函或下一條文邊界切分。,"100.6.23.衛署醫字第1000263266 號函 
主旨：有關病情穩定但仍需使用呼吸器之患者入住一般護理之家
，其設置標準（人力比及設施設備）是否仍僅適用護理人
員法第 16 條第 2 項規定一案，復請 查照。 
說明： 
一、依據 貴局 100 年 5 月 18 日北衛心字第 1000059662 號函
辦理。 
二、按護理機構設置或擴充，應先經申請主管機關許可，於護
理人員法第 16 條明定 。 其申請程序等相關規定 ， 亦於同法
施行細則第 5 條與第 6 條訂有明文。爰主管機關得就申請
之護理機構設置或擴充計畫，參酌護理機構之分類及設置
標準等相關規定，及基於機構收住住民之安全及照護環境
品質‥等客觀因素，審酌其得設立或擴充之許可規模。合
先敘明。 
三、至有關護理機構設立或擴充之申請計畫案，其申請之部分
床數，未來擬收住病情穩定但尚需依賴呼吸器使用之住民 一節，基於前揭呼吸器依賴患者由呼吸照護病房下轉至護
理之家之需求日益增多，及其所需呼吸儀器之置放空間與
該類住民所需之照護人力相對高於一般住民之照護等因素
考量，本署（護理及健康照護處）刻正研議修訂相關規範
，惟於前揭規範修訂前，有關前開計畫之審查，建議仍得
視需要請申請者，就其收住呼吸器依賴患者之空間、人力
及相關照護之整體規劃提出補充或說明，並在考量符合受
照護者之需要下，據以審核其設立或擴充之許可規模。",https://drive.google.com/file/d/1IEo7JO0CoxnfXCeiRm87BLzYfexqwZH7/view?usp=drivesdk,,
interp-0181,護理人員法解釋彙編,第 16 條,〔釋例類別〕 第 4 類 是否屬醫療勞務，免徵營業稅,100.8.12,2011-08-12,衛署照字第1000074972號,所詢安養中心變更為一般護理之家，其歇業、開業行政作,150,150,163,163,護理人員、護理機構、護理之家、開業、歇業,彙編節錄,108年彙編多數未保留正本、副本或署名欄；本筆已依下一封函或下一條文邊界切分。,"100.8.12.衛署照字第 1000074972 號函 
主旨：所詢安養中心變更為一般護理之家，其歇業、開業行政作
業期間住民之安置疑義案，復如說明，請 查照。 
說明： 
一、復 貴局100 年8 月9 日高市衛長字第1000072735 號函。 
二、護理機構之設置，依護理人員法第 16 條及同法施行細則
第 6 條規定，應先經申請主管機關許可；另依護理人員法
第 17 條及同法施行細則第 7 條規定 ， 護理機構之開業應向
所在地直轄市或縣(市)主管機關申請核准登記，並由直轄
市或縣(市)主管機關派員履勘後，核與規定相符者，發給
開業執照。 
三、綜上規定，本案安養中心擬於原址變更為一般護理之家，
應符合前開規範，於申請許可及開業核准後，始能執行相
關之業務。",https://drive.google.com/file/d/1IEo7JO0CoxnfXCeiRm87BLzYfexqwZH7/view?usp=drivesdk,,
interp-0182,護理人員法解釋彙編,第 16 條,〔釋例類別〕 第 4 類 是否屬醫療勞務，免徵營業稅,100.9.26,2011-09-26,衛署醫字第1002862587號,所詢有關護理之家申請設置或擴充案件之審查原則，復如,150,151,163,164,護理人員、護理之家、評鑑,彙編節錄,108年彙編多數未保留正本、副本或署名欄；本筆已依下一封函或下一條文邊界切分。,"100.9.26.衛署醫字第1002862587 號函 
主旨：所詢有關護理之家申請設置或擴充案件之審查原則，復如
說明段，請 查照。 
說明： 
一、復 貴局100 年9 月13 日桃衛照字第1000005390號函。 
二、來函說明一及說明二引用之法規條文應更正為護理人員法
施行細則第 6 條及醫院設立或擴充許可辦法第 3 條，先予 敘明。 
三、依據護理人員法施行細則第 6 條規定，護理之家設置或擴
充後之規模在 99 床以下之申請案 ， 其准駁與否係屬地方主
管機關之行政裁量權責，目前縣市政府對於護理之家設置
或擴充案件之審查方式有提送地方醫事審議委員會審查或
聘請審查委員審查，至其行政裁量基準是否參考醫院設立
或擴充許可辦法、參酌護理之家前 1 年之平均佔床率、照
護品質、歷年督考、評鑑、違規紀錄等事宜，宜由各地方
主管機關考量當地資源及管理需要，因地制宜予以設定，
惟行政裁量基準係屬行政規則，並事涉人民權益申請事項
，建議應依行政程序法第 160 條規定，應先發布後才予施
行。 
四、旨揭事宜，本署刻正辦理護理人員法第 16 條修正，授權
訂定護理之家設置或擴充許可辦法，以使護理之家設置或
擴充案件審理有所依據。",https://drive.google.com/file/d/1IEo7JO0CoxnfXCeiRm87BLzYfexqwZH7/view?usp=drivesdk,,
interp-0183,護理人員法解釋彙編,第 16 條,〔釋例類別〕 第 4 類 是否屬醫療勞務，免徵營業稅,101.11.16,2012-11-16,衛署照字第1012863920號,有關 貴局所詢一般護理之家設立是否屬公共設施、公用,151,152,164,165,護理人員、護理機構、護理之家,彙編節錄,108年彙編多數未保留正本、副本或署名欄；本筆已依下一封函或下一條文邊界切分。,"101.11.16.衛署照字第1012863920 號函 
主旨：有關 貴局所詢一般護理之家設立是否屬公共設施、公用
事業或重大公共建設等相關疑義案，復請 查照。 
說明： 
一、復 貴局101 年9 月19 日桃衛照字第1010179741號函。 
二、依據桃園縣政府地政局函略以，上開限制發展地區，除國
防與國家重大建設外或因生活環境品質與安全之考量，不
允許作非保育目的之發展與任何開發行為。 
三、另依內政部所頒「都市計畫法臺灣省施行細則」第 18 條
規定，乙種工業區可設置公害輕微之工廠與其必要附屬設
施，及與工業發展有關之設施、公共服務設施及公用事業
設施、一般商業設施，其中第 3 款公共服務設施及公用事
業設施包含醫療保健設施（醫療機構及護理機構）。 
四、福音護理之家係由資深護理人員以個人身分依護理人員法
規定申請設立，非政府自行或補助其設立，請貴局逕行考 量民眾需求之迫切性及該類機構分布密度等綜合判定。",https://drive.google.com/file/d/1IEo7JO0CoxnfXCeiRm87BLzYfexqwZH7/view?usp=drivesdk,,
interp-0184,護理人員法解釋彙編,第 16 條,〔釋例類別〕 第 4 類 是否屬醫療勞務，免徵營業稅,102.1.23,2013-01-23,衛署照字第1022860177號,有關 貴局再詢一般護理之家設立是否屬公共設施、公用,152,152,165,165,護理人員、護理機構、護理之家,彙編節錄,108年彙編多數未保留正本、副本或署名欄；本筆已依下一封函或下一條文邊界切分。,"102.1.23.衛署照字第1022860177 號函 
主旨：有關 貴局再詢一般護理之家設立是否屬公共設施、公用
事業或重大公共建設之貴轄某護理之家設置案，復請 查
照。 
說明： 
一、復 貴局101 年12 月21 日桃衛照字第1010193543號函。 
二、前案業經本署 101 年 11 月 16 日衛署照字第 1012863920
函復在案。另，因長照需求快速增加，故一般護理之家設
立以全國而言係屬重大公共建設，然各縣市地區仍有其需
求之差異性，故應考量縣市或區域機構分布密度及民眾需
求狀況為綜合判定。 
三、依本署國民長期照護需要調查之結果推估，桃園縣失能人
口約有 37,185 人，另依 99 年底長照資源盤點結果，桃園
縣龍潭鄉小區長照型機構式資源共 8 家，590 床，佔床率
73.56%，平均每萬失能人口床數為 2,627.2 床（高於所定
義全國長照資源不足區域之 700 床），申請設置護理機構
位址位於限制區範圍內，惠請貴局依據上述說明本於權責
予以審酌。",https://drive.google.com/file/d/1IEo7JO0CoxnfXCeiRm87BLzYfexqwZH7/view?usp=drivesdk,,
interp-0185,護理人員法解釋彙編,第 16 條,〔釋例類別〕 第 4 類 是否屬醫療勞務，免徵營業稅,102.2.19,2013-02-19,衛部照字第1022860291號,有關產後護理機構設置或擴充許可之辦理，適用「護理機,152,153,165,166,護理人員、護理機構、產後護理、開業,彙編節錄,108年彙編多數未保留正本、副本或署名欄；本筆已依下一封函或下一條文邊界切分。,"102.2.19 衛部照字第1022860291 號函 
主旨：有關產後護理機構設置或擴充許可之辦理，適用「護理機
構設置或擴充許可辦法」或「84 年 7 月 12 日衛署醫字第
84045553 號函」之疑義，詳如說明段，請查照。 
說明： 
一、復 貴局 102 年1 月22 日高市衛建字第10230739400號函。 
二、本署已於101 年 12 月 19 日公告護理機構設置或擴充許可
辦法(以下簡稱本辦法)，本辦法施行前，已取得設置許可
之產後護理機構，如因故需提出開業展延，應依本辦法第
9 條至第 11 條規定申請，其起算日之計算應依本辦法第 13 條 「本辦施行前，已取得設置或擴充許可者，自本辦法
施行日起算」規定辦理。 
三 、 自本辦法公告施行後 ，84 年7 月12 日衛署醫字第84045553
號函應停止適用。",https://drive.google.com/file/d/1IEo7JO0CoxnfXCeiRm87BLzYfexqwZH7/view?usp=drivesdk,,
interp-0186,護理人員法解釋彙編,第 16 條,〔釋例類別〕 第 4 類 是否屬醫療勞務，免徵營業稅,102.7.29,2013-07-29,衛部照字第102580055號,有關貴轄再詢福音護理之家申請設立是否屬公共建設、公,153,153,166,166,護理人員、護理之家,彙編節錄,108年彙編多數未保留正本、副本或署名欄；本筆已依下一封函或下一條文邊界切分。,"102.7.29.衛部照字第102580055 號函 
主旨：有關貴轄再詢福音護理之家申請設立是否屬公共建設、公
用事業或重大公共建設乙案，請 查照。 
說明： 
一、復 貴局102 年4 月23 日桃衛照字第1020162918號函。 
二、有關旨案函請協助認定是否屬公共建設、公用事業或重大
公共建設乙案，本部意見前於 101 年 11 月 16 日衛署照字
第 1012863920 號函及 102 年 1 月 23 日衛署照字第
1022860177 號函復在案。 
三、又，本部請一般護理之家新設置或擴充業務審查委員會委
員審查，檢附委員審查意見表供參。",https://drive.google.com/file/d/1IEo7JO0CoxnfXCeiRm87BLzYfexqwZH7/view?usp=drivesdk,,
interp-0187,護理人員法解釋彙編,第 16 條,〔釋例類別〕 第 4 類 是否屬醫療勞務，免徵營業稅,103.1.6,2014-01-06,衛部照字第1021581579號,所詢私立護理之家申請擴充，得否將鄰近長照機構申請作,153,154,166,167,護理人員、護理機構、護理之家、開業、歇業,彙編節錄,108年彙編多數未保留正本、副本或署名欄；本筆已依下一封函或下一條文邊界切分。,"103.1.6 衛部照字第1021581579 號函 
主旨：所詢私立護理之家申請擴充，得否將鄰近長照機構申請作
為擴充區域，逕行變更為護理之家，不須將住民淨空一案
，復如說明段，請查照。 
說明： 
一、復 貴局 102 年 12 月 10 日桃衛照字第 1020308801 號函。 
二、依據護理人員法第 16 條及同法施行細則第 6 條規定，護
理機構之設置及擴充，應先申請並經主管機關許可；又同
法第 17 條及同法施行細則第 7 條規定，護理機構之開業
應向所在地直轄市、縣(市)主管機關申請核准登記，並由
直轄市或縣(市)主管機關派員履勘後，核與規定相符者，
發給開業執照。次依私立老人福利機構設立許可及管理辦
法第 17 條第 1 項規定：「私立老人福利機構歇業或解散
時，應於1 個月前檢具申請書敍明理由、現有收容老人安 置計畫及日期，報主管機關許可。」先予敍明。 
三、旨案老人長照機構欲申請變更為護理之家，應同時符合前
開法令規定，至變更過程是否須先完成歇業程序將住民淨
空，應由當地縣市政府社會局(處)及衛生局依個案事實認
定辦理。意即，倘老人長照機構經縣市社會局(處)許可歇
業日期能與護理之家經衛生局核准開業日期訂為同時，讓
現有老人安置與入住護理之家能無縫接軌，則可避免讓已
入住該機構老人面臨搬遷問題，如否，因本案係擬變更為
護理之家，仍應依護理人員法相關規定辦理。",https://drive.google.com/file/d/1IEo7JO0CoxnfXCeiRm87BLzYfexqwZH7/view?usp=drivesdk,,
interp-0188,護理人員法解釋彙編,第 16 條,〔釋例類別〕 第 4 類 是否屬醫療勞務，免徵營業稅,103.3.18,2014-03-18,衛部照字第1031560405號,所詢有關貴轄名家護理之家因土地暨建物經法院拍賣，產,154,155,167,168,護理人員、護理機構、護理之家、負責人,彙編節錄,108年彙編多數未保留正本、副本或署名欄；本筆已依下一封函或下一條文邊界切分。,"103.3.18 衛部照字第1031560405 號函 
主旨：所詢有關貴轄名家護理之家因土地暨建物經法院拍賣，產
權已轉移，可否辦理負責人變更，如無法變更擬重新申請
籌設許可，是否適用農業主管機關同意農業用地變更使用
審查作業要點一案，請查照。 
說明： 
一、復 貴局103 年 3 月 6 日彰衛長字第 1030006204 號函。 
二、依據護理人員法施行細則第4 條第2 項規定：「護理機構
之設置或擴充經許可後，其申請人、設置或擴充地點、床
數有變更者，應重新申請許可。」次依護理機構設置或擴
充許可辦法第 7 條規定：「護理機構之設置或擴充經許可
後，其設置或擴充地點、床數有變更者，應重新申請許可
;私立護理機構負責人變更者，亦同。」前開法規係明訂
機構經許可設立後，如欲變更負責人，應由機構提出申請
，惟對於其變更負責人之原因（例如因土地所有權轉移是
否應辦理負責人變更），非屬本法規範內容，先多敍明。 
三、又按農業主管機關同意農業用地變更使用審查作業要點第
6 點第 1 項規定:「非都市土地特定農業區之農業用地 ， 不
同意變更使用。但符合下列情形之一，且無前點各款情形
之一者，得申請變更使用：…(五)中央目的事業主管機關
專案核准設立之公益性福利設施或再生能源設施。…」查 前開所稱公益性福利設施，應視申請計畫內容進行專案審
查後始得認定。",https://drive.google.com/file/d/1IEo7JO0CoxnfXCeiRm87BLzYfexqwZH7/view?usp=drivesdk,,
interp-0189,護理人員法解釋彙編,第 16 條,〔釋例類別〕 第 4 類 是否屬醫療勞務，免徵營業稅,103.4.15,2014-04-15,衛部照字第1031560433號,有關產後護理機構設置及坐月子中心相關疑義，復如說明,155,156,168,169,護理人員、護理機構、產後護理、負責人,彙編節錄,108年彙編多數未保留正本、副本或署名欄；本筆已依下一封函或下一條文邊界切分。,"103.4.15.衛部照字第1031560433 號 
主旨：有關產後護理機構設置及坐月子中心相關疑義，復如說明
段，請查照。 
說明： 
一、復貴局 102 年10 月16 日高市衛健字第10239956900號函。 
二、有關產後護理機構擴充地點為原已設置機構之鄰近地點，
並由原已設置機構負責人同時擔任乙節，護理機構之設立
或擴充，應依護理人員法、護理機構分類設置標準及護理
機構設置或擴充許可辦法等規定辦理，至產後護理機構擴
充地點之距離範圍，除應符合前開規定外，亦應考量機構
現址與各分支點之照護品質服務、照護人力、行政管理、
作業動線、安全管理、設備設施及配套措施之完善及運作
順暢原則下設立，惟仍應依個案實際狀況認定之。 
三、有關護理機構分類設置標準門寬定義乙節，查本部102 年
12 月 31 日衛部照字第 1021581254 號函副本諒達 ， 按護理
機構分類設置標準規定，略以：「護理機構，其一般設施
應符合建築法及其有關法規規定；住房寢室及衛浴設備至
少應各有一扇門，寬度至少為零點八公尺」，所詢門寬定
義，係指門實體寬度（淨寬），尚不包括門框寬度。爰此
，護理機構住房寢室及衛浴設備門寬應依該標準之特別規
定辦理。 
四、有關坐月子中心建築物及其設備規範乙節，查坊間所稱「
坐月子中心」，係向經濟部辦理營業登記，應依其原始營
業登記之各該管法令規定辦理，非依護理人員法許可設置
；為顧及產婦及嬰兒之安全，故本部於「產後護理機構及
坐月子中心定型化契約應記載及不得記載事項」明訂坐月
子中心之建築物及其設備應符合建築法規及消防法規有關
公共安全之相關規定；惟坐月子中心之建築物使用類組或 消防安全場所用途分類之規定，仍應依營建及消防各該法
令進行認定。",https://drive.google.com/file/d/1IEo7JO0CoxnfXCeiRm87BLzYfexqwZH7/view?usp=drivesdk,,
interp-0190,護理人員法解釋彙編,第 16 條,〔釋例類別〕 第 4 類 是否屬醫療勞務，免徵營業稅,103.9.1,2014-09-01,衛部照字第1031500160號,所詢申請護理機構擴床程序，針對已核准立案範圍，是否,156,156,169,169,護理人員、護理機構、產後護理、護理之家,彙編節錄,108年彙編多數未保留正本、副本或署名欄；本筆已依下一封函或下一條文邊界切分。,"103.9.1 衛部照字第1031500160 號函 
主旨：所詢申請護理機構擴床程序，針對已核准立案範圍，是否
需重新審核一案，復請查照。 
說明： 
一、復 貴分院 103 年 8 月 22 日中總嘉護字第 1030010690 號
函。 
二、按護理機構設置或擴充許可辦法第3 條第 1 項規定，護理
之家機構設置或擴充後之規模在一百床以上者，由當地衛
生主管機關初審通過後，報中央主管機關許可。同辦法第
5 條規定：「護理之家機構及產後護理機構計畫書，應載
明下列事項：…二、設置或擴充之目的、當地資源概況、
住民來源分析、住民轉介流程、服務品質管理及營運後三
年內機構業務預估。三、建築地址(地號)、建物位置圖、
基地面積、建築面積、設置或擴充前後之總樓地板及各樓
層地板面積及樓層平面配置圖；擴充者應檢附擴充前後配
置對照表。…七、申請擴充者，其最近三年之財務報告」 。 
三、承上，旨案因申請機構擴充後之規模達一百床以上，應由
衛生局初審後，提報本部進行審查及許可 ;又申請擴床案
之計畫書內容包含擴充前後之資料，故按上開規定應完整
提供，以利地方及中央主管機關進行審查。",https://drive.google.com/file/d/1IEo7JO0CoxnfXCeiRm87BLzYfexqwZH7/view?usp=drivesdk,,
interp-0191,護理人員法解釋彙編,第 16 條,〔釋例類別〕 第 4 類 是否屬醫療勞務，免徵營業稅,106.10.16,2017-10-16,衛部照字第1061562633號,有關106 年 6 月 3 日長期照顧服務法(以下稱長服法)施行,156,157,169,170,護理人員、護理機構、護理之家,彙編節錄,108年彙編多數未保留正本、副本或署名欄；本筆已依下一封函或下一條文邊界切分。,"106.10.16 衛部照字第1061562633 號 
主旨：有關106 年 6 月 3 日長期照顧服務法(以下稱長服法)施行
後，新設立一般護理之家、公立護理之家擴充、遷址及一
般護理之家新增或擴充服務項目是否可依護理人員法辦理
之疑義，詳如說明，復請查照。 
說明： 
一、復新北市政府衛生局 106 年 9 月 1 日新北衛心字第 1061713603 號函 、 十方都市開發顧問有限公司106 年 8 月
29 日十字(106)第 1060822 號函、宜蘭縣長期照護服務管
理所 106 年 8 月 24 日宜長照字第 1060007319 號函。 
二、長服法施行後，倘設置住宿型長照機構應依長服法規定辦
理，意即無新設一般護理之家。 
三、如為既有一般護理之家且總樓地板面積不變前提下，符合
護理機構分類設置標準，得依護理人員法新增日間照護服
務項目或擴充日間照護服務量(如增加日間照護服務人數)
。 
四、長服法施行後，既有公立醫院附設護理之家之擴充或遷址
，得依護理人員法辦理。",https://drive.google.com/file/d/1IEo7JO0CoxnfXCeiRm87BLzYfexqwZH7/view?usp=drivesdk,,
interp-0192,護理人員法解釋彙編,第 16 條,〔釋例類別〕 第 4 類 是否屬醫療勞務，免徵營業稅,106.09.12,2017-09-12,衛部照字第1061562527號,所詢有關居家護理所提供居家服務是否需再申請設立居家,157,158,170,171,護理人員、護理機構、居家護理、負責人,彙編節錄,108年彙編多數未保留正本、副本或署名欄；本筆已依下一封函或下一條文邊界切分。,"106.09.12 衛部照字第1061562527 號 
主旨：所詢有關居家護理所提供居家服務是否需再申請設立居家
式服務類長期照顧服務機構一案，復請查照。 
說明： 
一、依據貴局106 年 8 月 14 日中市衛醫字第 1060081431 號函
辦理。 
二、長期照顧服務法（以下簡稱長服法）自今年6 月 3 日正式
施行，該法施行前已依護理人員法設立之居家護理機構，
依長服法第 62 條規定 ， 仍得依原適用法令繼續提供長照服
務，先予敘明。 
三、又為踐行長服法的精神、設立標準規定及未來管理與各類
醫事機構設立原則之一致性，如居家護理機構除護理專業
服務外，欲提供「身體照顧、日常生活照顧及家事服務」
等服務內容者，仍需依據長期照顧服務機構設立標準規定
辦理申請設立居家式服務類長期照顧服務機構。然基於簡
化原則及考量實務運作面，此一類型之居家式服務類長期
照顧服務機構可與居家護理機構同址設置(即俗稱掛雙牌)
，其居家式服務類長期照顧服務機構之業務負責人得與居
家護理機構之負責人同一人，且同址設立之兩機構無須 獨立出入口。",https://drive.google.com/file/d/1IEo7JO0CoxnfXCeiRm87BLzYfexqwZH7/view?usp=drivesdk,,
interp-0193,護理人員法解釋彙編,第 16 條,〔釋例類別〕 第 4 類 是否屬醫療勞務，免徵營業稅,106.10.17,2017-10-17,衛部照字第1061562739號,有關依護理人員法申請新設居家護理機構一案，請查照。,158,158,171,171,護理人員、護理機構、居家護理,彙編節錄,108年彙編多數未保留正本、副本或署名欄；本筆已依下一封函或下一條文邊界切分。,"106.10.17 衛部照字第1061562739 號 
主旨：有關依護理人員法申請新設居家護理機構一案，請查照。 
說明： 
一、長期照顧服務法自106 年 6 月 3 日起施行，不論是該法施
行前或施行後，如居家護理機構僅提供護理專業服務，仍
得依護理人員法設立居家護理機構，並可特約長期照顧服
務法之居家護理服務。 
二、另有關居家護理機構提供居家服務是否需再申請設立居家
式服務類長期照顧服務機構乙節 ， 請依本部106 年 9 月 12
日衛部照字第 1061562527 號函辦理，檢附函文供參。",https://drive.google.com/file/d/1IEo7JO0CoxnfXCeiRm87BLzYfexqwZH7/view?usp=drivesdk,,
interp-0194,護理人員法解釋彙編,第 16 條,〔釋例類別〕 第 4 類 是否屬醫療勞務，免徵營業稅,106.12.20,2017-12-20,衛部照字第1060137504號,所詢有關居家式長期照顧服務機構提供醫事照護服務，其,158,159,171,172,護理人員、護理機構、居家護理、負責人,彙編節錄,108年彙編多數未保留正本、副本或署名欄；本筆已依下一封函或下一條文邊界切分。,"106.12.20 衛部照字第1060137504 號 
主旨：所詢有關居家式長期照顧服務機構提供醫事照護服務，其
設立標準應依醫事人員相關法規辦理之疑義一案，復請查
照。 
說明： 
一、復貴局 106 年 12 月 7 日北市社老字第 10646513600 號函
。 
二、查本部106 年 10 月 17 日衛部照字第 1061562739 號函(如
附件)，係為踐行長服法的精神、設立標準規定、未來管理
與各類醫事機構設立原則之一致性，以及基於簡化原則及
考量實務運作面，故依護理人員法新設的居家護理機構，
倘除護理專業服務外，欲提供「身體照顧、日常生活照顧
及家事服務」，則可依長期照顧服務法(以下稱長服法)申
請設立居家式長照機構，並可與居家護理機構同址設置(
即俗稱雙掛牌)， 其居家式服務類長期照顧服務機構之業務
負責人得與居家護理機構之負責人同一人。 
三、依護理人員法設立居家護理機構與依長服法設立居家式長
照機構先後設立之次序乙節，涉及地方實際作業程序及需 要，爰尊重貴局決定辦理之程序及設立流程。",https://drive.google.com/file/d/1IEo7JO0CoxnfXCeiRm87BLzYfexqwZH7/view?usp=drivesdk,,
interp-0195,護理人員法解釋彙編,第 17 條,〔釋例類別〕 第 4 類 是否屬醫療勞務，免徵營業稅,103.1.6,2014-01-06,衛部照字第1021581579號,所詢私立護理之家申請擴充，得否將鄰近長照機構申請作,159,160,172,173,護理人員、護理機構、護理之家、開業、歇業,彙編節錄,108年彙編多數未保留正本、副本或署名欄；本筆已依下一封函或下一條文邊界切分。,"103.1.6 衛部照字第1021581579 號函 
主旨：所詢私立護理之家申請擴充，得否將鄰近長照機構申請作
為擴充區域，逕行變更為護理之家，不須將住民淨空一案
，復如說明段，請查照。 
說明： 
一、復 貴局 102 年 12 月 10 日桃衛照字第 1020308801 號函。 
二、依據護理人員法第 16 條及同法施行細則第 6 條規定，護
理機構之設置及擴充，應先申請並經主管機關許可；又同
法第 17 條及同法施行細則第 7 條規定，護理機構之開業
應向所在地直轄市、縣(市)主管機關申請核准登記，並由
直轄市或縣(市)主管機關派員履勘後，核與規定相符者，
發給開業執照。次依私立老人福利機構設立許可及管理辦
法第 17 條第 1 項規定：「私立老人福利機構歇業或解散
時，應於1 個月前檢具申請書敍明理由、現有收容老人安
置計畫及日期，報主管機關許可。」先予敍明。 
三、旨案老人長照機構欲申請變更為護理之家，應同時符合前
開法令規定，至變更過程是否須先完成歇業程序將住民淨
空，應由當地縣市政府社會局(處)及衛生局依個案事實認
定辦理。意即，倘老人長照機構經縣市社會局(處)許可歇
業日期能與護理之家經衛生局核准開業日期訂為同時，讓
現有老人安置與入住護理之家能無縫接軌，則可避免讓已 入住該機構老人面臨搬遷問題，如否，因本案係擬變更為
護理之家，仍應依護理人員法相關規定辦理。 
〔釋例類別〕 第 1 類 開業執照登記",https://drive.google.com/file/d/1IEo7JO0CoxnfXCeiRm87BLzYfexqwZH7/view?usp=drivesdk,,
interp-0196,護理人員法解釋彙編,第 17 條,〔釋例類別〕 第 1 類 開業執照登記,82.11.6,1993-11-06,衛署醫字第82074320號,護理人員法施行細則第 13 條第 7 款所定護理機構之業務,160,160,173,173,護理人員、護理機構、居家護理、產後護理、護理之家、開業,參照摘要,彙編中此筆為短摘要或參照其他頁碼，非完整公文全文。,"82.11.6.衛署醫字第82074320 號函 
主旨：護理人員法施行細則第 13 條第 7 款所定護理機構之業務
項目登記，係指依其機構種類分別登記「護理之家」、「
產後護理」或「居家護理」，請 查照。",https://drive.google.com/file/d/1IEo7JO0CoxnfXCeiRm87BLzYfexqwZH7/view?usp=drivesdk,,
interp-0197,護理人員法解釋彙編,第 17 條,〔釋例類別〕 第 1 類 開業執照登記,82.11.16,1993-11-16,衛署醫字第82074320號,公告護理機構開業執照格式，如附件。,160,160,173,173,護理人員、護理機構、產後護理、護理之家、開業,彙編節錄,108年彙編多數未保留正本、副本或署名欄；本筆已依下一封函或下一條文邊界切分。,"82.11.16.衛署醫字第82074320 號公告 
主旨：公告護理機構開業執照格式，如附件。 
說明： 
一、依據護理人員法施行細則第 32 條規定辦理。 
二、護理機構開業執照格式，長 25.8 公分，寬35.5 公分；梅
花圖案邊 ， 其外層長20.2 公分 ， 寬30.5 公分 ， 內層長17.6
公分，寬27.9 公分；國旗印於上方中央；黃底套色；衛生
署徽白底居中。左下方貼負責護理人員 2 吋半身相片。 
三、內容文字為正楷列印，包括護理機構名稱、開業地址、負
責護理人員之姓名、證書字號及業務項目。 
四、業務項目，依其機構種類填列護理之家、產後護理或居家
護理。",https://drive.google.com/file/d/1IEo7JO0CoxnfXCeiRm87BLzYfexqwZH7/view?usp=drivesdk,,
interp-0198,護理人員法解釋彙編,第 17 條,〔釋例類別〕 第 1 類 開業執照登記,85.6.15,1996-06-15,衛署醫字第85031184號,所詢醫療機構附設居家護理業務應否給予新醫事機構代碼,160,161,173,174,護理人員、護理機構、居家護理、產後護理、護理之家、開業,參照摘要,彙編中此筆為短摘要或參照其他頁碼，非完整公文全文。,"85.6.15.衛署醫字第85031184 號函 
主旨：所詢醫療機構附設居家護理業務應否給予新醫事機構代碼
疑義一案，復請 查照。 
說明： 
一、復 貴局 85 年 6 月 5 日健保醫字第 85009298 號函。 
二、按醫療機構依護理機構設置標準第 13 條規定，設居家護
理、產後護理或護理之家服務部門者，地方衛生主管機關
除應依本署 82 年 11 月 16 日衛署醫字第 82074320 號函規 定，於醫療機構開業執照診療科別欄，加註「居家護理」
、「產後護理」或「護理之家」之業務項目外，並應參照
本署85 年3 月13 日衛署醫字第85013024 號簡便行文表所
送「醫療資訊網─醫事機構管理系統」權屬別及型態修訂
表，分別給予新醫事機構代碼，以利醫政管理。 
三、至於全民健康保險特約醫療機構已附設之「居家護理」，
是否因衛生主管機關另予新醫事機構代編，而需另送特約
申請書重新申請特約一節，請貴局逕依權責裁量。 
四、副本抄送台灣省政府衛生處、台北市政府衛生局、高雄市
政府衛生局、金門縣、連江縣衛生局，關於說明二之規定
，請查照轉行。 
（註：本函釋說明二所敘「本署 82.11.16.衛署醫字第82074320 號函
規定，於醫療機構開業執照診療科別欄加註護理機構之業務項
目」乙節，業經 90.5.10.衛署醫字第 0900031774 號函停止適
用，請參閱P.162）",https://drive.google.com/file/d/1IEo7JO0CoxnfXCeiRm87BLzYfexqwZH7/view?usp=drivesdk,,
interp-0199,護理人員法解釋彙編,第 17 條,〔釋例類別〕 第 1 類 開業執照登記,90.4.25,2001-04-25,衛署醫字第0900023169號,有關醫療機構申請附設護理機構，依規定核准開業後，於,161,161,174,174,護理人員、護理機構、開業,彙編節錄,108年彙編多數未保留正本、副本或署名欄；本筆已依下一封函或下一條文邊界切分。,"90.4.25.衛署醫字第0900023169 號函 
主旨：有關醫療機構申請附設護理機構，依規定核准開業後，於
原醫療機構開業執照加註服務項目者，需否收取執照費乙
案，復請 查照。 
說明： 
一、復 貴局90 年4 月11 日90 投衛局醫字第90005895號函。 
二、依 89 年醫政、護政業務會議決議：有關醫療機構附設護
理機構，其附設之護理機構，一律另發開業執照，至原加
註於醫療機構診療科別者，則應於異動時，重新核發開業
執照，本案請依前開決議辦理。",https://drive.google.com/file/d/1IEo7JO0CoxnfXCeiRm87BLzYfexqwZH7/view?usp=drivesdk,,
interp-0200,護理人員法解釋彙編,第 17 條,〔釋例類別〕 第 1 類 開業執照登記,90.5.8,2001-05-08,衛署醫字第0900031567號,醫療機構附設護理之家或獨立型態護理之家，於不同時間,161,162,174,175,護理人員、護理機構、居家護理、產後護理、護理之家、開業,彙編節錄,108年彙編多數未保留正本、副本或署名欄；本筆已依下一封函或下一條文邊界切分。,"90.5.8.衛署醫字第0900031567 號函 
主旨：醫療機構附設護理之家或獨立型態護理之家，於不同時間
，分別再增設居家護理機構及產後護理機構，不另核發開
業執照及核給機構代碼，而以新增業務項目方式辦理，惟 若先設居家護理，再增設護理之家，則需換發開發執照，
請 查照。 
說明：依據 89 年醫政、護政業務會議決議辦理。",https://drive.google.com/file/d/1IEo7JO0CoxnfXCeiRm87BLzYfexqwZH7/view?usp=drivesdk,,
interp-0201,護理人員法解釋彙編,第 17 條,〔釋例類別〕 第 1 類 開業執照登記,90.5.10,2001-05-10,衛署醫字第0900031774號,醫療機構依護理機構設置標準規定附設護理機構，應另發,162,162,175,175,護理人員、護理機構、開業,彙編節錄,108年彙編多數未保留正本、副本或署名欄；本筆已依下一封函或下一條文邊界切分。,"90.5.10.衛署醫字第0900031774 號函 
主旨：醫療機構依護理機構設置標準規定附設護理機構，應另發
給開業執照，至原於醫療機構開業執照加註附設護理機構
者，應於異動時，重新核發開業執照，請 查照。 
說明：依據 89 年醫政、護政業務會議決議辦理。",https://drive.google.com/file/d/1IEo7JO0CoxnfXCeiRm87BLzYfexqwZH7/view?usp=drivesdk,,
interp-0202,護理人員法解釋彙編,第 17 條,〔釋例類別〕 第 1 類 開業執照登記,91.5.7,2002-05-07,衛署醫字第0910014365號,有關貴轄國軍桃園總醫院附設護理之家申請變更負責人，,162,163,175,176,護理人員、護理機構、居家護理、產後護理、護理之家、執業執照、負責人、開業,彙編節錄,108年彙編多數未保留正本、副本或署名欄；本筆已依下一封函或下一條文邊界切分。,"91.5.7.衛署醫字第0910014365 號函 
主旨：有關貴轄國軍桃園總醫院附設護理之家申請變更負責人，
其開、執業執照應如何掣給乙案，復請 查照。 
說明： 
一、復 貴局 91 年 1 月 31 日桃衛醫字第 9105451 號函。 
二、本案原係國軍桃園總醫院以附設護理之家及居家護理服務
部門登記 ， 依本署90 年 5 月 10 日衛署醫字第0900031774
號函規定，醫療機構依護理機構設置標準規定附設護理機
構，應另發給開業執照，至原於醫療機構開業執照加註附
設護理機構者，應於異動時，重新核發開業執照。 
三、另醫院同時設有居家護理及護理之家，核發開業執照時，
得以護理之家機構代碼或居家護理機構代碼擇一印出開業
執照，若考慮居家護理與健保特約問題，得優先以居家護
理機構列印開業執照，至於原核給之機構代碼可同時保留
。至其機構名稱應依護理人員法施行細則第 14 條規定辦理
。 
四、另護理之家同時辦理居家護理或產後護理服務部門，其負
責護理人員得以同一人登記，前經本署 83 年 6 月 17 日衛
署醫字第 83035205 號函釋在案 。 其負責護理人員之執業場
所應登記於護理之家，至其他人員則依其實際執業場所分
別核給執業執照。",https://drive.google.com/file/d/1IEo7JO0CoxnfXCeiRm87BLzYfexqwZH7/view?usp=drivesdk,,
interp-0203,護理人員法解釋彙編,第 17 條,〔釋例類別〕 第 1 類 開業執照登記,96.4.16,2007-04-16,衛署醫字第0960014958號,有關醫療機構附設居家護理所設置疑義一案，復請 查照,163,163,176,176,護理人員、護理機構、居家護理、產後護理、護理之家、開業,參照摘要,彙編中此筆為短摘要或參照其他頁碼，非完整公文全文。,"96.4.16.衛署醫字第 0960014958 號書函 
主旨：有關醫療機構附設居家護理所設置疑義一案，復請 查照
。 
說明： 
一、復 貴局 96 年 4 月 4 日北衛醫字第 0960029330 號函。 
二、查護理機構設置標準第 2 條：「本標準所稱護理機構，指
依本法施行細則第 6 條所定之居家護理機構、護理之家機
構及產後護理機構。」至為利於醫療機構及護理機構之管
理 ， 本署於90 年 5 月 10 日衛署醫字第 0900031774 號函釋
略以：「醫療機構依護理機構設置標準規定附設護理機構
，應另發開業執照，至原於醫療機構開業執照加註附設護
理機構者，應於異動時，重新核發開業執照。」又該護理
機構因係由醫院附設，宜以醫療機構名稱作為申請人，前
經本署 96 年 2 月 6 日衛署醫字第 0960004896 號書函函釋
在案，先予敘明。 
三、是以，醫療機構與附設之護理機構如同址設立，其總樓地
板面積應分別計算，並符合各該機構設置標準之規定；又
其執業場所使用空間與公共場所應有明確區隔，並各有獨
立動線，始准許開業。至所述本案附設居家護理機構與該
院辦公空間如以 OA 辦公桌或拉簾區隔 ， 是否符合上揭規定
一節，請依前述規定視個案事實依權責認定。 
（註：本函釋說明二末段所敘「又該護理機構因係由醫院附設，宜以
醫療機構名稱作 為申請人」乙節， 業經 97.4.1.衛署醫字第
0970201290 號函停止適用，請參閱P.209）",https://drive.google.com/file/d/1IEo7JO0CoxnfXCeiRm87BLzYfexqwZH7/view?usp=drivesdk,,
interp-0204,護理人員法解釋彙編,第 17 條,〔釋例類別〕 第 1 類 開業執照登記,100.1.7,2011-01-07,衛署照字第0992863553號,有關 貴院附設護理之家擬增加居家護理服務項目一案，,163,164,176,177,護理人員、護理機構、居家護理、護理之家、開業,彙編節錄,108年彙編多數未保留正本、副本或署名欄；本筆已依下一封函或下一條文邊界切分。,"100.1.7.衛署照字第0992863553 號函 
主旨：有關 貴院附設護理之家擬增加居家護理服務項目一案，
請 查照。 
說明： 
一、復 貴院 99 年 11 月 26 日第 0990002886 號函。 
二、護理之家機構設居家護理者，應於其開業執照業務項目欄 ，加註「居家護理」業務項目。惟另依本署 90 年 5 月 10
日衛署醫字第 0900031774 號函示 ： 醫療機構依護理機構設
置標準規定附設護理機構，應另發開業執照，至原於醫療
機構開業執照加註附設護理機構者，應於異動時，重新核
發開業執照。 
三、貴院附設護理之家須具備另發開業執照，始得辦理加註「
居家護理」業務項目。",https://drive.google.com/file/d/1IEo7JO0CoxnfXCeiRm87BLzYfexqwZH7/view?usp=drivesdk,,
interp-0205,護理人員法解釋彙編,第 17 條,〔釋例類別〕 第 1 類 開業執照登記,101.1.3,2012-01-03,衛署照字第1002863487號,一般護理之家收住呼吸器依賴個案之設置標準相關規定公,164,166,177,179,護理人員、護理機構、護理之家、開業,彙編節錄,108年彙編多數未保留正本、副本或署名欄；本筆已依下一封函或下一條文邊界切分。,"101.1.3.衛署照字第1002863487 號函 
主旨：一般護理之家收住呼吸器依賴個案之設置標準相關規定公
告施行後，有關許可核發及開業登記之處理方式如說明段
，請 查照。 
說明： 
一、旨揭規定為「護理機構分類設置標準」第 10-1 條及第 8
條附表，業經本署於 100 年 12 月 2 日以衛署照字第
1002863077 號令修正發布施行，並於 100 年 12 月 2 日以
衛署照字第 1002863077C 號函諒達。 
二、為使一般護理之家收住呼吸器依賴個案之管理能符合規定
，有關機構該類床數之許可核發及開業登記處理方式如下
： 
(一)已開業機構部分： 
1.惠請稽核所轄一般護理之家收 住呼吸器依賴個案
之情形 ， 並輔導轄內已收住呼吸器依賴個案達4 床
以上之一般護理之家 ， 於101 年 6 月 1 日前依設置
標準改善。 
2.若機構於現有設置規模內收住呼吸器依賴個案達 4
床以上者 ， 應依設置標準規定配置相關人力及設施
設備。 
3.前揭二項經實地履勘與規定相符者，應依護理人員
法施行細則第 13 條規定，辦理登記事項變更，於
該等機構之開業執照病床數登載 「 （含收住呼吸器 依賴個案○床）」。 
(二)新設置或擴充申請部分： 
1.經審核准予設置或擴充之許可函其許可事項，於護
理之家許可床數加註「（含收住呼吸器依賴個案○
床）」。 
2.開業核准登記，仍依現行規定辦理，並於開業執照
病床數登載「（含收住呼吸器依賴個案○床）」。 
(三)為配合「護理機構分類設置標準」修正規定，本署醫
事管理系統刻正進行一般護理之家收住呼吸器依賴個
案床之登記欄位、相關資料串聯及護理機構開業執照
病床數內容增修等事宜（系統增修後，如有登錄收住
呼吸器依賴個案床數資料，系統產出之開業執照病床
數將會帶入【含收住呼吸器依賴個案○床】之資料）
，爰此，上開機構開業登記、許可事項及護理人力數
資料更新部分，建請先行紙本登記，俟醫事系統增修
完成後，將另行通知至系統做補登作業。 
三、檢附護理機構開業執照病床數加註「含收住呼吸器依賴個
案床數」範例，如附件。 

附件 
○○○○○字第○○○○○○○號 
護理機構開業執照 
○○○申請護理機構開業登記核與護理人員法規定相符合予
發給開業執照並摘錄登記事項如下： 
名 稱：○○護理之家 
地 址：○○○○○○○○○○○○○○○○○ 
負 責 人：○○○ 
業務項目：護理之家 

病 床 數：一般護理之家○床（含收住呼吸器依賴個案○床） ○○市 
中華民國○年○月○日 機構代碼：○○○○○○○○○",https://drive.google.com/file/d/1IEo7JO0CoxnfXCeiRm87BLzYfexqwZH7/view?usp=drivesdk,,
interp-0206,護理人員法解釋彙編,第 17 條,〔釋例類別〕 第 1 類 開業執照登記,101.5.4,2012-05-04,衛署照字第1012862269號,為配合一般護理之家收住呼吸器依賴個案之設置標準相關,166,167,179,180,護理人員、護理機構、護理之家、開業,彙編節錄,108年彙編多數未保留正本、副本或署名欄；本筆已依下一封函或下一條文邊界切分。,"101.5.4.衛署照字第1012862269 號函 
主旨：為配合一般護理之家收住呼吸器依賴個案之設置標準相關
規定公告施行，本署醫事管理系統（以下簡稱醫事系統）
已完成相關功能之增修，請 查照。 
說明： 
一、「護理機構分類設置標準」已於 100 年 12 月 2 日衛署照
字第 1002863077 號令修正發布施行一般護理之家收住呼
吸器依賴個案床之規定 ， 並於100 年12 月 2 日以衛署照字
第 1002863077C 號函計達，另有關一般護理之家收住呼吸
器依賴個案之許可核發及開業登記處理方式，亦已於 101
年 1 月 3 日衛署照字第 1002863487 號函諒達。 
二、為配合「護理機構分類設置標準」修正規定，醫事系統已
完成一般護理之家收住呼吸器依賴個案床之登記欄位、相
關資料串聯及護理機構開業執照病床數內容增修等事宜（
系統增修後，如有登錄收住呼吸器依賴個案床數資料，系
統產出之開業執照病床數將會帶入【含收住呼吸器依賴個
案○床】之資料）。 
三、已開業之機構，其於醫事系統之資料更新部分，請先於「
擴建／設立許可資料」功能進行病床資料更新，並於備註
欄位加註依本署 101 年 1 月 3 日衛署照字第 1002863487
號函，已於○年○月○日進行病床資料異動後，再至「開
業（護理機構）」功能進行開業資料變動；新設置或擴充
申請者，請依原作業程序至醫事系統進行相關資料登錄。 
四、綜上，貴轄之一般護理之家配合「護理機構分類設置標準
」修正規定，須更新開業登記、許可事項及護理人力數資
料部分，如已先行紙本登記，請至醫事系統進行補登作業
。 
五、本署醫事管理系統之操作如有疑義，請逕洽客服專線 (02)8952-1508 詢問。",https://drive.google.com/file/d/1IEo7JO0CoxnfXCeiRm87BLzYfexqwZH7/view?usp=drivesdk,,
interp-0207,護理人員法解釋彙編,第 17 條,〔釋例類別〕 第 1 類 開業執照登記,101.6.5,2012-06-05,衛署照字第1012800430號,所詢關於護理之家提供居家護理服務疑義案，復如說明段,167,167,180,180,護理人員、護理機構、居家護理、護理之家、開業,彙編節錄,108年彙編多數未保留正本、副本或署名欄；本筆已依下一封函或下一條文邊界切分。,"101.6.5.衛署照字第1012800430 號函 
主旨：所詢關於護理之家提供居家護理服務疑義案，復如說明段
，請 查照。 
說明： 
一、復 貴局101 年5 月21 日健保醫字第1010078104號函。 
二、本署已於 82 年 11 月 16 日衛署醫字第 82074320 號函示，
護理之家得設居家護理部門，惟其所設之居家護理部門仍
應符合護理機構設置標準所定之居家護理機構之標準，另
於 100 年 1 月 7 日衛署照字第 0992863553 號函示 ， 護理之
家機構設居家護理者，應於其開業執照業務項目欄，加註
「居家護理」之業務項目。 
三、爰此，護理之家得提供居家護理服務，其服務對象及服務
區域應以地方主管機關核准之範圍予以執行。",https://drive.google.com/file/d/1IEo7JO0CoxnfXCeiRm87BLzYfexqwZH7/view?usp=drivesdk,,
interp-0208,護理人員法解釋彙編,第 17 條,〔釋例類別〕 第 1 類 開業執照登記,101.6.27,2012-06-27,衛署照字第1012862942號,所詢有關護理之家提供居家護理服務疑義案，復如說明段,167,167,180,180,護理人員、護理機構、居家護理、護理之家、開業,彙編節錄,108年彙編多數未保留正本、副本或署名欄；本筆已依下一封函或下一條文邊界切分。,"101.6.27.衛署照字第1012862942 號函 
主旨：所詢有關護理之家提供居家護理服務疑義案，復如說明段
，請 查照。 
說明： 
一、復 貴局101 年6 月14 日健保醫字第1010004871號函。 
二、護理之家提供居家護理服務，應於其開業執照業務項目欄
，加註「居家護理」之業務項目。該機構除符合護理機構
分類設置標準第 8 條之設置規範外，原許可計畫書即應載
明人員配置，爰此，該機構若提供居家護理服務時，應無
額外配置護理人員與互相流用之虞。 
三、另護理之家得提供居家護理服務，其服務對象及服務區域
應以原主管機關許可計畫書之範圍予以執行。",https://drive.google.com/file/d/1IEo7JO0CoxnfXCeiRm87BLzYfexqwZH7/view?usp=drivesdk,,
interp-0209,護理人員法解釋彙編,第 17 條,〔釋例類別〕 第 1 類 開業執照登記,101.11.27,2012-11-27,衛署照字第1012864520號,有關貴局所詢護理之家申請變更業務項目，新增「居家護 理」業務乙案，復請 查照。,167,168,180,181,護理人員、護理機構、居家護理、護理之家、開業,彙編節錄,108年彙編多數未保留正本、副本或署名欄；本筆已依下一封函或下一條文邊界切分。,"101.11.27.衛署照字第1012864520 號函 
主旨：有關貴局所詢護理之家申請變更業務項目，新增「居家護 理」業務乙案，復請 查照。 
說明： 
一、復 貴局101 年11 月19 日新縣衛醫字第1010024312號函。 
二、護理之家設居家護理業務者，應於其開業執照業務項目欄
，加註「居家護理」業務項目。惟其設之居家護理部門，
仍應符合護理機構分類設置標準所定之居家護理機構之標
準。 
〔釋例類別〕 第 2 類 申請設置主體",https://drive.google.com/file/d/1IEo7JO0CoxnfXCeiRm87BLzYfexqwZH7/view?usp=drivesdk,,
interp-0210,護理人員法解釋彙編,第 17 條,〔釋例類別〕 第 2 類 申請設置主體,82.10.2,1993-10-02,衛署醫字第8266038號,公告設立財團法人護理機構所需財產總額之最低限額。,168,168,181,181,護理人員、護理機構、居家護理、產後護理、護理之家,彙編節錄,108年彙編多數未保留正本、副本或署名欄；本筆已依下一封函或下一條文邊界切分。,"82.10.2.衛署醫字第8266038 號函 
主旨：公告設立財團法人護理機構所需財產總額之最低限額。 
依據：護理人員法施行細則第 9 條、第 10 條及行政院衛生署監
督衛生財團法人準則第 5 條。 
一、財團法人護理機構，應有足以購置所需建築基地、房舍及
必要設備之設立基金。其申請設立之最低限額，依左列之
規模或條件核計： 
(1)護理之家機構及產後護理機構，應具50 床以上規模。 
(2)居家護理機構，應有壹百平方公尺以上之辦公房舍及 
土地。 
二、其已有之土地、房舍合於設立護理機構之用者，得抵充前
項之設立基金。",https://drive.google.com/file/d/1IEo7JO0CoxnfXCeiRm87BLzYfexqwZH7/view?usp=drivesdk,,
interp-0211,護理人員法解釋彙編,第 17 條,〔釋例類別〕 第 2 類 申請設置主體,86.1.27,1997-01-27,衛署醫字第86002275號,有關護理人員法第 17 條第 1 項第 3 款規定，「私立護理,168,169,181,182,護理人員、護理機構,彙編節錄,108年彙編多數未保留正本、副本或署名欄；本筆已依下一封函或下一條文邊界切分。,"86.1.27.衛署醫字第86002275 號函 
主旨：有關護理人員法第 17 條第 1 項第 3 款規定，「私立護理
機構：由個人設置者，以資深護理人員為申請人；由其他
法人依有關法律附設者，以該法人為申請人。」，所稱「
其他法人」係指為何一案，復請 查照。 
說明： 
一、復 貴局 86 年 1 月 14 日(86)財北國審壹字第 86001586
號函。 二、查護理人員法第 17 條第 1 項第 3 款所稱「其他法人」，
係指農會、漁會、工會、私立學校等法人。該法人得依農
會法、漁會法、工會法、私立學校法等法律規定，申請附
設護理機構。",https://drive.google.com/file/d/1IEo7JO0CoxnfXCeiRm87BLzYfexqwZH7/view?usp=drivesdk,,
interp-0212,護理人員法解釋彙編,第 17 條,〔釋例類別〕 第 2 類 申請設置主體,89.3.14,2000-03-14,衛署醫字第89009639號,所詢私人診所可否申請設立居家護理所乙案，復請 查照。,169,169,182,182,護理人員、護理機構、居家護理、產後護理、護理之家,彙編節錄,108年彙編多數未保留正本、副本或署名欄；本筆已依下一封函或下一條文邊界切分。,"89.3.14.衛署醫字第89009639 號函 
主旨：所詢私人診所可否申請設立居家護理所乙案，復請 查照。 
說明： 
一、復 貴局 89 年 2 月 14 日(89)衛三字第890245 號函。 
二、按護理機構設置標準第 10 條：醫療機構所設之居家護理
、產後護理或護理之家部門，適用本標準之規定。 
三、「私立診所」屬醫療機構，其附設居家護理所，依現行規
定尚無不可。",https://drive.google.com/file/d/1IEo7JO0CoxnfXCeiRm87BLzYfexqwZH7/view?usp=drivesdk,,
interp-0213,護理人員法解釋彙編,第 17 條,〔釋例類別〕 第 2 類 申請設置主體,89.4.11,2000-04-11,衛署醫字第89005516號,居家護理所與安養護機構係屬不同性質機構，於安養機構,169,169,182,182,護理人員、護理機構、居家護理,參照摘要,彙編中此筆為短摘要或參照其他頁碼，非完整公文全文。,"89.4.11.衛署醫字第89005516 號函 
主旨：居家護理所與安養護機構係屬不同性質機構，於安養機構
內設居家護理機構，核有不宜，復請 查照。 
說明：復貴局 89 年 1 月 14 日桃衛五字第 0133 號函。",https://drive.google.com/file/d/1IEo7JO0CoxnfXCeiRm87BLzYfexqwZH7/view?usp=drivesdk,,
interp-0214,護理人員法解釋彙編,第 17 條,〔釋例類別〕 第 2 類 申請設置主體,89.5.22,2000-05-22,衛署醫字第89025068號,所詢衛生所主任兼醫師懸缺，群體醫療業務停診，或由支,169,170,182,183,護理人員、護理機構、居家護理、產後護理、護理之家,彙編節錄,108年彙編多數未保留正本、副本或署名欄；本筆已依下一封函或下一條文邊界切分。,"89.5.22.衛署醫字第89025068 號函 
主旨：所詢衛生所主任兼醫師懸缺，群體醫療業務停診，或由支
援醫師協助之衛生所，可否申請衛生所附設居家護理所乙
案，復請 查照。 
說明： 
一、復 貴局 89 年 5 月 4 日 89 雲衛五字第8116 號函。 
二、按護理機構設置標準第 10 條規定：醫療機構所設之居家
護理、產後護理或護理之家部門，適用本標準之規定。查
衛生所係屬醫療機構設置標準第 2 條所稱之一般診所，依
規定可附設居家護理所，負責醫師出缺應不影響其申請。 
三、查護理機構設置標準第4 條規定：居家護理機構，對所收
案之服務對象，應由醫師予以診察；並應依病人病情需要 ，至少每 2 個月由醫師再予診察 1 次。若衛生所負責醫師
出缺，可考慮由契約醫院提供前述之醫療服務。",https://drive.google.com/file/d/1IEo7JO0CoxnfXCeiRm87BLzYfexqwZH7/view?usp=drivesdk,,
interp-0215,護理人員法解釋彙編,第 17 條,〔釋例類別〕 第 2 類 申請設置主體,89.6.7,2000-06-07,衛署醫字第89033826號,符合中醫醫院設置標準之中醫綜合醫院，得依護理機構設,170,170,183,183,護理人員、護理機構、產後護理、護理之家,彙編節錄,108年彙編多數未保留正本、副本或署名欄；本筆已依下一封函或下一條文邊界切分。,"89.6.7.衛署醫字第89033826 號函 
主旨：符合中醫醫院設置標準之中醫綜合醫院，得依護理機構設
置標準第 10 條規定 ， 申請設置產後護理 、 護理之家服務部
門。 
說明：復 貴會88 年12 月20 日衛中會醫字第88012809號函。",https://drive.google.com/file/d/1IEo7JO0CoxnfXCeiRm87BLzYfexqwZH7/view?usp=drivesdk,,
interp-0216,護理人員法解釋彙編,第 17 條,〔釋例類別〕 第 2 類 申請設置主體,90.6.19,2001-06-19,衛署醫字第0900035198號,所詢貴轄台中健康暨管理學院擬附設護理之家，可否以學,170,170,183,183,護理人員、護理機構、護理之家,彙編節錄,108年彙編多數未保留正本、副本或署名欄；本筆已依下一封函或下一條文邊界切分。,"90.6.19.衛署醫字第0900035198 號函 
主旨：所詢貴轄台中健康暨管理學院擬附設護理之家，可否以學
校名義申請附設 ； 另護理人員法第17 條第 1 項第 3 款規定
，私立護理機構，由個人設置者，以資深護理人員為申請
人，由其他法人依有關法律規定附設者，以該法人為申請
人，所稱其他法人是否涵蓋私立學校乙案，復請 查照。 
說明： 
一、復 貴局 90 年 5 月 31 日 90 衛醫字第24566 號函。 
二、按私立學校法第 65 條第 1 項規定，私立學校為增進教學
效果，並充實學校基金，得辦理與教學、實習、實驗、研
究、推廣相關之附屬機構。但應先訂定章則報經主管教育
行政機關及目的事業主管機關核准後，始得辦理……。故
私立學校若設有醫護相關科、系、所，於取得主管教育行
政機關之同意後，可依護理人員法相關規定，申請附設護
理機構。",https://drive.google.com/file/d/1IEo7JO0CoxnfXCeiRm87BLzYfexqwZH7/view?usp=drivesdk,,
interp-0217,護理人員法解釋彙編,第 17 條,〔釋例類別〕 第 2 類 申請設置主體,92.10.27,2003-10-27,衛署醫字第0920054376號,所詢「財團法人伊甸社會福利基金會嘉義服務中心」是否,170,171,183,184,護理人員、護理機構、居家護理,彙編節錄,108年彙編多數未保留正本、副本或署名欄；本筆已依下一封函或下一條文邊界切分。,"92.10.27.衛署醫字第0920054376 號函 
主旨：所詢「財團法人伊甸社會福利基金會嘉義服務中心」是否
符合護理人員第 17 條第 3 款規定設置居家護理所乙案 ，復
請 查照。 
說明： 
一、復 貴局 92 年 10 月 3 日衛醫字第 0921030459 號函。 二、依據老人福利法第 18 條第 1 項及身心障礙者保護法第 40
條規定，地方政府、直轄市、縣(市)主管機應提供或結合
民間資源提供下列居家服務：(1)居家護理。(2)居家照顧
。 ……(8)其他相關之居家服務 。 故該基金會於取得主管社
政行政機關之同意後 ， 得依護理人員法第17 條第 3 款規定
申請附設居家護理機構。",https://drive.google.com/file/d/1IEo7JO0CoxnfXCeiRm87BLzYfexqwZH7/view?usp=drivesdk,,
interp-0218,護理人員法解釋彙編,第 17 條,〔釋例類別〕 第 2 類 申請設置主體,94.7.29,2005-07-29,衛署醫字第0940029419號,有關陳○○醫師申請百川醫院附設護理之家更名為金百川,171,171,184,184,護理人員、護理機構、護理之家、歇業,彙編節錄,108年彙編多數未保留正本、副本或署名欄；本筆已依下一封函或下一條文邊界切分。,"94.7.29.衛署醫字第0940029419 號函 
主旨：有關陳○○醫師申請百川醫院附設護理之家更名為金百川
護理之家乙案，復請 查照。 
說明： 
一、復 貴局 94 年 7 月 5 日彰衛醫字第 0940017887 號函。 
二、按醫療機構依護理機構設置標準規定申請附設護理機構，
若該醫療機構辦理歇業，因涉屬申請主體變更，其所附設
之護理機構，自亦應依規定辦理歇業。經查本案原係醫療
機構附設護理機構 ， 惟該醫療機構已於92 年 12 月 23 日辦
理歇業在案，其由原屬機構附設型態於同址重新申請為獨
立型態護理機構，應屬護理機構之新設立，另按護理人員
法第 17 條第 3 款及第 19 條第 2 項之規定，應由資深護理
人員為申請人申請設立，至其護理機構申請程序請依護理
人員法之相關規定辦理。 
（註：本函釋當事人之名字以○○表示）",https://drive.google.com/file/d/1IEo7JO0CoxnfXCeiRm87BLzYfexqwZH7/view?usp=drivesdk,,
interp-0219,護理人員法解釋彙編,第 17 條,〔釋例類別〕 第 2 類 申請設置主體,96.1.29,2007-01-29,衛署照字第0962800019號,有關財團法人全成社會福利基金會向怡億公司承租之場所,171,172,184,185,護理人員、護理機構、居家護理、護理之家,彙編節錄,108年彙編多數未保留正本、副本或署名欄；本筆已依下一封函或下一條文邊界切分。,"96.1.29.衛署照字第0962800019 號函 
主旨：有關財團法人全成社會福利基金會向怡億公司承租之場所
變更原規劃設立機構，改籌設為財團法人附設護理之家，
所詢如何成立財團法人附設護理機構一節，復請 查照。 
說明： 
一、復 貴部95 年8 月22 日內授中社字第0950012131號函。 
二、查護理人員法第 17 條第 3 款規定：「私立護理機構：由
個人設置者，以資深護理人員為申請人；由其他法人依有 關法律規定附設者，以該法人為申請人。」 
三、次查老人福利法第 18 條第 1 項及身心障礙者保護法第40 
條規定，直轄市、縣(市)主管機關應提供或結合民間資源
提供下列居家服務：一、居家護理。二、居家照顧。三、
………。八、其他相關之居家服務。爰此，該基金會於取
得主管社政行政機關之同意後，得依護理人員法相關規定
，申請附設居家護理機構。",https://drive.google.com/file/d/1IEo7JO0CoxnfXCeiRm87BLzYfexqwZH7/view?usp=drivesdk,,
interp-0220,護理人員法解釋彙編,第 17 條,〔釋例類別〕 第 2 類 申請設置主體,96.11.2,2007-11-02,衛署醫字第0960211476號,貴會函詢護理人員法第 17 條疑義一案。,172,172,185,185,護理人員、護理機構,彙編節錄,108年彙編多數未保留正本、副本或署名欄；本筆已依下一封函或下一條文邊界切分。,"96.11.2.衛署醫字第0960211476 號函 
主旨：貴會函詢護理人員法第 17 條疑義一案。 
說明：查護理人員法第 17 條第 3 款規定：「私立護理機構：由
個人設置者，以資深護理人員為申請人；由其他法人依有
關法律規定附設者，以該法人為申請人。」所稱「其他法
人」，係指農會、漁會、工會、私立學校等法人。該法人
得依農會法、漁會法、工會法、私立學校法等法律規定，
申請附設護理機構 。",https://drive.google.com/file/d/1IEo7JO0CoxnfXCeiRm87BLzYfexqwZH7/view?usp=drivesdk,,
interp-0221,護理人員法解釋彙編,第 17 條,〔釋例類別〕 第 2 類 申請設置主體,98.5.25,2009-05-25,衛署醫字第0980013839號,財團法人天下為公社會福利慈善基金會第4 屆第 5 次董事,172,173,185,186,護理人員、護理機構、護理之家、開業,彙編節錄,108年彙編多數未保留正本、副本或署名欄；本筆已依下一封函或下一條文邊界切分。,"98.5.25.衛署醫字第0980013839 號函 
主旨：財團法人天下為公社會福利慈善基金會第4 屆第 5 次董事
會議決議擬於台北縣汐止市大同路 3 段 425 號 1、2 樓開辦
護理之家一案，復請 查照。 
說明： 
一、復 貴部 98 年 5 月 11 日內社中字第 090008337 號函。 
二、按護理人員法第 16 條規定，護理機構之設置或擴充，應
先經申請主管機關許可，其申請程序應依中央主管機關之
規定 。 復按護理人員法第17 條規定 ， 由其他法人依有關法
律規定附設之私立護理機構，其開業應以該法人為申請人
，向所在地直轄市或縣(市)主管機關申請核准登記，發給
開業執照，始得為之。 
三、另依同法施行細則第6 條規定，護理機構設置或擴充後之
規模如在 99 床以下者 ， 由所在地直轄市或縣(市)主管機關 許可；100 床以上，或由醫療法人依醫療法規定附設者，
則需由所在地直轄市或縣(市)主管機關核轉中央主管機關
許可。 
四、至申請許可設置或擴充護理機構，依同法施行細則第5 條
規定應檢具下列文件：(一)設立或擴充計畫書，包括護理
機構名稱、建築地址、設置類別、設立床數、基地面積、
建築面積、人員配置、設立進度、經費概算、擬定開業日
期及其他依護理機構分類及設置標準規定應記載事項。 (
二)位置圖 。(三)護理機構配置簡圖 。(四)由其他法人依有
關法律規定附設者，應檢附各該法人主管機關同意函件。",https://drive.google.com/file/d/1IEo7JO0CoxnfXCeiRm87BLzYfexqwZH7/view?usp=drivesdk,,
interp-0222,護理人員法解釋彙編,第 17 條,〔釋例類別〕 第 2 類 申請設置主體,100.1.19,2011-01-19,衛署照字第1002860257號,所詢財團法人台灣基督教門諾會附設花蓮縣私立黎明教養,173,174,186,187,護理人員、護理機構、居家護理、護理之家、負責人、開業,彙編節錄,108年彙編多數未保留正本、副本或署名欄；本筆已依下一封函或下一條文邊界切分。,"100.1.19.衛署照字第1002860257 號函 
主旨：所詢財團法人台灣基督教門諾會附設花蓮縣私立黎明教養
院，可否申請附設「居家護理所」乙案，復請 查照。 
說明： 
一、復 貴局 99 年 10 月 26 花衛醫字第 0990019833 號函。 
二、醫療法第 31 條第 3 項規定，醫療法人經中央主管機關及
目的事業主管機關之許可，得附設下列機構：1.護理機構
、精神復健機構。2.關於醫學研究之機構。3.老人福利法
等社會福利法規規定之相關福利機構。 
三、護理人員法第 17 條規定，護理機構之開業，應依下列規
定，向所在地直轄市或縣(市)主管機關申請核准登記，發
給開業執照：1.公立護理機構：由其代表人為申請人。2.
財團法人護理機構：由該法人為申請人。3.私立護理機構
：由個人設置者，以資深護理人員為申請人；由其他法人
依有關法律規定附設者，以該法人為申請人。 
四、查財團法人台灣基督教門諾會附設花蓮縣私立黎明教養院
不符護理人員法第 17 條之規定 ， 亦非醫療法人 ， 依規定不
得申請附設居家護理所。 
100.2.21.衛署照第1002860481 號函 主旨：所詢老人福利機構於原址變更為護理之家，得否比照老人
福利機構負責人變更之程序，收容對象不須淨空辦理乙案
，復如說明二，請 查照。 
說明： 
一、復 貴部 99 年 12 月 30 日內授中社字第 0990071351 號函
及 100 年 2 月 8 日內授中社字第 1000715587 號函。 
二、護理機構之設置，依護理人員法第 16 條及同法施行細則
第 6 條規定，應先經申請主管機關許可；另依護理人員法
第 17 條及同法施行細則第 7 條規定 ， 護理機構之開業應向
所在地直轄市或縣(市)主管機關申請核准登記，並由直轄
市或縣(市)主管機關派員履勘後，核與規定相符者，發給
開業執照。 
三、綜上規定，本案老人福利機構擬於原址變更為護理之家，
應符合前開規範，於申請許可及開業核准後，始能執行相
關之業務。 
四、本署目前已著手修訂相關法規，有關機構類型轉換之行政
程序將朝更便民方式規劃。",https://drive.google.com/file/d/1IEo7JO0CoxnfXCeiRm87BLzYfexqwZH7/view?usp=drivesdk,,
interp-0223,護理人員法解釋彙編,第 17 條,〔釋例類別〕 第 2 類 申請設置主體,100.3.14,2011-03-14,衛署照字第1002860666號,所送財團法人高雄縣私立萃文書院社會福利慈善事業基金,174,175,187,188,護理人員、護理機構、居家護理,彙編節錄,108年彙編多數未保留正本、副本或署名欄；本筆已依下一封函或下一條文邊界切分。,"100.3.14.衛署照字第1002860666 號函 
主旨：所送財團法人高雄縣私立萃文書院社會福利慈善事業基金
會申請籌設居家護理所乙案，復如說明，請 查照。 
說明： 
一、依據原高雄縣政府衛生局 99 年 12 月 7 日衛局醫字第
09900521560 號函辦理。 
二、按護理人員法第 17 條規定，護理機構申請人，公立護理
機構由其代表人為申請人；財團法人護理機構由該法人為
申請人；私立護理機構由個人設置者，以資深護理人員為
申請人，由其他法人依有關法律規定附設者，以該法人為
申請人。又前述財團法人護理機構係指財團法人捐助成立
之護理機構；另私立護理機構中由其他法人依有關法律規
定附設者，依據 96 年 11 月 2 日衛署醫字第 0960211476 號函解釋，略以所稱「其他法人」，係指農會、漁會、工
會、私立學校等法人。該法人得依農會法、漁會法、工會
法、私立學校法等法律規定，申請附設護理機構。 
三、本申請案申請人均未符合護理人員法第 17 條申請人資格
要件，爰不得申請附設居家護理所。",https://drive.google.com/file/d/1IEo7JO0CoxnfXCeiRm87BLzYfexqwZH7/view?usp=drivesdk,,
interp-0224,護理人員法解釋彙編,第 17 條,〔釋例類別〕 第 2 類 申請設置主體,100.5.13,2011-05-13,衛署照字第1002860998號,貴局函詢社團法人中華藥師山居士佛學會申請附居家護理,175,176,188,189,護理人員、護理機構、居家護理,彙編節錄,108年彙編多數未保留正本、副本或署名欄；本筆已依下一封函或下一條文邊界切分。,"100.5.13.衛署照字第1002860998 號函 
主旨：貴局函詢社團法人中華藥師山居士佛學會申請附居家護理
所之疑義乙案，復請 查照。 
說明： 
一、復 貴局 100 年 3 月 30 日及 4 月 29 日北衛心字第
1000041133 號及 1000053784 號函。 
二、本案來函表示，旨揭法人之章程經本署99 年 5 月 19 日衛
署醫字第 0990204445 函同意增修第 5 條第 4 款為 「設置長
期照護機構、護理機構，以落實社會關懷」乙節，經查本
署前開函對關於該社團法人章程內容變更部分，並未表示
同意，先予敘明。 
三、按護理人員法第 17 條規定，護理機構申請人，公立護理
機構由其代表人為申請人；財團法人護理機構由該法人為
申請人；私立護理機構由個人設置者，以資深護理人員為
申請人，由其他法人依有關法律規定附設者，以該法人為
申請人。私立護理機構中由其他法人依有關法律規定附設
者，係指財團法人以外之法人，如有法律規定作為依據，
亦得附設護理機構之意，另 96 年 11 月 2 日衛署醫字第
0960211476 號函解釋，略以所稱「其他法人」，係指農會
、漁會、工會、私立學校等法人。該法人得依農會法、漁
會法、工會法、私立學校法等法律規定，申請附設護理機
構。爰上述函釋之農會、漁會、工會、私立學校，僅為例
示，並非限縮於該等法人始得附設，與貴局所述之「法律
保留原則」不相違背。 
四、次查農會法、漁會法、工會法等法律規定，渠等法規在其 法人之任務上，均有明確授權得辦理醫療衛生事業；又私
立學校法第 50 條規定略以 ： 「學校法人所設私立學校為增
進教學效果，…得設立與教學、實習、實驗、研究、推廣
相關之附屬機構。」。 
五、另民法第 26 條規定:「法人於法令限制內，有受權利、負
擔義務之能力」，故知法人與自然人原則上雖有同等享受
權利、負擔義務之能力，但當然亦得以法令加以限制。護
理人員法第17 條第3 款對於財團法人以外法人申請設置護
理機構所為限制，係法律所明定，完全符合上述民法規定
。",https://drive.google.com/file/d/1IEo7JO0CoxnfXCeiRm87BLzYfexqwZH7/view?usp=drivesdk,,
interp-0225,護理人員法解釋彙編,第 17 條,〔釋例類別〕 第 2 類 申請設置主體,101.9.5,2012-09-05,衛署照字第1012863580號,有關貴事務所為護理機構之開業，適用法條之相關疑義申,176,177,189,190,護理人員、護理機構、開業,彙編節錄,108年彙編多數未保留正本、副本或署名欄；本筆已依下一封函或下一條文邊界切分。,"101.9.5.衛署照字第1012863580 號函 
主旨：有關貴事務所為護理機構之開業，適用法條之相關疑義申
請函釋乙案，復請 查照。 
說明： 
一、復 貴事務所101 年7 月31 日101 敦黃律字第0732 號函。 
二、所詢護理人員法第 17 條第 1 項第 3 款之「私立護理機構
」規定，適用上之疑義說明如下： 
(一)依護理人員法 17 條第 1 項第 3 款規定 ， 私立護理機構
得有其他法人依規定附設者： 
1.依據本署 96 年 11 月 2 日衛署醫字第 0960211476
號函解釋，略以所稱「其他法人」，係指農會、漁
會、工會、私立學校等法人。該法人得依農會法、
漁會法、工會法、私立學校法等法律規定，申請附
設護理機構。 
2.次查農會法、漁會法、工會法等法律規定，渠等法
規在其法人之任務上，均有明確授權得辦理醫療衛
生事業；又私立學校法第50 條規定略以： 「學校法
人所設私立學校為增進教學效果，…得設立與教學
、實習、實驗、研究、推廣相關之附屬機構。」。 
3.故私立護理機構中由其他法人依有關法律規定附設 者，係指財團法人以外之法人，如有法律規定作為 
依據，亦得附設護理機構之意。 
4.綜上，依據公司法成立之有限公司、股份有限公司
之法人，非屬上項法規在其法人之任務上，有明確
授權得辦理醫療衛生事業者之範圍。 
(二)至於依據公司法成立之有限公司、股份有限公司之法
人，可否投資醫療法人成為股東乙節，依據醫療法第
49 條規定，法人不得為醫療社團法人之社員，爰此，
公司不得為醫療社團法人之社員。",https://drive.google.com/file/d/1IEo7JO0CoxnfXCeiRm87BLzYfexqwZH7/view?usp=drivesdk,,
interp-0226,護理人員法解釋彙編,第 17 條,〔釋例類別〕 第 2 類 申請設置主體,101.12.3,2012-12-03,衛署照字第1012864535號,有關貴局所詢護理之家擬於該護理機構以外地點申請設置,177,177,190,190,護理人員、護理機構、護理之家,彙編節錄,108年彙編多數未保留正本、副本或署名欄；本筆已依下一封函或下一條文邊界切分。,"101.12.3.衛署照字第1012864535 號函 
主旨：有關貴局所詢護理之家擬於該護理機構以外地點申請設置
「日間照顧」據點，以推展業務之疑義，復請 查照。 
說明： 
一、復 貴局101 年10 月22 日屏衛醫字第1010030467號函。 
二、依據護理機構分類設置標準第8 條附表規定，一般護理之
家設有日間照護者，護理人員配置按登記提供服務量，每
登記提供二十人之服務量，應增置一人；病房視需要設置
休息床位；總樓地板面積按登記提供服務量計，平均每人
應有十平方公尺以上（不包括車庫及宿舍面積）。 
三、爰此，非護理之家機構所在地不得另設「日間照護」據點
，若欲至護理機構以外地點設置「日間照護」，應另案申
請護理機構設置。",https://drive.google.com/file/d/1IEo7JO0CoxnfXCeiRm87BLzYfexqwZH7/view?usp=drivesdk,,
interp-0227,護理人員法解釋彙編,第 17 條,〔釋例類別〕 第 2 類 申請設置主體,102.8.12,2013-08-12,衛部照字第1021580183號,所詢私立醫療機構附設護理機構負責人為私立醫療機構所,177,178,190,191,護理人員、護理機構、負責人、歇業,彙編節錄,108年彙編多數未保留正本、副本或署名欄；本筆已依下一封函或下一條文邊界切分。,"102.8.12.衛部照字第1021580183 號函 
主旨：所詢私立醫療機構附設護理機構負責人為私立醫療機構所
聘任，可否逕自辦理機構歇業乙案，請 查照。 
說明： 
一、復 貴局102 年7 月25 日彰衛長字第1020023922號函。 
二、依據護理人員法第 17 條第 3 款規定：「私立護理機構由
個人設置者，以資深護理人員為申請人，由其他法人依有 關法律規定附設者，以該法人為申請人」 。同法第19 條規
定略以：「護理機構應置負責資深護理人員一人，…。私
立護理機構由前項資深護理人員設置者，以其申請人為負
責人。」。 
三、爰私立醫療機構附設護理機構如係由資深護理人員申請並
擔任負責人，如該負責人申請辦理歇業，自亦應依護理人
員法相關規定辦理。",https://drive.google.com/file/d/1IEo7JO0CoxnfXCeiRm87BLzYfexqwZH7/view?usp=drivesdk,,
interp-0228,護理人員法解釋彙編,第 17 條,〔釋例類別〕 第 2 類 申請設置主體,102.10.18,2013-10-18,衛部照字第1020167621號,所詢有關護理機構之醫療財團法人醫院所附設之一般護理,178,179,191,192,護理人員、護理機構、護理之家、開業,彙編節錄,108年彙編多數未保留正本、副本或署名欄；本筆已依下一封函或下一條文邊界切分。,"102.10.18 衛部照字第1020167621 號函 
主旨：所詢有關護理機構之醫療財團法人醫院所附設之一般護理
之家其所投保之公共意外責任險，得否同醫院共同投保疑
義乙案，復請 查照。 
說明： 
一、復 貴局102 年10 月9 日新縣衛醫字第1020023922號函。 
二、依據護理人員法第 17 條規定，略以：「護理機構之開業
，應依左列規定，向所在地直轄市或縣(市)主管機關申請
核准登記，發給開業執照：...三、私立護理機構：...由
其他法人依有關法律規定附設者，以該法人為申請人。」
又，護理人員法施行細則第 7 條規定，略以：「護理機構
依本法第十七條規定申請開業，應填具申請書，檢附下列
書件...：一、護理機構平面簡圖，並以平方公尺註明樓層
、各隔間面積、用途說明及總面積。」爰醫療財團法人醫
院附設一般護理之家之設立，係由該法人擔任申請人設立
，其設立計畫書亦包含護理之家營業範圍。 
三、查公共意外責任保險承保的範圍，係指「公共意外責任保
險承保被保險人因下列意外事故所致第三人體傷、死亡或
第三人財物損害，依法應負賠償責任，而受賠償請求時，
由保險公司負賠償之責：被保險人或其受僱人因經營業務
之行為在本保險單載明之營業處所內發生之意外事故。被
保險人營業處所之建築物、通道、機器或其他工作物所發
生之意外事故。」故公共意外責任保險旨在針對承保「營 業處所內」發生之意外事故。 
四、綜上，醫療財團法人醫院附設一般護理之家其所投保之公
共意外責任險，被保險人之營業範圍應包含護理之家，意
即該機構所經營業務之行為，係屬保險單載明之營業處所
內，以確保機構內之人員安全。本案請依此原則辦理。",https://drive.google.com/file/d/1IEo7JO0CoxnfXCeiRm87BLzYfexqwZH7/view?usp=drivesdk,,
interp-0229,護理人員法解釋彙編,第 17 條,〔釋例類別〕 第 2 類 申請設置主體,104.1.22,2015-01-22,衛部照字第1041560124號,所詢因應少子化、社會大眾未來對護理之家之需求日殷，,179,180,192,193,護理人員、護理機構、護理之家、負責人、評鑑,彙編節錄,108年彙編多數未保留正本、副本或署名欄；本筆已依下一封函或下一條文邊界切分。,"104.1.22 衛部照字第1041560124 號函 
主旨：所詢因應少子化、社會大眾未來對護理之家之需求日殷，
若欲新設或成立分支機構，則負責人之資格如何界定一案
，復請查照。 
說明： 
一、復 貴護理之家 104 年 1 月 12 日高雄市瑞豐字第 144 號
函。 
二、依據護理人員法第 19 條規定：「護理機構應置負責資深
護理人員一人，對其機構護理業務，負督導責任，……。
私立護理機構由前項資深護理人員設置者，以其申請人為
負責人。」負責人相關資格應符合同法施行細則第 11 條
之規定。另護理機構設置或擴充許可辦法第 7 條規定：「
護理機構之設置或擴充經許可後，其設置或擴充地點、床
數有變更者，應重新申請許可；私立護理機構負責人變更
者，亦同」。 
三、具有機構負責人資格之護理人員加入保險(勞保)之義務，
仍應依相關保險法之規定辦理；且為保障工作人員勞動權
益，一般護理之家評鑑指標將「業務負責 人設置情形(Ａ
2.1)」為一級必要項目指標，其基準包含：1.資格符合相
關法規標準規定。2.專任且於機構投保勞健保、提撥勞退
金。3.實際參與行政與照護品質管理等項目，仍請參酌。 
四、護理機構設置之申請，按護理人員法第 17 條規定，私立
護理機構申請人包含個人及法人等，故(股份)有限公司未
符前開申請人資格。又對機構之營運方式，係於機構提出
申請計畫時即審核其經費(如自籌、補助或募款)，以評估 機構是否有完善之財務計畫，確保照護品質。 
五、私人機構如更換負責人，無論獨資、合夥或公司聘任，隔
年是否需接受評鑑乙節：護理機構之設置或擴充許可後，
私人機構如更換負責人，按規定應重新提出申請(即視為
新機構)，爰該機構亦應重新接受評鑑。",https://drive.google.com/file/d/1IEo7JO0CoxnfXCeiRm87BLzYfexqwZH7/view?usp=drivesdk,,
interp-0230,護理人員法解釋彙編,第 17 條,〔釋例類別〕 第 2 類 申請設置主體,104.12.1,2015-12-01,衛部照字第1041562417號,104.12.1 衛部照字第1041562417 號,180,180,193,193,護理人員、護理機構、護理之家、負責人、開業、評鑑、歇業,彙編節錄,108年彙編多數未保留正本、副本或署名欄；本筆已依下一封函或下一條文邊界切分。,"104.12.1 衛部照字第1041562417 號 
主旨 ： 所詢○○診所附設護理之家申請變更名稱為○○護理之家疑 
義案，復如說明段，請查照。 
說明： 
一、復貴局 104 年 11 月 13 日北市衛醫護字第 1044066410 號
函。 
二、依貴局來函所述，本案原係診所附設護理之家，惟該診所
於 104 年 9 月 23 日辦理歇業在案 ， 其權屬別由私立醫療機
構附設護理機構變更為私立護理機構，惟護理機構申請人
及負責人皆未變動，該機構是否需參加 105 年度一般護理
之家評鑑。 
三、依護理機構評鑑辦法第三條第二項第四款及第三項規定，
私立護理機構歇業後，由他人於原址重新申准設立及取得
開業執照，應參加當年度的評鑑，倘已逾當年五月三十一
日者，應於次年接受評鑑。查○○診所附設護理之家於本
年度參加一般護理之家評鑑，雖該機構由私立醫療機構附
設護理機構變更為私立護理機構，且申請變更機構名稱，
惟其申請人及負責人皆未變更，爰此，該機構非屬前開規
定之評鑑對象。 
（註：本函釋診所、護理之家以○○表示）",https://drive.google.com/file/d/1IEo7JO0CoxnfXCeiRm87BLzYfexqwZH7/view?usp=drivesdk,,
interp-0231,護理人員法解釋彙編,第 17 條,〔釋例類別〕 第 2 類 申請設置主體,105.7.28,2016-07-28,衛部照字第1051563418號,所詢護理機構設置或擴充規範疑義一案，復如說明，請查,180,181,193,194,護理人員、護理機構、護理之家,彙編節錄,108年彙編多數未保留正本、副本或署名欄；本筆已依下一封函或下一條文邊界切分。,"105.7.28 衛部照字第1051563418 號 
主旨：所詢護理機構設置或擴充規範疑義一案，復如說明，請查
照。 
說明： 一、復貴局105年7月13日桃衛照字第1050056480號函。 
二、查護理人員法第17條第3款規定：「私立護理機構：由個
規定附設者，以該法人為申請人。」又護理機構設置或擴
充許可辦法第3條之規定，係就機構設置或擴充申請案主
管機關之審查分工權責，予以明定，先予敘明。 
三、所詢貴轄某護理之家申請設置，於原有醫院及醫院附設護
理之家同址之建物，可否由同醫療體系經營團隊另申請新
設立護理機構乙節，應先請釐清該新設立護理機構之申請
人，與原醫院或附設之護理之家是否屬同一人（包括法人
及自然人），並依上開規定辦理。又，長期照顧服務法將
於106年6月施行，該法第22條第1項規定住宿式服務長照
機構應以法人型態設立，其立法意旨除維護護理機構穩定
經營機制之外，並提升機構住宿式服務長照機構主體之健
全性。 
四、本案護理機構之申設，其申請床數之規模及申請人條件，
請貴局依護理人員法相關規定逕依權責及事實認定辦理。",https://drive.google.com/file/d/1IEo7JO0CoxnfXCeiRm87BLzYfexqwZH7/view?usp=drivesdk,,
interp-0232,護理人員法解釋彙編,第 17 條,〔釋例類別〕 第 2 類 申請設置主體,105.10.3,2016-10-03,衛部照字第1050128863號,所詢貴轄○○○大學附設醫院或○○○大學得否申請設立護,181,182,194,195,護理人員、護理機構、護理之家、負責人、開業,彙編節錄,108年彙編多數未保留正本、副本或署名欄；本筆已依下一封函或下一條文邊界切分。,"105.10.3 衛部照字第1050128863 號 
主旨：所詢貴轄○○○大學附設醫院或○○○大學得否申請設立護
理之家一案，復如說明段，請查照。 
說明： 
一、復貴局105年9月21日屏衛醫字第10532707400號函。 
二、查護理人員法第17條第3款規定略以，護理機構之開業，
應依左列規定，向所在地直轄市或縣(市)主管機關申請核
准登記，發給開業執照：私立護理機構：由個人設置者，
以資深護理人員為申請人；由其他法人依有關法律規定附
設者，以該法人為申請人。又，前開所稱「其他法人」，
係指農會、漁會、工會、私立學校等法人。該法人得依農
會法、漁會法、工會法、私立學校法等法律規定，申請附
設 護 理 機 構 ， 前 經 本 部 於96 年11 月2 日 衛 署 醫 字 第
0960211476號函釋在案，先予敘明。 三、綜上， ○○○大學附設醫院（以資深護理人員為申請人）
或○○○大學（以學校法人為申請人）得依上開規定申請
設立護理之家。 
（註：本函釋醫院、大學以○○○表示） 
〔釋例類別〕 第 3 類 負責人變更，重新申請設立規定",https://drive.google.com/file/d/1IEo7JO0CoxnfXCeiRm87BLzYfexqwZH7/view?usp=drivesdk,,
interp-0233,護理人員法解釋彙編,第 17 條,〔釋例類別〕 第 3 類 負責人變更，重新申請設立規定,89.3.1,2000-03-01,衛署醫字第89009217號,有關合法立案獨立型態護理之家，欲變更負責人其行政手,182,182,195,195,護理人員、護理機構、護理之家、執業執照、負責人、開業、歇業,彙編節錄,108年彙編多數未保留正本、副本或署名欄；本筆已依下一封函或下一條文邊界切分。,"89.3.1.衛署醫字第89009217 號函 
主旨：有關合法立案獨立型態護理之家，欲變更負責人其行政手
續為何乙案，復請 查照。 
說明： 
一、復 貴局 88 年 2 月 17 日 89 南市衛醫字第02692 號函。 
二、按護理人員法第 17 條規定，私立護理機構由個人設置者
，係以資深護理人員為申請人申請設立，其申請主體變更
，即屬護理機構之新設立。因此由資深護理人員設立之護
理機構，於同址由另位護理人員重新申請設立時，應由原
任負責護理人員申請歇業，註銷原領開業執照及所屬醫事
人員執業執照。新任負責護理人員應符合法定資格，其人
員及設施，並經審查及重新履勘符合護理機構設置標準，
始得核准開業，重新核發開業執照及所屬醫事人員執照。 
三、惟為簡化程序以資便民，由護理人員設立之私立護理機構
，於同址由另位護理人員重新申請設立時(即變更負責人)
，得從寬免依護理人員法施行細則第 7 條規定踐行衛生主
管機關許可之程序，且硬體部分得免再重新履勘，但其人
員仍應符合設置標準規定，始得重新發給開業執照。",https://drive.google.com/file/d/1IEo7JO0CoxnfXCeiRm87BLzYfexqwZH7/view?usp=drivesdk,,
interp-0234,護理人員法解釋彙編,第 17 條,〔釋例類別〕 第 3 類 負責人變更，重新申請設立規定,90.3.28,2001-03-28,衛署醫字第0900010373號,所詢醫療機構變更負責人時，其所附設之護理機構是否需,182,183,195,196,護理人員、護理機構、負責人、開業,彙編節錄,108年彙編多數未保留正本、副本或署名欄；本筆已依下一封函或下一條文邊界切分。,"90.3.28.衛署醫字第0900010373 號函 
主旨：所詢醫療機構變更負責人時，其所附設之護理機構是否需
重新申請開業乙案，復請 查照。 
說明： 
一、復 貴局 90 年 2 月 12 日北衛保字第 09331 號函。 二、有關醫療機構變更負責醫師，若為公立或財團法人醫療機
構負責醫師變更 ， 依醫療法第13 條規定 ， 屬登記事項變更
；至於私立醫療機構由醫師設立者，其負責醫師變更，涉
屬設立權屬變更，依醫療法第 13 條及第 24 條規定，應重
新申請開業，其附設之護理機構，自亦應依規定重行申請
附設開業。",https://drive.google.com/file/d/1IEo7JO0CoxnfXCeiRm87BLzYfexqwZH7/view?usp=drivesdk,,
interp-0235,護理人員法解釋彙編,第 17 條,〔釋例類別〕 第 3 類 負責人變更，重新申請設立規定,100.8.5,2011-08-05,衛署醫字第1002862085號,所詢轄內合法立案之護理之家，欲申請變更負責人之行政,183,183,196,196,護理人員、護理機構、護理之家、負責人、開業,參照摘要,彙編中此筆為短摘要或參照其他頁碼，非完整公文全文。,"100.8.5.衛署醫字第1002862085 號函 
主旨：所詢轄內合法立案之護理之家，欲申請變更負責人之行政
程序疑義乙案，復如說明，請 查照。 
說明： 
一、復 貴局 100 年 8 月 1 日屏衛醫字第 1000024337 號函。 
二、查護理人員法第 17 條規定，私立護理機構由個人設置者
，係以資深護理人員為申請人申請設立，同法施行細則第
5 條規定，護理機構之設置或擴充經許可後，其申請人、
設置或擴充地點、床數有變更者，應重新申請許可。又本
署 97 年 4 月 1 日衛署醫字第 0990201290 號函解釋，私立
護理機構之負責護理人員變更，即為申請主體變更，因涉
屬設立權屬變更，係屬護理機構之新設立，應重新申請開
業。 
三、依護理人員法施行細則第7 條規定，護理機構向所在地直
轄市或縣(市)主管機關申請開業，前述機關對於其申請，
經派員履勘後，核與規定相符者，發給開業執照。至該護
理機構之建築使用執照是否符合規定，建請洽詢地方建管
單位釋疑。 
（註：本函釋說明二所敘本署97.4.1.衛署醫字第0970201290 號函，
請參閱 P.209）",https://drive.google.com/file/d/1IEo7JO0CoxnfXCeiRm87BLzYfexqwZH7/view?usp=drivesdk,,
interp-0236,護理人員法解釋彙編,第 17 條,〔釋例類別〕 第 3 類 負責人變更，重新申請設立規定,102.1.23,2013-01-23,衛署照字第1022860185號,有關貴轄某護理之家申請變更負責人，惟該護理之家尚有,183,184,196,197,護理人員、護理機構、護理之家、負責人,彙編節錄,108年彙編多數未保留正本、副本或署名欄；本筆已依下一封函或下一條文邊界切分。,"102.1.23.衛署照字第1022860185 號函 
主旨：有關貴轄某護理之家申請變更負責人，惟該護理之家尚有
刑事附帶民事案件，是否准予變更疑義案，復請 查照。 說明： 
一、復 貴局 102 年 1 月 4 日彰衛醫字第 1010038690 號函。 
二、依據護理機構設置或擴充許可辦法第7 條規定，護理機構
之設置或擴充經許可後，其設置或擴充地點、床數有變更
者，應重新申請許可；私立護理機構負責人變更者，亦同
。 
三、另依貴局所提供該機構負責人被告業務過失傷害之案件，
經臺灣彰化地方法院檢察署判定不起訴處分，原告家屬復
向臺灣高等法院台中分院聲請再議，業經該院駁回再議；
另原告向臺灣彰化地方法院刑事附帶民事訴訟為原告之訴
、追加之訴及假執行之聲請均駁回，復向臺灣高等法院台
中分院刑事附帶民事聲明上訴，業經貴局於 101 年 12 月
26 日系統查詢結果為上訴駁回。 
四、爰此，該機構申請變更負責人，應依護理人員法第 16 條
第 1 項及其施行細則第 5 條第 1 項及護理機構設置或擴充
許可辦法第 5 條規定檢具相關文件，重新申請許可。",https://drive.google.com/file/d/1IEo7JO0CoxnfXCeiRm87BLzYfexqwZH7/view?usp=drivesdk,,
interp-0237,護理人員法解釋彙編,第 17 條,〔釋例類別〕 第 3 類 負責人變更，重新申請設立規定,102.1.23,2013-01-23,衛署照字第1022860183號,所詢私立護理之家申請變更負責人是否需審查護理機構設,184,184,197,197,護理人員、護理機構、護理之家、負責人,彙編節錄,108年彙編多數未保留正本、副本或署名欄；本筆已依下一封函或下一條文邊界切分。,"102.1.23.衛署照字第1022860183 號函 
主旨：所詢私立護理之家申請變更負責人是否需審查護理機構設
址之土地及建物之相關權利證明乙案，復請 查照。 
說明： 
一、復 貴局 102 年 1 月 9 日桃衛照字第1021400901 號函。 
二、依據本署101 年 12 月 19 日公告實施之護理機構設置或擴
充可辦法第 7 條規定，護理機構之設置或擴充經許可後，
其設置或擴充地點、床數有變更者，應重新申請許可；私
立護理機構負責人變更者，亦同。 
三、惟為簡化程序以資便民，得依據本署 89 年 3 月 1 日衛署
醫字第 89009217 號函釋辦理。",https://drive.google.com/file/d/1IEo7JO0CoxnfXCeiRm87BLzYfexqwZH7/view?usp=drivesdk,,
interp-0238,護理人員法解釋彙編,第 17 條,〔釋例類別〕 第 3 類 負責人變更，重新申請設立規定,102.3.13,2013-03-13,衛署照字第1022860678號,有關 貴府所詢轄內某醫院附設護理之家欲申請辦理歇業 ，同址由其他資深護理人員申請設立乙案，復請 查照。,184,185,197,198,護理人員、護理機構、護理之家、負責人、開業、歇業,彙編節錄,108年彙編多數未保留正本、副本或署名欄；本筆已依下一封函或下一條文邊界切分。,"102.3.13.衛署照字第1022860678 號函 
主旨：有關 貴府所詢轄內某醫院附設護理之家欲申請辦理歇業 ，同址由其他資深護理人員申請設立乙案，復請 查照。 
說明： 
一、復 貴府102 年1 月14 日府衛醫字第1020000564號函。 
二、依據護理人員法第 17 條規定，私立護理機構由個人設置
者，以資深護理人員為申請人申請設立，其申請主體變更
，即屬護理機構之新設立。因此由資深護理人員設立之護
理機構，於同址由另位護理人員重新申請設立時，應由原
任負責護理人員申請歇業，新任負責護理人員及其人員及
設施應符合相關法規規定，始得核准開業。次查，依據護
理機構設置或擴充許可辦法第 7 條規定：「護理機構之設
置或擴充經許可後，其設置或擴充地點、床數有變更者，
應重新申請許可；私立護理機構負責人變更者，亦同。」
先予敘明。 
三、承上，有關旨案之護理之家歇業及申請新設立，應先符合
上開規定辦理，惟是否符合簡化程序其硬體部分得免再重
新履勘，請參酌本署 89 年 3 月 1 日衛署醫字第 89009217
號函釋，視個案實際條件認定。 
四、另對於機構使用執照使用用途是否應依「建築物使用類組
使用項目表」 辦理變更乙節 ， 因非本署權管業務 ， 建請 貴
府逕依所管規定辦理。",https://drive.google.com/file/d/1IEo7JO0CoxnfXCeiRm87BLzYfexqwZH7/view?usp=drivesdk,,
interp-0239,護理人員法解釋彙編,第 17 條,〔釋例類別〕 第 3 類 負責人變更，重新申請設立規定,102.5.21,2013-05-21,衛署照字第1022863296號,102.5.21.衛署照字第1022863296 號函,185,186,198,199,護理人員、護理機構、護理之家、負責人、開業、歇業,彙編節錄,108年彙編多數未保留正本、副本或署名欄；本筆已依下一封函或下一條文邊界切分。,"102.5.21.衛署照字第1022863296 號函 
主旨 ： 有關 貴局所詢轄內某私立護理之家於短期內多次(1 年內
2 次)申請變更負責人一案，復請 查照。 
說明： 
一、復 貴局102 年3 月26 日桃衛照字第1021400941號函。 
二、依據護理人員法第 17 條規定，私立護理機構由個人設置
者，以資深護理人員為申請人申請設立，其申請主體變更
，即屬護理機構之新設立。因此由資深護理人員設立之護
理機構，於同址由另位護理人員重新申請設立時，應由原
任負責護理人員申請歇業，新任負責護理人員及其人員及 設施應符合相關法規規定，始得核准開業。 
三、次查，依據護理機構設置或擴充許可辦法第7 條規定：「
護理機構之設置或擴充經許可後，其設置或擴充地點、床
數有變更者，應重新申請許可；私立護理機構負責人變更
者，亦同。」先予敘明。 
四、承上，有關旨案護理之家於短期內多次申請變更負責人，
得逕依本署 89 年 3 月 1 日衛署醫字第 89009217 號函釋認
定，其硬體部分得免再重新履勘，惟硬體應符合建築及消
防安全相關法規，以維公安及住民安全。",https://drive.google.com/file/d/1IEo7JO0CoxnfXCeiRm87BLzYfexqwZH7/view?usp=drivesdk,,
interp-0240,護理人員法解釋彙編,第 17 條,〔釋例類別〕 第 3 類 負責人變更，重新申請設立規定,102.9.17,2013-09-17,衛署照字第1020164786號,所詢轄內某私立護理之家於新設核發開業執照或擴充換發,186,186,199,199,護理人員、護理機構、護理之家、負責人、開業、歇業,彙編節錄,108年彙編多數未保留正本、副本或署名欄；本筆已依下一封函或下一條文邊界切分。,"102.9.17.衛署照字第1020164786 號函 
主旨：所詢轄內某私立護理之家於新設核發開業執照或擴充換發
開業執照後，立即申請變更負責人一案，復請 查照。 
說明： 
一、復 貴局102 年9 月6 日桃衛照字第102184007號函。 
二、依據護理人員法第 17 條規定，私立護理機構由個人設置
者，以資深護理人員為申請人申請設立，其申請主體變更
，即屬護理機構之新設立。因此由資深護理人員設立之護
理機構，於同址由另位護理人員重新申請設立時，應由原
任負責護理人員申請歇業，新任負責護理人員及其人員及
設施應符合相關法規規定，始得核准開業。 
三、次查，依據護理機構設置或擴充許可辦法第7 條規定：「
護理機構之設置或擴充經許可後，其設置或擴充地點、床
數有變更者，應重新申請許可；私立護理機構負責人變更
者，亦同。」先予敘明。 
四、承上，有關旨案護理之家於申請新設立或擴充案，核准取
得開業執照後申請變更負責人，逕依上開相關規定辦理。",https://drive.google.com/file/d/1IEo7JO0CoxnfXCeiRm87BLzYfexqwZH7/view?usp=drivesdk,,
interp-0241,護理人員法解釋彙編,第 17 條,〔釋例類別〕 第 3 類 負責人變更，重新申請設立規定,103.3.18,2014-03-18,衛部照字第1031560405號,所詢有關貴轄名家護理之家因土地暨建物經法院拍賣，產,186,187,199,200,護理人員、護理機構、護理之家、負責人,彙編節錄,108年彙編多數未保留正本、副本或署名欄；本筆已依下一封函或下一條文邊界切分。,"103.3.18 衛部照字第1031560405 號函 
主旨：所詢有關貴轄名家護理之家因土地暨建物經法院拍賣，產
權已轉移，可否辦理負責人變更，如無法變更擬重新申請 籌設許可，是否適用農業主管機關同意農業用地變更使用
審查作業要點一案，請查照。 
說明： 
一、復 貴局103 年 3 月 6 日彰衛長字第 1030006204 號函。 
二、依據護理人員法施行細則第4 條第2 項規定：「護理機構
之設置或擴充經許可後，其申請人、設置或擴充地點、床
數有變更者，應重新申請許可。」次依護理機構設置或擴
充許可辦法第 7 條規定：「護理機構之設置或擴充經許可
後，其設置或擴充地點、床數有變更者，應重新申請許可
;私立護理機構負責人變更者，亦同。」前開法規係明訂
機構經許可設立後，如欲變更負責人，應由機構提出申請
，惟對於其變更負責人之原因（例如因土地所有權轉移是
否應辦理負責人變更），非屬本法規範內容，先多敍明。 
三、又按農業主管機關同意農業用地變更使用審查作業要點第
6 點第 1 項規定:「非都市土地特定農業區之農業用地 ， 不
同意變更使用。但符合下列情形之一，且無前點各款情形
之一者，得申請變更使用：…(五)中央目的事業主管機關
專案核准設立之公益性福利設施或再生能源設施。…」查
前開所稱公益性福利設施，應視申請計畫內容進行專案審
查後始得認定。",https://drive.google.com/file/d/1IEo7JO0CoxnfXCeiRm87BLzYfexqwZH7/view?usp=drivesdk,,
interp-0242,護理人員法解釋彙編,第 17 條,〔釋例類別〕 第 3 類 負責人變更，重新申請設立規定,105.4.26,2016-04-26,衛部照字第1050110796號,所詢投資股份有限公司擬申請設立「產後護理機構」並擔,187,188,200,201,護理人員、護理師、護理機構、產後護理、負責人,彙編節錄,108年彙編多數未保留正本、副本或署名欄；本筆已依下一封函或下一條文邊界切分。,"105.4.26 衛部照字第1050110796 號 
主旨：所詢投資股份有限公司擬申請設立「產後護理機構」並擔
任該機構出資人一案，復請查照。 
說明： 
一、復貴局 105 年 4 月 15 日北市衛醫護字第 10534122800 號
函。 
二、按護理人員法第 17 條規定，私立護理機構，由個人設置
者 ， 以資深護理人員為申請人 ； 又按護理人員法第19 條規
定，護理機構應置負責資深護理人員一人，對其機構護理
業務，負督導責任，私立護理機構由前項資深護理人員設 置者 ， 以其申請人為負責人 。 同法施行細則第11 條並規定
，護理機構負責資深護理人員之資格條件，應具備從事臨
床護理工作年資 7 年以上，或以護理師資格登記執業從事
臨床護理工作年資 4 年以上。 
三、有關護理機構之申請人及負責資深護理人員之資格，應依
前述規定辦理；至於投資股份有限公司擬擔任機構出資人
乙節，係屬民事法律關係，惟為確保母嬰照護品質及員工
權益，機構應具備營運管理能力、資金穩定並有完善之財
務計畫。",https://drive.google.com/file/d/1IEo7JO0CoxnfXCeiRm87BLzYfexqwZH7/view?usp=drivesdk,,
interp-0243,護理人員法解釋彙編,第 17 條,〔釋例類別〕 第 3 類 負責人變更，重新申請設立規定,106.10.23,2017-10-23,衛部照字第1061562911號,有關私立產後護理機構變更負責人疑義一案，復請查照。,188,189,201,202,護理人員、護理機構、產後護理、執業執照、負責人、歇業,彙編節錄,108年彙編多數未保留正本、副本或署名欄；本筆已依下一封函或下一條文邊界切分。,"106.10.23 衛部照字第1061562911 號 
主旨：有關私立產後護理機構變更負責人疑義一案，復請查照。 
說明： 
一、復貴局 106 年 10 月 13 日中市衛醫字第 1060096822 號函
。 
二、依據護理人員法第 19 條規定：「護理機構應置負責資深
護理人員一人，對其機構護理業務，負督導責任，...。私
立護理機構由前項資深護理人員設置者，以其申請人為負
責人 。 」 負責人相關資格應符合同法施行細則第11 條之規
定。另護理機構設置或擴充許可辦法第 7 條規定：「護理
機構之設置或擴充經許可後，其設置或擴充地點、床數有
變更者，應重新申請許可；私立護理機構負責人變更者，
亦同。」。 
三、護理機構設置之申請，按護理人員法第 17 條規定，私立
護理機構申請人包含個人及法人等，股東之間合夥關係未
符前開申請人資格。另，以個人名義設置之私立護理機構
，該資深護理人員與股東間成立合夥關係一節，係為雙方
私法契約的約定，非屬護理人員法之規定範疇。 
四、綜上，由資深護理人員設立之私立護理機構，當機構申請
主體變更（變更負責人），於同址由另位護理人員重新申
請設立時，應由原任負責護理人員申請歇業，註銷原領開 業執照及所屬醫事人員執業執照。旨案請本權責辦理。",https://drive.google.com/file/d/1IEo7JO0CoxnfXCeiRm87BLzYfexqwZH7/view?usp=drivesdk,,
interp-0244,護理人員法解釋彙編,第 17 條,〔釋例類別〕 第 4 類 護理機構建築物使用,104.6.25,2015-06-25,衛部照字第1041561168號,所詢非財團法人護理機構之負責人變更，該機構之適法性,189,190,202,203,護理人員、護理機構、負責人、歇業,彙編節錄,108年彙編多數未保留正本、副本或署名欄；本筆已依下一封函或下一條文邊界切分。,"104.6.25 衛部照字第1041561168 號函 
主旨：所詢非財團法人護理機構之負責人變更，該機構之適法性
疑義案，本部回復如說明段，請查照。 
說明： 
一、復 貴部 104 年 6 月 15 日勞動福 3 字第 10401359452 號
函。 
二、依據護理人員法第 17 條第 3 款規定，私立護理機構由個
人設置者，以資深護理人員為申請人；同法第 19 條第 2
項規定，私立護理機構由前項資深護理人員設置者，以其
申請人為負責人。次依護理機構設置或擴充許可辦法第 7
條規定：「護理機構之設置或擴充經許可後，其設置或擴
充地點、床數有變更者，應重新申請許可；私立護理機構
負責人變更者，亦同」。 
三、承上，私立護理機構係以其負責人(資深護理人員)申請設
立，因此依護理人員法相關規定，其負責人變更，即屬護
理機構之新設立，應依護理人員法有關護理機構設立及開
業之規定辦理。除由原任負責護理人員申請歇業之外，若
係於原址由另位護理人員重新申請設立時 (即變更負責人
)，機構之醫療照護設施、照顧人員不變，僅變更 機構負
責人，為兼顧實情，得從寛免依護理人員法施行細則第 7
條規定踐行衛生主管機關許可之程序，且硬體部分得免再
重新履勘 ， 請參酌本部89 年3 月1 日衛署醫字第89009217
號函釋(如附件)。 
四、至上開說明是否認屬勞工退休金專戶之轉讓等之規定，係
屬勞動機關之權責，逕予認定。 
（註：本函釋說明三所敘本部89.3.1.衛署醫字第89009217 號函，請
參閱 P.182） 
〔釋例類別〕 第 4 類 護理機構建築物使用",https://drive.google.com/file/d/1IEo7JO0CoxnfXCeiRm87BLzYfexqwZH7/view?usp=drivesdk,,
interp-0245,護理人員法解釋彙編,第 17 條,〔釋例類別〕 第 4 類 護理機構建築物使用,83.5.3,1994-05-03,衛署醫字第83019754號,護理機構建築物之用途，並無規定須何種特定用途，惟其,190,190,203,203,護理人員、護理機構,彙編節錄,108年彙編多數未保留正本、副本或署名欄；本筆已依下一封函或下一條文邊界切分。,"83.5.3.衛署醫字第83019754 號函 
主旨：護理機構建築物之用途，並無規定須何種特定用途，惟其
建築物之設計、構造與設備，應符合護理機構設置標準之
規定，復請 查照。 
說明：復 貴處 83 年 4 月 6 日 83 衛五字第030734 號函。",https://drive.google.com/file/d/1IEo7JO0CoxnfXCeiRm87BLzYfexqwZH7/view?usp=drivesdk,,
interp-0246,護理人員法解釋彙編,第 17 條,〔釋例類別〕 第 4 類 護理機構建築物使用,83.6.17,1994-06-17,衛署醫字第83035206號,醫療機構所設護理之家或產後護理服務部門，其總樓地板,190,190,203,203,護理人員、護理機構、產後護理、護理之家,彙編節錄,108年彙編多數未保留正本、副本或署名欄；本筆已依下一封函或下一條文邊界切分。,"83.6.17.衛署醫字第83035206 號函 
主旨：醫療機構所設護理之家或產後護理服務部門，其總樓地板
面積應與醫療機構分別計算，且應符合護理機構設置標準
規定，請 查照。 
說明：依據本署於83 年 4 月 22 日召開之「護理業務研討會」會
議紀錄辦理。",https://drive.google.com/file/d/1IEo7JO0CoxnfXCeiRm87BLzYfexqwZH7/view?usp=drivesdk,,
interp-0247,護理人員法解釋彙編,第 17 條,〔釋例類別〕 第 4 類 護理機構建築物使用,86.1.6,1997-01-06,衛署醫字第85071427號,86.1.6.衛署醫字第85071427 號書函,190,190,203,203,護理人員、護理機構、護理之家,彙編節錄,108年彙編多數未保留正本、副本或署名欄；本筆已依下一封函或下一條文邊界切分。,"86.1.6.衛署醫字第85071427 號書函 
一、復 貴會 85 年 9 月 17 日(85)長期阮字第156 號函。 
二、依內政部 85 年 12 月 19 日台(85)內營建字第 8582274 號函
（影本如附件），略以：護理之家如屬供特定性短期性住宿
之場所且無提供醫療行為者，歸屬 「建築法第73 條執行要點
」所定使用分類之 H-1 組。即護理之家之建築物使用強度及
危險指標，比照養老院、安養(收容)中心等機構標準審查。 
三、復請 查照。",https://drive.google.com/file/d/1IEo7JO0CoxnfXCeiRm87BLzYfexqwZH7/view?usp=drivesdk,,
interp-0248,護理人員法解釋彙編,第 17 條,〔釋例類別〕 第 4 類 護理機構建築物使用,86.4.15,1997-04-15,衛署醫字第86010960號,實施區域計畫地區新建用途為護理之家機構申請建築執照,190,190,203,203,護理人員、護理機構、護理之家,彙編節錄,108年彙編多數未保留正本、副本或署名欄；本筆已依下一封函或下一條文邊界切分。,"86.4.15.衛署醫字第86010960 號函 
主旨：實施區域計畫地區新建用途為護理之家機構申請建築執照
，有關用途建請列屬供公眾使用建築物之範圍，復請 查
照。 
說明：復 貴部86 年2 月22 日台(86)內營字第8601588號函。",https://drive.google.com/file/d/1IEo7JO0CoxnfXCeiRm87BLzYfexqwZH7/view?usp=drivesdk,,
interp-0249,護理人員法解釋彙編,第 17 條,〔釋例類別〕 第 4 類 護理機構建築物使用,87.1.16,1998-01-16,衛署醫字第87000482號,所詢醫院附設護理之家不得與醫院樓層交叉使用疑義乙案,190,191,203,204,護理人員、護理機構、產後護理、護理之家,彙編節錄,108年彙編多數未保留正本、副本或署名欄；本筆已依下一封函或下一條文邊界切分。,"87.1.16.衛署醫字第87000482 號函 
主旨：所詢醫院附設護理之家不得與醫院樓層交叉使用疑義乙案
，復請 查照。 說明： 
一、復 貴院 86 年 12 月 31 日楊醫字第 861231 號函。 
二、查「醫療機構附設產後護理及護理之家服務部門若未分幢
、分棟設置者，其與急性病房及慢性病房之病房區，應獨
立設置，且不得以交叉樓層設置」，前經本署 84 年 12 月
4 日衛署醫字第 84070908 號函釋在案。所稱 「不得以交叉
樓層設置」，係指產後護理或護理之家服務部門床位使用
數樓層者，各樓層應為連續使用，且不得在連續使用之樓
層內設置急性或慢性病床。是以貴院擬將護理之家服務部
門設於 7 樓，若未涉及交叉樓層使用，於法尚無不合。 
（註：本函釋說明二所敘本署 84.12.4.衛署醫字第 84070908 號函，
業經 88.8.16.衛署醫字第 88044734 號函停止適用，請參閱
P.191）",https://drive.google.com/file/d/1IEo7JO0CoxnfXCeiRm87BLzYfexqwZH7/view?usp=drivesdk,,
interp-0250,護理人員法解釋彙編,第 17 條,〔釋例類別〕 第 4 類 護理機構建築物使用,88.7.15,1999-07-15,衛署醫字第88043333號,貴轄財團法人馬偕紀念醫院淡水分院附設護理之家，既經,191,191,204,204,護理人員、護理機構、護理之家,彙編節錄,108年彙編多數未保留正本、副本或署名欄；本筆已依下一封函或下一條文邊界切分。,"88.7.15.衛署醫字第88043333 號函 
主旨：貴轄財團法人馬偕紀念醫院淡水分院附設護理之家，既經
貴局會勘相關單位，均符合設置標準規定，且經工務局核
予合法房屋之證明 ， 請逕依護理人員法施行細則第11 條第
2 項核定辦理，請 查照。 
說明：復 貴局 88 年 7 月 1 日 88 北衛五字第38845 號函。",https://drive.google.com/file/d/1IEo7JO0CoxnfXCeiRm87BLzYfexqwZH7/view?usp=drivesdk,,
interp-0251,護理人員法解釋彙編,第 17 條,〔釋例類別〕 第 4 類 護理機構建築物使用,88.8.16,1999-08-16,衛署醫字第88044734號,所詢醫院附設護理之家其院舍使用疑義乙案，復請 查照。,191,192,204,205,護理人員、護理機構、產後護理、護理之家,彙編節錄,108年彙編多數未保留正本、副本或署名欄；本筆已依下一封函或下一條文邊界切分。,"88.8.16.衛署醫字第88044734 號函 
主旨：所詢醫院附設護理之家其院舍使用疑義乙案，復請 查照。 
說明： 
一、復 貴局 88 年 7 月 7 日 88 花衛五字第7000 號函。 
二、按原護理機構設置標準第 13 條：「醫療機構所設之產後
護理或護理之家服務部門，其房舍應與醫療機構之房舍分
別獨立設置。但本標準發布施行前，已設置並經中央主管
機關核備者，不在此限」之規定，業於 87 年 6 月 17 日修
正刪除。因此，本署84 年 12 月 4 日衛署醫字第84070908
號函規定：「醫療機構附設產後護理及護理之家服務部門 若未分幢、分棟設置者，其與急性病房及慢性病房之病房
區，應獨立設置，且不得以交叉樓層設置」，亦應停止適
用。 
三、本署花蓮醫院擬於不同棟大樓之三、四、五樓擴充設置護
理之家，如符護理機構設置標準規定，應無不可。",https://drive.google.com/file/d/1IEo7JO0CoxnfXCeiRm87BLzYfexqwZH7/view?usp=drivesdk,,
interp-0252,護理人員法解釋彙編,第 17 條,〔釋例類別〕 第 4 類 護理機構建築物使用,88.8.27,1999-08-27,衛署醫字第88055989號,有關護理之家設立除依護理機構設置標準規定外，對於醫,192,192,205,205,護理人員、護理機構、護理之家,彙編節錄,108年彙編多數未保留正本、副本或署名欄；本筆已依下一封函或下一條文邊界切分。,"88.8.27.衛署醫字第88055989 號函 
主旨：有關護理之家設立除依護理機構設置標準規定外，對於醫
療廢棄物是否有相關之法令規定乙案，復請 查照。 
說明： 
一 、 依據台灣省政府衛生處88 年5 月20 日88 衛五字第0022970
號函核轉貴局88 年5 月13 日88 北衛五字第28028 號函辦
理。 
二、按廢棄物清理法台灣省施行細則第 19 條規定：事業機關
係指農工礦場、公司行號、醫療院所及中央主管機關指定
之事業。護理機構非屬上述所稱事業機關，惟其產生之廢
棄物，宜參照醫療院所產生之廢棄物處理方式，輔導其妥
適處理。",https://drive.google.com/file/d/1IEo7JO0CoxnfXCeiRm87BLzYfexqwZH7/view?usp=drivesdk,,
interp-0253,護理人員法解釋彙編,第 17 條,〔釋例類別〕 第 4 類 護理機構建築物使用,94.8.12,2005-08-12,衛署醫字第0940032352號,有關 貴局函詢所轄已取得開業執照之醫院附設護理之家,192,193,205,206,護理人員、護理機構、護理之家、開業,彙編節錄,108年彙編多數未保留正本、副本或署名欄；本筆已依下一封函或下一條文邊界切分。,"94.8.12.衛署醫字第 0940032352 號書函 
主旨：有關 貴局函詢所轄已取得開業執照之醫院附設護理之家
，是否得依建築法第 73 條執行要點所定變更使用分類之
H-1 組用途疑義乙案，復請 查照。 
說明： 
一、復 貴局 94 年 7 月 21 日苗衛醫字第 0940300969 號函。 
二、按護理之家如屬供特定人短期住宿之場所且無提供醫療行
為者，「建築物使用類組及變更使用辦法」第 2 條規定，
歸屬所定使用分類附表之 H-1 組。另依該辦法同條第 3 項
規定，原核發之使用執照未登載使用類組者，該管主管建
築機關應於建築物申請變更使用執照時，依前二項規定確
認其類別、組別，加註於使用執照或核發確認使用類組之 文件。 
三、至申請設置護理機構者，有關護理機構建築物之用途，查
護理人員法及其相關法規並無明文規定，故其建築物使用
執照是否為護理之家用途始得核准開業一節，本署認為不
宜硬性規定，惟「建築物非經領得使用執照，不得接水、
接電及使用。」 為建築法第73 條第 1 項所規定，是以，新
設立之護理機構或護理機構涉有建築物新建擴充者，報經
衛生主管機關許可後，應向建築主管機關申領建築物使用
執照，始予核准開業。 
四、另查醫院建築物之使用強度及危險指標分類之相關規定較
護理機構建築物更為嚴謹。爰此，醫院調整內部設施，將
部分空間改為附設護理之家及獨立設置且已取得開業執
照之護理之家，其建築物用途得否依建築法相關規定全面
辦理變更，係屬建築主管機關權責。",https://drive.google.com/file/d/1IEo7JO0CoxnfXCeiRm87BLzYfexqwZH7/view?usp=drivesdk,,
interp-0254,護理人員法解釋彙編,第 17 條,〔釋例類別〕 第 4 類 護理機構建築物使用,94.8.29,2005-08-29,衛署醫字第0940036454號,有關護理機構建築物使用類組，依照「建築物使用類組及,193,193,206,206,護理人員、護理機構、護理之家,彙編節錄,108年彙編多數未保留正本、副本或署名欄；本筆已依下一封函或下一條文邊界切分。,"94.8.29.衛署醫字第0940036454 號函 
主旨：有關護理機構建築物使用類組，依照「建築物使用類組及
變更使用辦法」第 2 條第 2 項所附建築物使用類組使用項
目表規定，護理之家樓地板面積在 500 平方公尺以上，屬
F-1 組 ， 至其樓地板面積未達500 平方公尺者 ， 始歸屬H-1
組，請 查照。 
說明： 
一 、 依據內政部營建署94 年8 月19 日營署建管字第0940043713
號函辦理。 
二、本案前經本署 94 年 8 月 12 日衛署醫字第 0940032352 號
書函諒達，惟前書函說明二有關護理機構建築物使用類別
、組別及其定義、使用項目舉例，尚遺漏 F-1 組部分，爰
應予補充。",https://drive.google.com/file/d/1IEo7JO0CoxnfXCeiRm87BLzYfexqwZH7/view?usp=drivesdk,,
interp-0255,護理人員法解釋彙編,第 17 條,〔釋例類別〕 第 4 類 護理機構建築物使用,95.3.30,2006-03-30,衛署醫字第0950011024號,所詢醫療機構擬以原病房申請附設護理之家，其設置是否 需經工務、消防主管機關勘驗合格始予發照相關疑義一案,193,194,206,207,護理人員、護理機構、護理之家、開業,彙編節錄,108年彙編多數未保留正本、副本或署名欄；本筆已依下一封函或下一條文邊界切分。,"95.3.30.衛署醫字第0950011024 號函 
主旨：所詢醫療機構擬以原病房申請附設護理之家，其設置是否 需經工務、消防主管機關勘驗合格始予發照相關疑義一案
，復請 查照。 
說明： 
一、復 貴局 95 年 3 月 15 日桃衛醫字第 0950003844 號函。 
二、查為利於醫療機構及護理機構之管理，本署於 90 年 5 月
10 日衛署醫字第 0900031774 號函釋略以：「醫療機構依
護理機構設置標準規定附設護理機構，應另發給開業執照
，至原於醫療機構開業執照加註附設護理機構者，應於異
動時，重新核發開業執照。」是以，醫療機構擬以部分病
房申請附設護理機構，係屬另一機構之新成立，非屬調整
內部設施 ， 因此 ， 本署88 年5 月17 日衛署醫字第88023112
號函規定，亦不再適用。 
三、「按護理機構建築物之設計、構造與設備，應符合護理機
構設置標準之規定；至其建築物之空調設備、消防設備、
安全設備及一般設施等，應符合建築法及其有關法規規定
，依建築及消防之規定辦理。」 前經本署94 年 8 月 9 日衛
署醫字第 0940028242 號書函釋在案 。另查醫院建築物之使
用強度及危險指標分類之相關規定較護理機構建築物更為
嚴謹，是以，醫院如已依規定定期接受消防及安全檢查，
其將部分空間改為附設護理之家時，是否需再經工務、消
防主管勘驗，依建築法之相關規定，係屬建築主管機關權
責。",https://drive.google.com/file/d/1IEo7JO0CoxnfXCeiRm87BLzYfexqwZH7/view?usp=drivesdk,,
interp-0256,護理人員法解釋彙編,第 17 條,〔釋例類別〕 第 4 類 護理機構建築物使用,96.1.24,2007-01-24,衛署醫字第0960002169號,所詢 貴轄護理機構開業場所疑義一案，復請 查照。,194,195,207,208,護理人員、護理機構、開業,彙編節錄,108年彙編多數未保留正本、副本或署名欄；本筆已依下一封函或下一條文邊界切分。,"96.1.24.衛署醫字第0960002169 號函 
主旨：所詢 貴轄護理機構開業場所疑義一案，復請 查照。 
說明： 
一、復 貴局 96 年 1 月 11 日北衛醫字第 0960002973 號函。 
二、查護理機構之設立，應依護理人員法之規定申請許可，並
符合護理機構設置標準之相關規定，始予准許開業。至同
一地址分別申請開設護理機構，為利護政管理，其執業場
所使用空間應有明確區隔，並各有獨立動線，且符合護理 機構設置標準之相關規定，始予准許。本案請依此原則辦
理。 
三、至本署95 年 12 月 20 日衛署醫字第 0950062381 號函略以
：「……三、至助產機構與西藥房或醫療機構同址設立，
除應依各該醫事法規規定辦理開執業外，並應有其獨立門
戶，且使用空間明確區隔。」所謂獨立門戶係指執業場所
與公共場所有明顯區隔、各有獨立動線之謂，併予敘明。",https://drive.google.com/file/d/1IEo7JO0CoxnfXCeiRm87BLzYfexqwZH7/view?usp=drivesdk,,
interp-0257,護理人員法解釋彙編,第 17 條,〔釋例類別〕 第 4 類 護理機構建築物使用,106.9.27,2017-09-27,衛部照字第1060128953號,有關彰化縣轄某場所「開業執照」與「使用執照」所載用,195,195,208,208,護理人員、護理機構、護理之家、開業,彙編節錄,108年彙編多數未保留正本、副本或署名欄；本筆已依下一封函或下一條文邊界切分。,"106.9.27 衛部照字第1060128953 號 
主旨：有關彰化縣轄某場所「開業執照」與「使用執照」所載用
途不同，有無「違規使用場所」適用疑義一案，復如說明
段，請查照。 
說明： 
一、復貴署 106 年 9 月 21 日消署預字第 1061116963 號函。 
二、「按護理機構建築物之設計、構造與設備，應符合護理機
構設置標準之規定；至其建築物之空調設備、消防設備、
安全設備及一般設施等，應符合建築法及其有關法規規定
，依建築及消防之規定辦理。」 前經本部94 年 8 月 9 日衛
署醫字第 0940028242 號書函釋在案。 
三、另查醫院建築物之使用強度及危險指標分類之相關規定較
護理機構建築物更為嚴謹。爰此，醫院調整內部設施，將
部分空間改為附設護理之家及獨立設置且已取得開業執照
之護理之家，其建築物用途得否依建築法相關規定全面辦
理變更，係屬建築主管機關權責。",https://drive.google.com/file/d/1IEo7JO0CoxnfXCeiRm87BLzYfexqwZH7/view?usp=drivesdk,,
interp-0258,護理人員法解釋彙編,第 17 條,〔釋例類別〕 第 4 類 護理機構建築物使用,98.1.13,2009-01-13,衛署醫字第0980200102號,有關醫院設置登記樓層為 1 至 9 樓，欲申請於 6、7 及 9,195,196,208,209,護理人員、護理機構,彙編節錄,108年彙編多數未保留正本、副本或署名欄；本筆已依下一封函或下一條文邊界切分。,"98.1.13.衛署醫字第0980200102 號函 
主旨：有關醫院設置登記樓層為 1 至 9 樓，欲申請於 6、7 及 9
樓部分空間附設護理機構乙案，復請 查照。 
說明：依本署 88 年 8 月 16 日衛署醫字第 88044734 號函說明二
「原護理機構設置標準第13 條業於87 年6 月17 日修正刪
除 。 因此 ， 本署84 年 12 月 4 日衛署醫字第84070908 號函 ，…，亦應停止適用」之意旨，醫療機構之附設護理機構
，如符合護理機構設置標準規定，且與醫院之急性病房及
慢性病房之病房區，均分別獨立設置，亦即兩類機構之空
間有明顯區隔且各均在符合其相關設置標準之原則下，應
無不可。",https://drive.google.com/file/d/1IEo7JO0CoxnfXCeiRm87BLzYfexqwZH7/view?usp=drivesdk,,
interp-0259,護理人員法解釋彙編,第 17 條,〔釋例類別〕 第 4 類 護理機構建築物使用,98.4.21,2009-04-21,衛署照字第0982860012號,有關臺北縣政府函詢老人長期照護機構(養護型)之建築物,196,196,209,209,護理人員、護理機構、護理之家,彙編節錄,108年彙編多數未保留正本、副本或署名欄；本筆已依下一封函或下一條文邊界切分。,"98.4.21.衛署照字第0982860012 號函 
主旨：有關臺北縣政府函詢老人長期照護機構(養護型)之建築物
，其與相鄰建物護理之家是否得以常閉式鐵捲門區隔疑義
一案，復請 查照。 
說明： 
一、復 貴部98 年3 月31 日內授中社字第0980005333號函。 
二、按護理機構之設置或擴充，應先經申請主管機關許可，並
向所在地直轄市或縣(市)主管機關申請核准登記，發給開
業執照，始得為之，於護理人員法第 16 條、第 17 條定有
明文。又護理機構建築物之設計、構造與設備並應符合護
理機構設置標準。即並應符合建築法及其有關規定。 
三、復按護理機構與其他機構同址設立，應各有獨立門戶及動
線，且使用空間應明確區隔，並應以不影響其照護作業及
其住民使用之安全性與便利性為原則。 
四、至護理機構與老人長期照顧機構（養護型）於建物相同樓
層，其相鄰部分以常閉式防火鐵捲門區隔一節，查護理人
員法及相關法規，尚無明定。",https://drive.google.com/file/d/1IEo7JO0CoxnfXCeiRm87BLzYfexqwZH7/view?usp=drivesdk,,
interp-0260,護理人員法解釋彙編,第 17 條,〔釋例類別〕 第 4 類 護理機構建築物使用,98.5.12,2009-05-12,衛署醫字第0980013269號,有關內政部函示有關申請變更使用執照為老人長期照顧機,196,197,209,210,護理人員、護理機構、護理之家,彙編節錄,108年彙編多數未保留正本、副本或署名欄；本筆已依下一封函或下一條文邊界切分。,"98.5.12.衛署醫字第0980013269 號函 
主旨：有關內政部函示有關申請變更使用執照為老人長期照顧機
構(養護型)之建築物，其與相鄰建築(護理之家)是否得以
常閉式鐵捲門區隔疑義案，轉請 查照。 
說明：依據內政部98 年 5 月 1 日內授中社字第 0908715734 號函
辦理（附原函影本一份）。 
（原函 ： 按建築技術規則設計施工編第1 條第 24 款規定 ， 分戶牆係分 隔住宅單位與住宅單位或住戶與住戶或不同用途區劃間之牆
壁 ， 另防火捲門及其附設寬度75 公分以上 、 高度180 公分以
上之防火門係屬建築物之防火設備，同編第75 條及第 76 條
業有明定。惟本案究係為分戶牆或防火區劃之防火設備，涉
關個案事實認定，請檢具具體資料逕向建築物所在地主管建
築機關查詢。）",https://drive.google.com/file/d/1IEo7JO0CoxnfXCeiRm87BLzYfexqwZH7/view?usp=drivesdk,,
interp-0261,護理人員法解釋彙編,第 17 條,〔釋例類別〕 第 4 類 護理機構建築物使用,99.5.25,2010-05-25,衛署照字第0992861376號,有關護理機構設置於不同棟建築物疑義一案，復如說明，,197,197,210,210,護理人員、護理機構、護理之家、開業,彙編節錄,108年彙編多數未保留正本、副本或署名欄；本筆已依下一封函或下一條文邊界切分。,"99.5.25.衛署照字第0992861376 號函 
主旨：有關護理機構設置於不同棟建築物疑義一案，復如說明，
請 查照。 
說明： 
一、復 貴局 99 年 5 月 14 日北衛心字第 0990058170 號函。 
二、按護理機構之設立，應依護理人員法之規定申請許可，並
符合護理機構設置標準之相關規定，始予准許開業。有關
不同大樓設置護理之家前經本署96 年10 月29 日衛署醫字
09600429243 號及88 年8 月16 日衛署醫字88044734 號函
釋，如符合護理機構設置標準規定，應無不可在案，先予
敘明。 
三、本案經貴府核准設立於同電梯3 樓及5 樓之護理之家，擬
於相鄰棟之電梯大樓 4 樓擴充床位數案，因本案係屬同一
宗土地面積，如符合護理機構設置標準之相關規定，得予
准許。另應請落實照顧人力，每棟建築物 3 班均應有護理
人員之原則辦理。",https://drive.google.com/file/d/1IEo7JO0CoxnfXCeiRm87BLzYfexqwZH7/view?usp=drivesdk,,
interp-0262,護理人員法解釋彙編,第 17 條,〔釋例類別〕 第 4 類 護理機構建築物使用,100.8.12,2011-08-12,衛署照字第1000074942號,所詢轄內護理機構擴充床位申請開業，建築物用途是否須,197,198,210,211,護理人員、護理機構、開業,彙編節錄,108年彙編多數未保留正本、副本或署名欄；本筆已依下一封函或下一條文邊界切分。,"100.8.12.衛署照字第1000074942 號函 
主旨：所詢轄內護理機構擴充床位申請開業，建築物用途是否須
辦理用途變更案，復如說明，請 查照。 
說明： 
一、復 貴局 100 年 8 月 8 日嘉衛保字第 1000018949 號函。 
二、護理機構之開業，依據護理人員法第 17 條及同法施行細
則第 7 條規定，應向所在地直轄市或縣(市)主管機關申請 核准登記，並由直轄市或縣(市)主管機關派員履勘後，核
與規定相符者，發給開業執照。至該護理機構之建築使用
執照是否符合規定，建請依地方建築、消防等主管相關機
關意見辦理。",https://drive.google.com/file/d/1IEo7JO0CoxnfXCeiRm87BLzYfexqwZH7/view?usp=drivesdk,,
interp-0263,護理人員法解釋彙編,第 17 條,〔釋例類別〕 第 4 類 護理機構建築物使用,101.11.22,2012-11-22,衛署照字第1012864415號,有關 貴局函詢黃○○君設立馨禾護理之家疑義乙案，復,198,198,211,211,護理人員、護理機構、護理之家,參照摘要,彙編中此筆為短摘要或參照其他頁碼，非完整公文全文。,"101.11.22.衛署照字第1012864415 號函 
主旨：有關 貴局函詢黃○○君設立馨禾護理之家疑義乙案，復
請 查照。 
說明： 
一、復 貴局101 年11 月5 日桃衛照字第1010185235號函。 
二、依本署 98 年 4 月 21 日衛署照字第 0982860012 號函略以
：護理機構建築物之設計、構造與設備並應符合護理機構
設置標準。即並應符合建築法及其有關規定，…應各有獨
立門戶及動線，且使用空間應明確區隔，並應以不影響其
照護作業及其住民使用之安全性與便利性為原則。 
三、對於御禾園護理之家及馨禾護理之家建築物本體外圍之花
園及圍牆大門等共同空間，請確認 2 家護理之家申請設置
時是否均已納入機構申請設置許可之範圍。 
四、綜上，請貴局依上開原則本權責辦理。 
（註：1.本函釋當事人之名字以○○表示 
2.本函釋說明二所敘本署98.4.21.衛署照字第0982860012 號 
函，請參閱 P.196）",https://drive.google.com/file/d/1IEo7JO0CoxnfXCeiRm87BLzYfexqwZH7/view?usp=drivesdk,,
interp-0264,護理人員法解釋彙編,第 17 條,〔釋例類別〕 第 4 類 護理機構建築物使用,102.2.27,2013-02-27,衛部照字第1022860456號,有關產後護理之家設置，其使用樓層與旅館共用，非獨立,198,199,211,212,護理人員、護理機構、產後護理、護理之家,彙編節錄,108年彙編多數未保留正本、副本或署名欄；本筆已依下一封函或下一條文邊界切分。,"102.2.27 衛部照字第1022860456 號函 
主旨：有關產後護理之家設置，其使用樓層與旅館共用，非獨立
空間是否可准予設置乙案，復如說明段，請查照。 
說明： 
一、復 貴局 101 年 12 月 19 日衛醫字第 1010020869 號函。 
二、依據「建築物使用類組及變更使用辦法」，產後護理機構
設置 ， 應符合建築物使用執照之類組為Ｆ-1(供醫療照護之
場所組別)之規定，始可設置。 三、產後護理之家設置之樓層與旅館共用 ,其應有明顯之區隔
，並設有獨立出入口，以利動線獨立及管控人員，減少感
染風險。 
四、另本案事涉建管及消防等相關單位，應請各單位針對設置
或擴充變更內容表示意見，並檢附貴轄相關單位之審查同
意函文等資料。",https://drive.google.com/file/d/1IEo7JO0CoxnfXCeiRm87BLzYfexqwZH7/view?usp=drivesdk,,
interp-0265,護理人員法解釋彙編,第 17 條,〔釋例類別〕 第 4 類 護理機構建築物使用,102.7.2,2013-07-02,衛署醫字第1020200305號,所詢有關貴轄西園醫院永越大樓6 樓申請設立私立護理機,199,199,212,212,護理人員、護理機構,彙編節錄,108年彙編多數未保留正本、副本或署名欄；本筆已依下一封函或下一條文邊界切分。,"102.7.2.衛署醫字第1020200305 號函 
主旨：所詢有關貴轄西園醫院永越大樓6 樓申請設立私立護理機
構，其服務設施使用區域區隔及出入口疑義一案，復如說
明段，請 查照。 
說明： 
一、復 貴局 102 年 6 月 19 日北市衛醫護字第 10233913300
號函。 
二、查本署 98 年 1 月 13 日衛署醫字第 0980200102 號函略以
，「醫療機構之附設護理機構，如符合護理機構設置標準
規定，且與醫院之急性病房及慢性病房之病房區隔，均分
別獨立設置，亦即兩類機構之空間有明顯區隔且各均在符
合其相關設置標準之原則下，應無不可。」，另為符合上
開原則，及不影響醫療作業，該二類機構應具獨立出入口
。 
三、至來函說明二引用「醫療機構設置標準」第3 條附表(一)
綜合醫院、醫院設置標準表之五、「建築物之設計、構造
與設備」 之(二)「一般設施」 之第13 點規定，係針對同一
基地設立二個醫療機構之規定，與旨揭醫療機構與護理機
構同址設置不同，併予敘明。",https://drive.google.com/file/d/1IEo7JO0CoxnfXCeiRm87BLzYfexqwZH7/view?usp=drivesdk,,
interp-0266,護理人員法解釋彙編,第 17 條,〔釋例類別〕 第 4 類 護理機構建築物使用,102.6.14,2013-06-14,衛署照字第1022863047號,有關護理人員法第 21 條收費標準及護理機構同址是否可,199,201,212,214,護理人員、護理機構、開業、收費,彙編節錄,108年彙編多數未保留正本、副本或署名欄；本筆已依下一封函或下一條文邊界切分。,"102.6.14.衛署照字第1022863047 號函 
主旨：有關護理人員法第 21 條收費標準及護理機構同址是否可
從事其他營業項目之疑義，復如說明段，請 查照。 
說明： 一、復 貴局 102 年 3 月 18 日北市衛醫護字第 10231275002
號函。 
二、有關貴局所詢護理機構開業後因應物價等因素自行調整收
費標準，未超過貴局收費基準上限規定，未經核備乙節，
尚難認屬違反護理人員法第 21 條之規定 ； 至於護理機構收
費標準如係由機構報請縣市衛生局核定者，該機構後續調
整收費標準仍應依護理人員法第21 條規定辦理。 
三、另詢護理機構申請設置或擴充時發現同址已有其他營業項
目（包括商業登記為坐月子食品公司、或向衛生局登記販
賣醫療器材等）乙節，說明如下： 
(一)查護理機構為醫事人員之執業場所，以提供辦理執業
登記在案之醫事服務項目為限。又護理機構非屬營利
事業，應避免醫療行為與商業行為混淆而影響醫療作
業。 
(二)又，設立坐月子食品公司係屬商業行為，宜請住民於
符合相關規定之營業場所購買服務；又，前述食品公
司之經營行為應屬商業營利性質，就營運主體而言，
其設立登記應依公司法、商業登記等規定辦理，以資
適法。故護理機構內附設商業性質之坐月子食品公司
，應不予同意；至護理機構如與坐月子食品公司同址
設置，其執業場所有實體區隔、二處內部無法相通，
且分別有對外出口，得視同不在同一地址。 
(三)另有關護理機構販賣醫療器材，如僅對護理機構之病
患或其家屬提供必要之服務，經當地縣市衛生主管機
關實地履勘屬實，在不影響護理照護服務品質下，尚
無不可。惟其如將藥局、藥商登記於護理機構地址內
，並以對外從事醫療器材推銷、銷售為主要業務，則
非所宜。 
(四)綜上，除上述所述機構外，護理機構營運範圍應符合護
理機構申請設置或擴充之計畫書核准事項為準。",https://drive.google.com/file/d/1IEo7JO0CoxnfXCeiRm87BLzYfexqwZH7/view?usp=drivesdk,,
interp-0267,護理人員法解釋彙編,第 17 條,〔釋例類別〕 第 4 類 護理機構建築物使用,102.8.12,2013-08-12,衛署照字第1021580174號,所詢護理人員法第 21 條收費標準及居家護理機構同址是,201,201,214,214,護理人員、護理機構、居家護理、收費,彙編節錄,108年彙編多數未保留正本、副本或署名欄；本筆已依下一封函或下一條文邊界切分。,"102.8.12.衛署照字第1021580174 號函 
主旨：所詢護理人員法第 21 條收費標準及居家護理機構同址是
否可從事其他營業項目之疑義，請 查照。 
說明： 
一、復 貴局 102 年 7 月 29 日北市衛醫護字第 10236099601
號函。 
二、旨案有關護理機構(含居家護理機構)同址如有其他公司設
立之認定，以及提供居家護理服務時，依個案需求提供租
借或販售醫療器材服務乙節 ， 本部前於102 年 6 月 14 日以
衛署照字第1022863047號函諒達，合先敘明。 
三、至居家護理所除使用健保支付標準外，另採專案服務方式
收費乙節，依據護理人員法規定：「護理機構之收費標準
，由直轄市、縣(市)主管機關核定之。…。護理機構不得
違反收費標準，超額收費。」爰居家護理之收費標準審定
，係屬地方衛生主管機關權責，故由貴局逕予審核。",https://drive.google.com/file/d/1IEo7JO0CoxnfXCeiRm87BLzYfexqwZH7/view?usp=drivesdk,,
interp-0268,護理人員法解釋彙編,第 17 條,〔釋例類別〕 第 4 類 護理機構建築物使用,102.11.5,2013-11-05,衛部照字第1021580888號,所詢有關同一建築物內得否分別設立老人福利機構及一般,201,202,214,215,護理人員、護理機構、護理之家,彙編節錄,108年彙編多數未保留正本、副本或署名欄；本筆已依下一封函或下一條文邊界切分。,"102.11.5 衛部照字第1021580888 號函 
主旨：所詢有關同一建築物內得否分別設立老人福利機構及一般
護理之家案，復請查照。 
說明： 
一、依據苗栗縣政府長期照護管理 102 年 9 月 24 日苗照管字 
第 1020004720 號函辦理。 
二、旨案有關同一棟建築物之不同樓層分設老人福利機構及一
般護理之家，應符合下列條件： 
（一）門牌號碼需不同。(應辦理分戶) 
（二）應有獨立出入口。有關「獨立出入口」請依下列原則予
以認定： 
1.不具共同出入口者，則機構應設有可直接通達地面之專
用電梯間或樓梯。 
2.具有共同出入口者，則電梯或樓梯不可相通直接進入各
樓層內部，例如 1 樓至 2 樓，電梯與樓梯須在機構外。 （三）使用空間須獨立、完整區隔。 
（四）老人福利機構及護理機構皆應符合其相關法規。 
1.老人福利機構須符合老人長期照護機構設立標準及許
可辦法或老人福利機構設立標準之規定。 
2.護理機構須符合護理機構設置標準及許可辦法、護理人
員法等之規定。 
（五）工作人員、環境設施設備、經營組織及管理獨立，不與
他機構共用。 
三、本案因涉事實之認定，宜秉上開認定原則本權責審酌辦理
。",https://drive.google.com/file/d/1IEo7JO0CoxnfXCeiRm87BLzYfexqwZH7/view?usp=drivesdk,,
interp-0269,護理人員法解釋彙編,第 17 條,〔釋例類別〕 第 4 類 護理機構建築物使用,105.11.21,2016-11-21,衛部照字第1051564292號,所詢有關護理機構出入口規範疑義案，復如說明段，請查,202,202,215,215,護理人員、護理機構,彙編節錄,108年彙編多數未保留正本、副本或署名欄；本筆已依下一封函或下一條文邊界切分。,"105.11.21 衛部照字第1051564292 號函 
主旨：所詢有關護理機構出入口規範疑義案，復如說明段，請查
照。 
說明： 
一、復貴局105年10月11日桃衛照字第1050079027號函。 
二、按護理機構之設置或擴充，應先經申請主管機關許可，並
向所在地直轄市或縣(市)主管機關申請核准登記，發給開
業執照，始得為之，於護理人員法第16條、第17條定有明
文。又護理機構建築物之設計、構造與設備並應符合護理
機構設置標準。即並應符合建築法及其有關規定。 
三、有關於同址設立兩家機構應各有獨立門戶及動線，且使用
空間應明確區隔，並應以不影響其照護作業及其住民使用
之安全性與便利性為原則，前經本部於 98年4月21日衛署
照字第 0982860012 號函、 102 年11 月5 日 衛 署 照 字 第
1021580888號函及103年12月24日衛署照字第1031562533
號函釋在案，併予敘明。爰本案請依此認定原則辦理。",https://drive.google.com/file/d/1IEo7JO0CoxnfXCeiRm87BLzYfexqwZH7/view?usp=drivesdk,,
interp-0270,護理人員法解釋彙編,第 17 條,〔釋例類別〕 第 4 類 護理機構建築物使用,103.5.6,2014-05-06,衛部照字第1030112466號,有關一般護理之家申請擴充至不連續樓層及照護人力配置,202,203,215,216,護理人員、護理機構、護理之家、開業,參照摘要,彙編中此筆為短摘要或參照其他頁碼，非完整公文全文。,"103.5.6 衛部照字第1030112466 號函 
主旨：有關一般護理之家申請擴充至不連續樓層及照護人力配置
疑義一案，復請查照。 說明： 
一、復 貴局103 年 4 月 29 日北衛醫字第 1030775515 號函。 
二、按護理機構之設立，應依護理人員法之規定申請許可，並
符合護理機構設置標準之相關規定，始予准許開業。有關
一般護理之家設置於不連續樓層前經本部 96 年 10 月 29
日衛署醫字第 0960049243 號函及 89 年 10 月 4 日衛署醫
字第 0890017043 號函釋，如符合護理機構設置標準規定
，應無不可在案，先予敍明。 
三、次按護理機構設置標準表之二、護理服務設施(一)住房項
下規定應設護理站及其相關設施、設備，有關同一護理機
構跨數樓層，每一樓層是否應依護理機構設置標準配置人
力及設置護理站，亦經本部 97 年 3 月 5 日衛署醫字第
0970006126 號函釋 ， 跨數樓層之護理機構 ， 如相鄰樓層共
用護理站，在不影響護理業務執行及能為護理機構住民及
民眾方便利用下，尚無不可。爰本案請依權責，視個案事
實認定。 
（註 ： 本函釋說明二所敘本部 96.10.29.衛署醫字第0960049243 號函
及 89.10.4.衛署醫字第0890017043 號函 ， 請參閱P.428、P.425
。說明三所敘本部 97.3.5 衛署醫字第 0970006126 號函，請參
閱 P.429）",https://drive.google.com/file/d/1IEo7JO0CoxnfXCeiRm87BLzYfexqwZH7/view?usp=drivesdk,,
interp-0271,護理人員法解釋彙編,第 17 條,〔釋例類別〕 第 4 類 護理機構建築物使用,103.10.14,2014-10-14,衛部照字第1031561690號,所詢有關一般護理之家相關疑義案，如說明段，請查照。,203,205,216,218,護理人員、護理機構、護理之家,彙編節錄,108年彙編多數未保留正本、副本或署名欄；本筆已依下一封函或下一條文邊界切分。,"103.10.14 衛部照字第1031561690 號函 
主旨：所詢有關一般護理之家相關疑義案，如說明段，請查照。 
說明： 
一、依據內政部營建署 103 年 9 月 12 日營授辦城字第
1033580690 號函及行政院農業委員會103 年9 月9 日農企
字第1030230729 號函兼復貴中心103 年8 月22 日苗照管
字第 1030007304 號函。 
二、有關護理之家是否符合都市計畫法臺灣省施行細則所稱『
公益上需要』乙節:依據都市計畫法臺灣省施行細則第 23
條規定：「行政區以供政府機關、自治團體、人民團體及 其他公益上需要之建築物使用為主，不得建築住宅、商店
、旅社、工廠及其他娛樂用建築物。但紀念性之建築物與
附屬於建築物之車庫及非營業性之招待所，不在此限。」
次依內政部營建署說明，前項所稱『公益上需要』之建築
物使用，係指出於公共利益的目的，為使社會公眾或者一
定範圍內的社會公眾受益所需之建築物使用而言，且應依
都市計畫法第 37 條規定，洽都市計畫擬定機關審查土地
使用分區管制查明其規定目地之使用。爰一般護理之家是
否符合前開規定，應視機構申請計畫個案事實認定之。 
三、又，護理之家是否符合農業主管機關同意農業用地變更使
用審查作業要點『公益性福利設施』乙節：農業主管機關
同意農業用地變更使用審查作業要點第 6 點規定：「非都
市土地特定農業區之農業用地，不同意變更使用。但符合
下列情形之一，且無前點各款情形之一者，得申請變更使
用：…(五)中央目的事業主管機關專案核准設立之公益性
福利設施或再生能源設施。…」按行政院農委會說明，前
項所稱『公益性福利設施』，需具『公益性福利設施』性
質，且經中央目的事業主管機關核准設立者，始得辦理。
本案應先確認以何種設施合法化，再由縣市政府業務主管
機關，依前開要點第4 點規定，就該事業設置之必要性與
計畫所提使用特定農業區用地、面積之必要性、合理性及
無可替代性提出目的事業主管機關之評估意見，如認為本
案有專案核准之必要性，再為本案向中央主管目的事業機
關提出專案核准之申請。爰一般護理之家是否符合前開規
定，應按機構興辦事業計畫之性質及使用內涵，視個案事
實認定。 
四、有關醫院附設一般護理之家，設置於醫院同址且分散不同
樓層之通道(出入口及電梯)是否應獨立乙節 ， 本部前於95
年 12 月 15 日衛署醫字第 0950062433 號書函及 96 年 10
月 29 日衛署醫字第 0960049243 號函示在案，併予敍明，
內容略以：如於同棟大樓不同樓層設置護理之家，護理機 構與醫療機構之執業場所使用空間應有明確區隔，並各有
獨立動線(包含出入口及電梯)，且符合護理機構設置標準
之相關規定，得予准許。本案請依此原則辦理。",https://drive.google.com/file/d/1IEo7JO0CoxnfXCeiRm87BLzYfexqwZH7/view?usp=drivesdk,,
interp-0272,護理人員法解釋彙編,第 17 條,〔釋例類別〕 第 4 類 護理機構建築物使用,103.12.24,2014-12-24,衛部照字第1031562533號,所詢有關護理機構設置於不連續樓層及獨立動線疑義一案,205,205,218,218,護理人員、護理機構、護理之家,彙編節錄,108年彙編多數未保留正本、副本或署名欄；本筆已依下一封函或下一條文邊界切分。,"103.12.24 衛部照字第1031562533 號函 
主旨：所詢有關護理機構設置於不連續樓層及獨立動線疑義一案
，復請查照。 
說明： 
一、復 貴院103 年12 月11 日中總嘉企字第1030016136號函。 
二、有關護理機構擬與醫療機構同棟設置，如其護理機構申請
執業場所使用空間及公共場所與醫療機構應有明顯區隔
，並各有獨立動線，且符合護理機構設置標準之相關規定
，始得准許，本部 業於 96 年 10 月 29 日衛署醫字第
0960049243 號函釋在案 。 貴院擬規劃於同棟不同樓層設置
護理之家，其獨立出入口之規劃，應符合前開規定，先予
敍明。 
三、又本部102 年 11 月 5 日衛部照字第 1021580888 號函釋之
內容，係針對同棟建築物設置老人福利機構及一般護理之
家應符合條件(包含不同門牌號碼及應有獨立出入口)，惟
不同樓層設醫療機構及護理之家需符合之條件，仍請按本
部 96 年 10 月 29 日函釋內容辦理。爰本案請依此原則辦
理。",https://drive.google.com/file/d/1IEo7JO0CoxnfXCeiRm87BLzYfexqwZH7/view?usp=drivesdk,,
interp-0273,護理人員法解釋彙編,第 17 條,〔釋例類別〕 第 4 類 護理機構建築物使用,104.11.27,2015-11-27,衛部醫字第1041668673號,所詢醫療財團法人之房地供其附設護理之家與居家護理所,205,207,218,220,護理人員、護理機構、居家護理、護理之家、開業,彙編節錄,108年彙編多數未保留正本、副本或署名欄；本筆已依下一封函或下一條文邊界切分。,"104.11.27 衛部醫字第1041668673 號 
主旨：所詢醫療財團法人之房地供其附設護理之家與居家護理所
開業使用，是否認屬供醫院使用一案，本部意見如說明段
，復請查照。 
說明： 
一、復貴部 104 年 10 月 14 日台財稅字第 10404027180 號函，
及依據本部護理及健康照護司104 年10 月30 日意見辦理
。 二、查「醫療財團法人」之名稱，係依據93 年 4 月 28 日所修
正公布醫療法第 5 條規定，為本部所許可從事醫療事業辦
理醫療機構之財團法人之專有名詞。又依同法第 31 條規
定，醫療法人得設立醫院、診所及其他醫療機構，或經中
央主管機關及目的事業主管機關許可，得附設護理機構、
精神復健機構、醫學研究機構或相關福利機構等，查其立
法宗旨，在使「醫療法人」與其所「設立或附設機構」有
所區別。 
三、次查93 年 4 月 28 日醫療法修正前許可設立之「財團法人
醫療機構」，將醫療法人與其設立醫療機構視為一體，即
「法人」與「醫院」名稱相同，未有區別。惟其與現行醫
療法規定有所牴觸，是以，為利本部對醫療財團法人之管
理，本部爰於 96 年 7 月 2 日公告「醫療財團法人及其設
立醫療機構或其他附設機構命名原則」，並請其配合修正
法人及其設立機構或其他附設機構名稱。故前開醫療法人
設立醫療機構或其他附設機構，係因應法人名稱變更而更
改機構名稱，原法人之設立目的及其主體性質均未改變。 
四、又查護理人員法第 17 條第 1 項第 3 款規定：「私立護理
機構：由個人設置者，以資深護理人員為申請人；由其他
法人依有關法律規定附設者，以該法人為申請人。」，及
同法施行細則第 7 條第 1 項規定 ： 「護理機構依本法第17
條規定申請開業，應填具申請書，檢附下列書件，並繳納
開業執照費 ， 向所在地直轄市或縣(市)主管機關申請 ：...
。」，與護理機構分類設置標準第2 條規定，護理機構之
分類包含居家護理機構及護理之家。依據上開規定，醫療
財團法人如附設護理機構（包含護理之家及居家護理所）
，係以該法人為申請人，並按護理人員法等相關規定設立
及開業。 
五、爰此，醫療財團法人設置護理之家，其設置型態包含：該
法人附設之護理機構，以及該法人附設醫院之護理機構（
護理機構與醫院位於同一主體）等。至，護理機構房地是 否供醫院使用，及其房屋稅及土地稅減免等規定之認屬，
則請逕依稅法相關規定辦理。 

〔釋例類別〕 第 5 類 違規開業之懲處",https://drive.google.com/file/d/1IEo7JO0CoxnfXCeiRm87BLzYfexqwZH7/view?usp=drivesdk,,
interp-0274,護理人員法解釋彙編,第 17 條,〔釋例類別〕 第 5 類 違規開業之懲處,88.12.3,1999-12-03,衛署醫字第880702225號,所詢已許可籌設之護理之家，未開業即收容病人，以及非,207,207,220,220,護理人員、護理機構、護理之家、開業,彙編節錄,108年彙編多數未保留正本、副本或署名欄；本筆已依下一封函或下一條文邊界切分。,"88.12.3.衛署醫字第880702225 號函 
主旨：所詢已許可籌設之護理之家，未開業即收容病人，以及非
護理之家機構，以護理之家名稱收容病人，執行業務等節
，應如何懲處乙案，復請 查照。 
說明： 
一、復 貴局88 年11 月10 日北市衛五字第8825568000號函。 
二、依護理人員法第 17 條規定，護理機構之開業，應向所在
地直轄市或縣(市)主管機關申請核准登記，發給開業執照
。 
三、已許可籌設之護理之家，未開業即收容病人，以及非護理
之家機構，以護理之家名稱收容病人，執行業務，均為未
申請核准登記取得開業執照，即有開業之實，應依同法第
32 條規定，處新台幣 1 萬 5 千元以上 15 萬元以下罰鍰。",https://drive.google.com/file/d/1IEo7JO0CoxnfXCeiRm87BLzYfexqwZH7/view?usp=drivesdk,,
interp-0275,護理人員法解釋彙編,第 17 條,〔釋例類別〕 第 5 類 違規開業之懲處,95.3.3,2006-03-03,衛署照字第0952800401號,有關護理機構未合法立案懲處疑義案，復如說明段，請,207,208,220,221,護理人員、護理機構、開業,彙編節錄,108年彙編多數未保留正本、副本或署名欄；本筆已依下一封函或下一條文邊界切分。,"95.3.3.衛署照字第0952800401 號函 
主旨：有關護理機構未合法立案懲處疑義案，復如說明段，請 
查照。 
說明： 
一、復 貴局 95 年 2 月 13 日桃衛醫字第 0950000690 號函。 
二、有關護理機構未合法立案，經予行政處分處以罰鍰，並限
期令其改善，惟機構屆期未改善或遲遲無法完成立案者，
處置規定如下： 
(一)依行政執行法第 27 條規定：「依法令或本於法令之
行政處分，負有行為或不行為義務，經於處分書或另
以書面限定相當期間履行，逾期仍不履行者，由執行 機關依間接強制或直接強制方法執行之。前項文書，
應載明不依限履行時將予強制執行之意旨。」。 
(二)按命尚未領有開業執照之護理機構完成法定立案程
序係屬行為義務，該機構受有必須申請設立、合法立
案之行為義務而不為或無法執行時，除需瞭解該機構
無法執行之原因予以適度輔導或轉業外，原處分機關
得依權責，依行政執行法之相關規定辦理。",https://drive.google.com/file/d/1IEo7JO0CoxnfXCeiRm87BLzYfexqwZH7/view?usp=drivesdk,,
interp-0276,護理人員法解釋彙編,第 17 條,〔釋例類別〕 第 5 類 違規開業之懲處,96.2.15,2007-02-15,衛署照字第0960005773號,96.2.15.衛署照字第0960005773 號函,208,208,221,221,護理人員、護理機構、開業,彙編節錄,108年彙編多數未保留正本、副本或署名欄；本筆已依下一封函或下一條文邊界切分。,"96.2.15.衛署照字第0960005773 號函 
主旨 ： 所詢立案之護理機構違反護理機構設置標準(如應置人力、
應置設施不符等)，應如何處辦一案，復請 查照。 
說明： 
一、復 貴局 96 年 2 月 2 日北衛醫字第 0960009348 號函。 
二、依行政程序法第123 條第 4 款規定：「授予利益之合法行
政處分，有下列各款情形之一者，得由原處分機關依職權
為全部或一部之廢止。……四、行政處分所依據之法規或
事實事後發生變更，致不廢止該處分對公益將有危害者。
」是以，護理機構依護理人員法之相關規定經向主管機關
申請設立許可，並符合護理機構設置標準規定、完成法定
程序後，則由主管機關發予開業執照之授益行政處分；如
該護理機構受有之授益行政處分所依據之事實事後發生變
更，除需瞭解該機構變更原因，依個案事實予以適度輔導
、轉介或提供必要之協助外，原處分機關得依權責，依前
所述規定辦理。",https://drive.google.com/file/d/1IEo7JO0CoxnfXCeiRm87BLzYfexqwZH7/view?usp=drivesdk,,
interp-0277,護理人員法解釋彙編,第 17 條,〔釋例類別〕 第 5 類 違規開業之懲處,96.6.15,2007-06-15,衛署照字第0962801007號,所詢業者申請籌設護理機構在未完成設置許可登記 (即發,208,209,221,222,護理人員、護理機構、護理之家、開業、廣告,彙編節錄,108年彙編多數未保留正本、副本或署名欄；本筆已依下一封函或下一條文邊界切分。,"96.6.15.衛署照字第0962801007 號函 
主旨：所詢業者申請籌設護理機構在未完成設置許可登記 (即發
予開業執照)，擅自懸掛招牌並加註 「籌設中」 有無違反相
關規定一案，復請 查照。 
說明： 
一、復 貴局96 年5 月23 日花衛醫字第09600083160號函。 二、查護理機構申請許可設置或擴充，應檢具護理人員法施行
細則第 7 條規定之文件，經衛生主管機關許可後，依同法
施行細則第 11 條規定申請開業，經衛生主管機關派員履
勘後，認與規定相符者，發給開業執照，先予敘明。 
三、次查本案業者申請護理之家，經 貴局設立許可在案，惟
查尚未領有開業執照前，非屬合法護理機構，是以，自不
得為護理業務之廣告。至所述本案業者擅自懸掛招牌並加
註「籌設中」一詞之使用方式，如無使社會大眾誤認為合
法護理機構，且經查證確無收治住民情事，得認未違反護
理人員法第 18 條之 1 相關規定。",https://drive.google.com/file/d/1IEo7JO0CoxnfXCeiRm87BLzYfexqwZH7/view?usp=drivesdk,,
interp-0278,護理人員法解釋彙編,第 17 條,〔釋例類別〕 第 5 類 違規開業之懲處,96.8.6,2007-08-06,衛署醫字第0960034734號,所詢 貴轄私立護理機構違反護理人員法相關規定，依法,209,209,222,222,護理人員、護理機構、負責人、開業,彙編節錄,108年彙編多數未保留正本、副本或署名欄；本筆已依下一封函或下一條文邊界切分。,"96.8.6.衛署醫字第0960034734 號函 
主旨：所詢 貴轄私立護理機構違反護理人員法相關規定，依法
處分對象疑義一案，復請 查照。 
說明： 
一、復 貴局 96 年 7 月 30 日北衛醫字第 0960067837 號函。 
二、依護理人員法第17 規定，私立護理機構由個人設置者，並
未具法人資格，係屬護理人員自然人之開業場所。是以，
護理人員法第 19 條規定 ， 私立護理機構由護理人員設置者
，應以護理人員為申請人，並為該護理機構之負責人，即
由護理人員設立之私立護理機構，係以其負責人為權利義
務主體，故有關私立護理機構之處分(罰鍰部分)，依上開
規定，係處罰其負責護理人員。本案請依前揭規定辦理。",https://drive.google.com/file/d/1IEo7JO0CoxnfXCeiRm87BLzYfexqwZH7/view?usp=drivesdk,,
interp-0279,護理人員法解釋彙編,第 17 條,〔釋例類別〕 第 5 類 違規開業之懲處,97.4.1,2008-04-01,衛署醫字第0970201290號,有關私立醫療機構附設護理機構之機構屬性暨處分對象疑,209,210,222,223,護理人員、護理機構、開業,參照摘要,彙編中此筆為短摘要或參照其他頁碼，非完整公文全文。,"97.4.1.衛署醫字第0970201290 號函 
主旨：有關私立醫療機構附設護理機構之機構屬性暨處分對象疑
義一案，復請 查照。 
說明： 
一、復 貴局 97 年 1 月 22 日北衛醫字第 0970007119 號函。 
二、查「護理機構違反護理人員法規定，除有特別規定外，應
處罰該機構本身，但由個人設置之私立護理機構應處罰其 負責資深護理人員 。 」 前經本署90 年 3 月 5 日衛署醫字第
0900002348 號函釋在案。 
三、另查護理人員法第 17 條規定之護理機構分類為公立護理
機構、財團法人護理機構及私立護理機構。關於醫療機構
附設之護理機構型態類別，應視其申請主體之醫療機構屬
性論之。即公立醫療機構申請附設之護理機構，性質上認
屬為公立之護理機構，由其代表人為申請人；醫療法人醫
院依有關法律規定附設之護理機構，性質上應認屬為私立
之護理機構，以該法人為申請人；私立醫療機構申請附設
之護理機構，性質上認屬為私立之護理機構，惟私立醫療
機構未具法人資格 ， 爰應依護理人員法第17 條規定 ， 應由
資深護理人員為申請人。至該護理機構應經醫療機構同意
，始得冠以醫療機構名稱，並加註附設字樣。本署96 年 2
月 6 日及 4 月 16 日衛署醫字第 0960004896 號及第
0960014958 號書函，關於「護理機構因係由醫院附設，宜
以醫療機構名稱為申請人」一節，與上開護理人員法規定
容有未合，應予停止適用。 
四、另查護理人員法第 17 條規定，私立護理機構由個人設置
者，係以資深護理人員為申請人申請設立，其負責護理人
員變更，即為申請主體變更，因涉屬設立權屬變更，係屬
護理機構之新設立，應重新申請開業；至公立醫療機構、
醫療法人或其他法人依有關法律規定附設之護理機構，因
以該機構代表人或法人為申請人，故當其負責護理人員變
更時，因非屬申請主體變更，依護理人員法之相關規定，
應辦理登記事項變更。 
（註：本函釋說明三所敘本署96.4.16.衛署醫字第0960014958號書函，
請參閱P.163）",https://drive.google.com/file/d/1IEo7JO0CoxnfXCeiRm87BLzYfexqwZH7/view?usp=drivesdk,,
interp-0280,護理人員法解釋彙編,第 17 條,〔釋例類別〕 第 5 類 違規開業之懲處,102.4.10,2013-04-10,衛署照字第1020066808號,所詢護理之家照顧服務員人力不足，不符護理機構設置標,210,211,223,224,護理人員、護理機構、護理之家、照顧服務員、開業,彙編節錄,108年彙編多數未保留正本、副本或署名欄；本筆已依下一封函或下一條文邊界切分。,"102.4.10.衛署照字第1020066808 號函 
主旨：所詢護理之家照顧服務員人力不足，不符護理機構設置標
準，違反護理人員法第16 條第 2 項，應如何懲處一案，請 查照。 
說明： 
一、復 貴局102 年3 月28 日嘉市衛醫字第1020510319號函。 
二、查護理人員法第 16 條第 2 項規定，護理機構之分類及設
置標準，由中央主管機關定之，意旨係指前項設置標準授
權本署訂定之，先予敘明。 
三、對於旨案護理之家人力管理，按護理人員法第 16 條第 1
項規定，略以：「護理機構之設置或擴充，應先經主管機
關許可；…」機構之設置經主管機關許可立案後，仍應按
許可事項及相關法規營運及管理。 
四、按行政程序法第123 條規定，略以「授予利益之合法行政
處分，有下列各款情形之一者，得由原處分機關依職權為
全部或一部之廢止；…四、行政處分所依據之法規或事實
事後發生變更，致不廢止該處分對公益將有危害者。…」
爰，針對機構許可設置後，據以許可之事實發生變更而有
違反相關規定之情事時，貴局得自行依職權認定事實並進
行相關處理。",https://drive.google.com/file/d/1IEo7JO0CoxnfXCeiRm87BLzYfexqwZH7/view?usp=drivesdk,,
interp-0281,護理人員法解釋彙編,第 17 條,〔釋例類別〕 第 5 類 違規開業之懲處,102.5.22,2013-05-22,衛署照字第1022863185號,所詢一般護理之家開業後違反設置標準疑義一案，復如說,211,212,224,225,護理人員、護理機構、護理之家、開業,彙編節錄,108年彙編多數未保留正本、副本或署名欄；本筆已依下一封函或下一條文邊界切分。,"102.5.22.衛署照字第1022863185 號函 
主旨：所詢一般護理之家開業後違反設置標準疑義一案，復如說 
明，請 查照。 
說明： 
一、依據新竹市衛生局 102 年 5 月 2 日衛醫字第 1020006087
號函辦理。 
二、依據護理機構設置標準第8 條規定，一般護理之家護理人
員數為 15 床至少應有 1 人，且 24 小時均應有護理人員值
班，爰護理機構應至少聘足人員數需符床人比之標準，且
需在人員派班可符 24 小時均應有護理人員值班之規定 ， 惟
其三班輪值人力分配，係為機構內部管理事項，人員派班
之工時及休息休假等均應符勞基法之規定。 
三、來函所詢二十四小時均應有護理人員值班之「值班」意指 「上班」，爰值班人員不在現場而以手機方式待命，未符
二十四小時均應有護理人員提供服務之精神。 
四、機構護理人員執業登錄人數係查核該機構聘僱之人員數。
現場稽查可依機構人員派班狀況與排班表，查核人員確實
在班狀況，以符二十四小時有人值班之規定。 
五、所詢遇有機構違反護理機構分類及設置標準應處辦，本署
前於 98 年 3 月 4 日衛署照字第 0982800807 號函釋在案，
雖然無相關罰則，得參酌行政程序法第 123 條第 1 項第 4
款規定，「行政處分所依據之法規或事實事後發生變更，
致不廢止該處分對公益將有危害者，得由原處分機關依職
權為全部或一部之廢止。」辦理。",https://drive.google.com/file/d/1IEo7JO0CoxnfXCeiRm87BLzYfexqwZH7/view?usp=drivesdk,,
interp-0282,護理人員法解釋彙編,第 18 條,〔釋例類別〕 第 5 類 違規開業之懲處,102.7.29,2013-07-29,衛部照字第1020076089號,有關護理機構於申請設立時，針對建築物違章建築部分經,212,213,225,226,護理人員、護理機構、開業,彙編節錄,108年彙編多數未保留正本、副本或署名欄；本筆已依下一封函或下一條文邊界切分。,"102.7.29.衛部照字第1020076089 號函 
主旨：有關護理機構於申請設立時，針對建築物違章建築部分經
申請人提出切結不使用證明，其切結書是否可視為「準負
擔」，當開業後發現機構違規使用違章建築，得否依行政 
程序法第 123 條廢止其開業執照乙案，請 查照。 
說明： 
一、復 貴局102 年7 月19 日桃衛照字第1021400886 號函。 
二、按護理機構分類設置標準第8 條規定：「護理機構之設置
，其設置標準如附表『護理機構設置標表』」又，該表三
、建築物之設計構造與設備乙項中，明訂應符合建築法及
其有關法規規定，故護理機構之設立應符合前開規定，先
予敘明。至機構針對建築物違規建築部分提出切結不使用
，其切結書是否可視為準負擔乙節，非前開所規定。 
三、又，機構如違反護理機構分類及設置標準之處辦，得參酌
行政程序法第 123 條規定，貴局得自行依職權認定事實並
進行相關處理。",https://drive.google.com/file/d/1IEo7JO0CoxnfXCeiRm87BLzYfexqwZH7/view?usp=drivesdk,,
interp-0283,護理人員法解釋彙編,第 18-1 條,〔釋例類別〕 第 5 類 違規開業之懲處,92.11.24,2003-11-24,衛署醫字第0920059829號,所詢護理機構廣告容許事項所指為何？另如涉及違規時罰,213,214,226,227,護理人員、護理機構、開業、廣告,彙編節錄,108年彙編多數未保留正本、副本或署名欄；本筆已依下一封函或下一條文邊界切分。,"92.11.24.衛署醫字第 0920059829 號書函 
主旨：所詢護理機構廣告容許事項所指為何？另如涉及違規時罰
則規範為何等情乙案，復如說明，請 查照。 
說明： 
一、復 貴局92 年11 月6 日北市衛五字第09237117700號函。 
二、護理人員法業於91 年 6 月 12 日修正公布施行，有關護理
機構之廣告規範 ， 業納入該法第 18 條之 1 明定 ， 違反者依
同法第 32 條或第 38 條規定處罰。 
三、至於該法第 18 條之 1 第 1 項第 5 款所定「其他經中央主
管機關公告容許事項」乙節，目前本署尚無特別公告容許 刊登。",https://drive.google.com/file/d/1IEo7JO0CoxnfXCeiRm87BLzYfexqwZH7/view?usp=drivesdk,,
interp-0284,護理人員法解釋彙編,第 18-2 條,〔釋例類別〕 第 5 類 違規開業之懲處,95.11.24,2006-11-24,衛署醫字第0950050892號,有關 貴局所詢使用「大愛」為名稱申請設立護理機構疑,214,214,227,227,護理人員、護理機構、開業,彙編節錄,108年彙編多數未保留正本、副本或署名欄；本筆已依下一封函或下一條文邊界切分。,"95.11.24.衛署醫字第0950050892 號函 
主旨：有關 貴局所詢使用「大愛」為名稱申請設立護理機構疑
義一案，復請 查照。 
說明： 
一、復 貴局 95 年 11 月 1 日及 11 月 14 日投衛局字第
0950301387 號及第 095031437 號函。 
二、查護理機構名稱之使用及限制，依護理人員法第 18 條及
其施行細則第 14 條已定有明文，衛生主管機關於審查或
核准護理機構之名稱時，除應依上開規定辦理外，亦可參
考醫療法有關醫療機構名稱使用審核原則之相關規定。 
三、次查衛生主管機關核准護理機構使用某項名稱，與商標主
管機關就某名稱核准註冊為其服務商標，係屬2 事；是以
，有關財團法人中華民國佛教慈濟慈善事業基金會於 95
年 9 月 1 日申請「大愛」為註冊商標，與本案護理機構申
請設立擬以「大愛」為機構名稱是否違反商標法之相關規
定及處理一節，係屬商標主管機關職權，非屬衛生主管機
關業務範疇。",https://drive.google.com/file/d/1IEo7JO0CoxnfXCeiRm87BLzYfexqwZH7/view?usp=drivesdk,,
interp-0285,護理人員法解釋彙編,第 18-2 條,〔釋例類別〕 第 5 類 違規開業之懲處,95.12.6,2006-12-06,衛署醫字第0950051313號,有關護理機構於大樓內 5 樓電梯口外張貼與登記機構名稱,214,215,227,228,護理人員、護理機構、開業、廣告,彙編節錄,108年彙編多數未保留正本、副本或署名欄；本筆已依下一封函或下一條文邊界切分。,"95.12.6.衛署醫字第0950051313 號函 
主旨：有關護理機構於大樓內 5 樓電梯口外張貼與登記機構名稱
不符之廣告 ， 是否違反護理人員法第18 條第 1 項之規定一
案，復請 查照。 
說明： 
一、復 貴局95 年11 月15 日北衛醫字第09500911331號函。 
二、查護理機構刊(登)播之廣告內容，或懸掛市招(招牌)，應
依護理人員法第 18 條之 1 及同法施行細則第 22 條規定辦
理；衛生主管機關於審查或核准護理機構廣告內容時，除
應依上開規定辦理外，亦可參考醫療法有關醫療廣告審核
原則之相關規定，先予敘明。 三、關於市招之認定，本署業於 82 年 7 月 19 日衛署醫字第
8236536 號函釋在案，略以：「醫院診所於外牆、玻璃門
或鐵門上作廣告，宣傳醫療業務，以達招徠患者為目的，
仍視同市招，依醫療廣告規定辦理。」是以，本案皇家護
理機構於大樓內 5 樓電梯口外張貼護理機構名稱，應以視
同市招廣告之相關規定辦理；至該護理機構冠以「頂級」
為市招廣告文宣一節 ， 請依護理人員法第18 條之 1 規定辦
理。",https://drive.google.com/file/d/1IEo7JO0CoxnfXCeiRm87BLzYfexqwZH7/view?usp=drivesdk,,
interp-0286,護理人員法解釋彙編,第 18-2 條,〔釋例類別〕 第 5 類 違規開業之懲處,96.5.17,2007-05-17,衛署醫字第0960017760號,所詢護理機構名稱之使用疑義等情一案，復請 查照。,215,216,228,229,護理人員、護理機構、執業執照、負責人、開業、歇業,彙編節錄,108年彙編多數未保留正本、副本或署名欄；本筆已依下一封函或下一條文邊界切分。,"96.5.17.衛署醫字第0960017760 號函 
主旨：所詢護理機構名稱之使用疑義等情一案，復請 查照。 
說明： 
一、復 貴局96 年4 月23 日北衛醫字第09600332031號函。 
二、查「護理機構名稱之使用及限制，依護理人員法第 18 條
及其施行細則第 14 條已定有明文 ， 衛生主管機關於審查或
核准護理機構之名稱時，除應依上開規定辦理外，亦可參
考醫療法有關醫療機構名稱使用審核原則之相關規定。」
前經本署 95 年 11 月 24 日衛署醫字第 0950050892 號函函
釋在案。次查醫療法施行細則第10 條規定： 「本法第十七
條醫療機構名稱之使用、變更，不得有下列情形之一：…
…………。五、私立醫療機構使用易使人誤認與政府機關
或公益團體有關之名稱。……」。是以，所述以「紅十字
」為護理機構名稱申請設立一節，請 貴轄依權責，視個
案事實依前述原則辦理。 
三、另查護理人員法第 17 條規定，私立護理機構由個人設置
者，係以資深護理人員為申請人申請設立，其申請主體變
更，即屬護理機構之新設立；同法第19 條第 2 項規定，私
立護理機構由前項資深護理人員設置者，以其申請人為負
責人。是以，由資深護理人員設立之私立護理機構，當機
構申請主體變更（變更負責人），於同址由另位護理人員
重新申請設立時，應由原任負責護理人員申請歇業，註銷 原領開業執照及所屬醫事人員執業執照。新任負責護理人
員應符合法定資格，其人員及設施，並經審查及重新履勘
符合護理機構設置標準，始得核准開業，重新核發開業執
照及所屬醫事人員執業執照。",https://drive.google.com/file/d/1IEo7JO0CoxnfXCeiRm87BLzYfexqwZH7/view?usp=drivesdk,,
interp-0287,護理人員法解釋彙編,第 18-2 條,〔釋例類別〕 第 5 類 違規開業之懲處,96.6.15,2007-06-15,衛署醫字第0962801007號,所詢業者申請籌設護理機構在未完成設置許可登記 (即發,216,216,229,229,護理人員、護理機構、護理之家、開業、廣告,彙編節錄,108年彙編多數未保留正本、副本或署名欄；本筆已依下一封函或下一條文邊界切分。,"96.6.15.衛署醫字第0962801007 號函 
主旨：所詢業者申請籌設護理機構在未完成設置許可登記 (即發
予開業執照），擅自懸掛招牌並加註「籌設中」，有無違
反相關規定一案，復請 查照。 
說明： 
一、復 貴局 96 年 5 月 23 日花衛醫字第 0960083160 號函。 
二、查護理機構申請許可設置或擴充，應檢具護理人員法施行
細則第 7 條所規定之文件，經衛生主管機關許可後，依同
法施行細則第 11 條規定申請開業 ， 經衛生主管機關派員履
勘後，認與規定相符者，發給開業執照，先予敘明。 
三、次查本案業者申請護理之家，經 貴局設立許可在案，惟
查尚未領有開業執照前，非屬合法護理機構，是以，自不
得為護理業務之廣告。至所述本案業者擅自懸掛招牌並加
註「籌設中」一詞之使用方式，如無使社會大眾誤認為合
法護理機構，且經查證確無收治住民情事，得認未違反護
理人員法第 18 條之 1 相關規定。",https://drive.google.com/file/d/1IEo7JO0CoxnfXCeiRm87BLzYfexqwZH7/view?usp=drivesdk,,
interp-0288,護理人員法解釋彙編,第 18-2 條,〔釋例類別〕 第 5 類 違規開業之懲處,102.5.20,2013-05-20,衛署照字第1022863282號,所詢有關醫院附設護理機構擬予員工眷屬及特定對象給予,216,217,229,230,護理人員、護理機構、開業、廣告,彙編節錄,108年彙編多數未保留正本、副本或署名欄；本筆已依下一封函或下一條文邊界切分。,"102.5.20.衛署照字第1022863282 號函 
主旨：所詢有關醫院附設護理機構擬予員工眷屬及特定對象給予
優惠折扣計畫方案，是否合法妥適乙案，復請 查照。 
說明： 
一、復 貴局102 年4 月19 日北衛醫字第1021674152號函。 
二、按護理人員法第 18 條之 1 規定，護理機構廣告不得宣傳
折扣方案，因考量優惠折扣係以該機構之員工眷屬及特定
對象作為對象，爰如其無針對一般社會大眾宣傳機構業務
，以達招徠住民之主觀意圖，則尚無違反護理人員法第35 條之處罰要件。 
三、本案請貴局依上開原則，就個案之事實予以查明認定。",https://drive.google.com/file/d/1IEo7JO0CoxnfXCeiRm87BLzYfexqwZH7/view?usp=drivesdk,,
interp-0289,護理人員法解釋彙編,第 18-2 條,〔釋例類別〕 第 5 類 違規開業之懲處,102.9.25,2013-09-25,衛署照字第1021580475號,有關護理機構網頁廣告公開宣稱住房折扣費，涉及違反護,217,217,230,230,護理人員、護理機構、開業、廣告,彙編節錄,108年彙編多數未保留正本、副本或署名欄；本筆已依下一封函或下一條文邊界切分。,"102.9.25.衛署照字第1021580475 號函 
主旨：有關護理機構網頁廣告公開宣稱住房折扣費，涉及違反護
理人員法第 18 條之 1 規定，原 102 年 4 月 29 日衛署照字
第 1022861001 號函自即日起停止適用，請 查照。 
說明： 
一、復 貴局 102 年 5 月 24 彰衛醫字第 1020015952 號函。 
二、按護理人員法第 18 條之 1 規定護理機構廣告內容之範疇
，有關護理機構於網頁廣告公開宣稱住房折扣專案，已違
反前述規定，依同法第32 條懲處；至於參觀、簽訂契約時
推出住房折扣專案，非屬廣告，尚無違反護理人員法之規
定。 
三、有關護理人員法第 29 條第 1 項所稱「不正當業務」，與
醫療法第 61 條第 1 項所稱 「不正當方法」 ，兩者各自有具
體明確之列舉及例示規定，且規範性質不同，尚不可完全
比照辦理。 
四、原102 年 4 月 29 日衛署照字第 1022861001 號函自即日起
停止適用。",https://drive.google.com/file/d/1IEo7JO0CoxnfXCeiRm87BLzYfexqwZH7/view?usp=drivesdk,,
interp-0290,護理人員法解釋彙編,第 18-2 條,〔釋例類別〕 第 5 類 違規開業之懲處,102.10.31,2013-10-31,衛部照字第1021580843號,有關依護理機構分類設置標準設置之產後護理機構提供之,217,219,230,232,護理人員、護理機構、產後護理、執業執照、開業、收費、停業、歇業、廣告,彙編節錄,108年彙編多數未保留正本、副本或署名欄；本筆已依下一封函或下一條文邊界切分。,"102.10.31 衛部照字第1021580843 號函 
主旨：有關依護理機構分類設置標準設置之產後護理機構提供之
護理勞務是否屬醫療勞務範疇，復如說明段，請 查照。 
說明： 
一、復 貴部 102 年 10 月 16 日台財稅字第 10204668130 號函
。 
二、查護理人員法第 18 之 1 條規定「護理機構廣告，其內容
以左列事項為限：一、護理機構之名稱、開業執照字號、
地址、電話及交通路線。二、負責護理人員之姓名、性別
、學歷、經歷、護理人員證書及執業執照字號。三、業務 項目及執業時間。四、開業、歇業、停業、復業、遷移及
其年、月、日。五、其他經中央主管機關公告容許事項。
」至，貴部來函所述「現行產後護理機構強調其規模及服
務如休閒渡假飯店」乙節，如以廣告方式宣傳，已非屬產
後護理機構業務項目 ， 應依同法第32 條 「處新台幣一萬五
千元上十五萬元以下罰鍰，並得限期令其改善；屆期未改
善或情節重大者，處一個月以上一年以下之停業處分或廢
止其開業執照」規定論處。 
三 、 另產後護理機構收費標準核定係依護理人員法第21 條第 1
項規定：「護理機構之收費標準，由直轄市、縣（市）主
管機關核定之。」如有提供非收費項目的服務內容，應依
違反本法第 21 條第 2 項 「護理機構不得違反收費標準 ， 超
額收費」規定，依本法第 36 條之規定，處新台幣 1 萬 5
千元以上 15 萬元以下罰鍰…… ， 並應限期退還超額收費。 
四、查護理人員法第 14 條規定「為減少醫療資源浪費，因應
連續性醫療照護之需求，並發揮護理人員之執業功能，得
設置護理機構。」次查醫療法第 31 條第 3 項規定：「醫
療法人經中央主管機關及目的事業主管機關之許可，得附
設護理機構……。設立條件、程序及其他相關事項，仍依
各該相關法規之規定辦理」，爰依護理機構分類設置標準
第 3 條規定，產後護理機構之服務對象為產後未滿二個月
之產婦及出生未滿二個月之嬰幼兒。是以由衛生主管機關
核准設立之產後護理機構所提供之護理服務，係因醫療照
護需求所衍生之照護服務，仍屬醫療勞務之範疇；惟產後
護理機構所提供之服務若係因一般生活照顧所衍生，則非
屬醫療勞務之範疇。",https://drive.google.com/file/d/1IEo7JO0CoxnfXCeiRm87BLzYfexqwZH7/view?usp=drivesdk,,
interp-0291,護理人員法解釋彙編,第 19 條,〔釋例類別〕 第 5 類 違規開業之懲處,83.6.17,1994-06-17,衛署醫字第83035207號,護理人員法施行細則第 15 條所定執業年資之認定，應以,219,219,232,232,護理人員、執業登記、開業,彙編節錄,108年彙編多數未保留正本、副本或署名欄；本筆已依下一封函或下一條文邊界切分。,"83.6.17.衛署醫字第83035207 號函 
主旨：護理人員法施行細則第 15 條所定執業年資之認定，應以
其服務證明與辦理執業登記重疊之年資 ， 始予採計 ，請 查
照。 
說明：依據本署於83 年 4 月 24 日召開之「護理業務研討會」會
議紀錄辦理。",https://drive.google.com/file/d/1IEo7JO0CoxnfXCeiRm87BLzYfexqwZH7/view?usp=drivesdk,,
interp-0292,護理人員法解釋彙編,第 19 條,〔釋例類別〕 第 5 類 違規開業之懲處,84.4.24,1995-04-24,衛署醫字第84018597號,護理人員法施行細則第 15 條所定護理機構負責護理人員,219,219,232,232,護理人員、護理機構、執業登記、開業、評鑑,彙編節錄,108年彙編多數未保留正本、副本或署名欄；本筆已依下一封函或下一條文邊界切分。,"84.4.24.衛署醫字第84018597 號函 
主旨：護理人員法施行細則第 15 條所定護理機構負責護理人員
執業年資採認疑義乙案，復請 查照。 
說明： 
一、復 貴處 84 年 3 月 31 日 84 衛五字第08797 號函。 
二、護理人員法施行細則第 15 條第 1 款及第 2 款之第 1 目及
第 2 目所定，從事護理工作之年資，應以取得證明文件並
辦理執業登記者，始予採認。 
三、又同條款第 2 目，如其於醫院之服務年資係本署 77 年度
辦理醫院評鑑以前者，因無評鑑類別之規範，得視同具備
經中央主管機關評鑑合格地區醫院以上之醫院服務年資。",https://drive.google.com/file/d/1IEo7JO0CoxnfXCeiRm87BLzYfexqwZH7/view?usp=drivesdk,,
interp-0293,護理人員法解釋彙編,第 19 條,〔釋例類別〕 第 5 類 違規開業之懲處,85.4.15,1996-04-15,衛署醫字第85015501號,所詢護理之家負責護理人員與工商事業登記之營業納稅負,219,219,232,232,護理人員、護理機構、護理之家、負責人、開業,彙編節錄,108年彙編多數未保留正本、副本或署名欄；本筆已依下一封函或下一條文邊界切分。,"85.4.15.衛署醫字第85015501 號函 
主旨：所詢護理之家負責護理人員與工商事業登記之營業納稅負
責人，依法是否限定為同一負責人乙事，復請 查照。 
說明： 
一、復 貴局 85 年 3 月 14 日 85 中市衛五字第5310 號函。 
二、依據商業登記法第2 條：本法所稱商業，謂以營利為目的
，以獨資或合夥方式經營之事業。護理機構非以營利為目
的，應免辦商業登記，故無主旨段所敘問題。",https://drive.google.com/file/d/1IEo7JO0CoxnfXCeiRm87BLzYfexqwZH7/view?usp=drivesdk,,
interp-0294,護理人員法解釋彙編,第 19 條,〔釋例類別〕 第 5 類 違規開業之懲處,88.2.11,1999-02-11,衛署醫字第87076093號,所詢護理機構之負責資深護理人員，應具備從事臨床護理,219,220,232,233,護理人員、護理機構、執業登記、開業,彙編節錄,108年彙編多數未保留正本、副本或署名欄；本筆已依下一封函或下一條文邊界切分。,"88.2.11.衛署醫字第87076093 號函 主旨：所詢護理機構之負責資深護理人員，應具備從事臨床護理
工作之資格，其所界定之「臨床護理工作」範疇為何乙案
，復請 查照。 
說明： 
一、復 貴局87 年12 月28 日北市衛五字第8726766200號函。 
二、凡依法辦理執業登記之實際執業年資，均得採計為護理人
員施行細則第 15 條所定護理機構之負責資深護理人員應
具備「從事臨床護理工作」資格之年資。",https://drive.google.com/file/d/1IEo7JO0CoxnfXCeiRm87BLzYfexqwZH7/view?usp=drivesdk,,
interp-0295,護理人員法解釋彙編,第 19 條,〔釋例類別〕 第 5 類 違規開業之懲處,95.3.7,2006-03-07,衛署醫字第0950008912號,所詢護理執業年資認定疑義一案，復請 查照。,220,220,233,233,護理人員、執業登記、開業,彙編節錄,108年彙編多數未保留正本、副本或署名欄；本筆已依下一封函或下一條文邊界切分。,"95.3.7.衛署醫字第0950008912 號函 
主旨：所詢護理執業年資認定疑義一案，復請 查照。 
說明： 
一、復 貴局 95 年 3 月 1 日(95)全字第007 號函。 
二、查護理人員法施行細則第 15 條，有關護理人員從事臨床
護理工作年資之認定，須以其服務證明與辦理執業登記重
疊之年資，始予採計。",https://drive.google.com/file/d/1IEo7JO0CoxnfXCeiRm87BLzYfexqwZH7/view?usp=drivesdk,,
interp-0296,護理人員法解釋彙編,第 19 條,〔釋例類別〕 第 5 類 違規開業之懲處,101.12.28,2012-12-28,衛署醫字第1012864978號,所詢護理之家負責人是否可提出跨區支援報備乙案， 復,220,221,233,234,護理人員、護理機構、護理之家、負責人、開業、評鑑,彙編節錄,108年彙編多數未保留正本、副本或署名欄；本筆已依下一封函或下一條文邊界切分。,"101.12.28.衛署醫字第1012864978 號函 
主旨：所詢護理之家負責人是否可提出跨區支援報備乙案， 復 
請 查照。 
說明： 
一、復 貴局 101 年 12 月 13 日桃衛照字第 1010192654 號函
。 
二、依護理人員法第 12 條規定，護理人員執業，應在所在地
主管機關核准登記之醫療機構、護理機構或其他經中央主
管機關認可之機構為之。但急救、執業機構間之支援或經
事先報准者，不在此限。 
三、護理人員支援其他醫療機構或護理機構，應事先報准，如
越區前往支援者，應報經所在地直轄市或縣(市)衛生主管
機關核准，並副知執行地直轄市或縣(市)衛生主管機關。 
四、依據護理人員法第 19 條，護理機構應置負責資深護理人 員一人，對其機構護理業務，負督導責任。本案申請跨區
支援報備之護理人員為護理機構負責人，而個案申請跨區
支援之醫療機構或護理機構人力不足問題，非屬該個案之
責任，申請跨區支援之適當性、其所設置之護理機構營運
、人員派班值勤及業務督導管理狀況、該機構每年督導考
核、不定期查核、相關行政處分及本署辦理之評鑑等情形
，本權責逕行判定該護理機構負責人申請跨區支援報備相
關條件之合理性。",https://drive.google.com/file/d/1IEo7JO0CoxnfXCeiRm87BLzYfexqwZH7/view?usp=drivesdk,,
interp-0297,護理人員法解釋彙編,第 19 條,〔釋例類別〕 第 5 類 違規開業之懲處,104.1.22,2015-01-22,衛部照字第1041560124號,所詢因應少子化、社會大眾未來對護理之家之需求日殷，,221,222,234,235,護理人員、護理機構、護理之家、負責人、開業、評鑑,彙編節錄,108年彙編多數未保留正本、副本或署名欄；本筆已依下一封函或下一條文邊界切分。,"104.1.22 衛部照字第1041560124 號函 
主旨：所詢因應少子化、社會大眾未來對護理之家之需求日殷，
若欲新設或成立分支機構，則負責人之資格如何界定一案
，復請查照。 
說明： 
一、復 貴護理之家104 年 1 月 12 日高雄市瑞豐字第 144 號。 
二、依據護理人員法第 19 條規定：「護理機構應置負責資深
護理人員一人，對其機構護理業務，負督導責任，……。
私立護理機構由前項資深護理人員設置者，以其申請人為
負責人。」負責人相關資格應符合同法施行細則第 11 條
之規定。另護理機構設置或擴充許可辦法第 7 條規定：「
護理機構之設置或擴充經許可後，其設置或擴充地點、床 
數有變更者，應重新申請許可；私立護理機構負責人變更
者，亦同」。 
三、具有機構負責人資格之護理人員加入保險(勞保)之義務，
仍應依相關保險法之規定辦理；且為保障工作人員勞動權
益，一般護理之家評鑑指標將 「業務負責人設置情形(Ａ
2.1)」為一級必要項目指標，其基準包含：1.資格符合相
關法規標準規定。2.專任且於機構投保勞健保、提撥勞退
金。3.實際參與行政與照護品質管理等項目，仍請參酌。 
四、護理機構設置之申請，按護理人員法第 17 條規定，私立
護理機構申請人包含個人及法人等，故(股份)有限公司未 符前開申請人資格。又對機構之營運方式，係於機構提出
申請計畫時即審核其經費(如自籌、補助或募款)，以評估
機構是否有完善之財務計畫，確保照護品質。 
五、私人機構如更換負責人，無論獨資、合夥或公司聘任隔年
是否需接受評鑑乙節：護理機構之設置或擴充許可後，私
人機構如更換負責人，按規定應重新提出申請(即視為新
機構），爰該機構亦應重新接受評鑑。",https://drive.google.com/file/d/1IEo7JO0CoxnfXCeiRm87BLzYfexqwZH7/view?usp=drivesdk,,
interp-0298,護理人員法解釋彙編,第 19 條,〔釋例類別〕 第 5 類 違規開業之懲處,106.10.26,2017-10-26,衛部照字第1061562914號,有關產後護理之家負責人將執照租借機構，每月向該機構,222,223,235,236,護理人員、護理師、護理機構、產後護理、護理之家、執業執照、負責人、開業、停業,彙編節錄,108年彙編多數未保留正本、副本或署名欄；本筆已依下一封函或下一條文邊界切分。,"106.10.26 衛部照字第1061562914 號 
主旨：有關產後護理之家負責人將執照租借機構，每月向該機構
領取護理師執照出租費是否違反護理人員法一案，復請查
照。 
說明： 
一、復貴局106 年 10 月 13 日中市衛醫字第 10600968221 號函
。 
二、依護理人員法第 19 條護理機構應置負責資深護理人員一
人，對其機構護理業務，負督導責任...。又按護理機構分
類設置標準第 7 條規定護理機構之負責資深護理人員，應
督導其機構所屬護理人員及其他人員，善盡業務上必要之
注意。綜上，護理機構由資深護理人員擔任負責人，對其
機構護理業務，負督導責任，並善盡業務上必要之注意。 
三、另依護理人員法第 30-1 條規定略以「護理人員將證照租
借予不具護理人員資格者使用，廢止其護理人員證書；租
借予前述以外之人使用者，處新臺幣二萬元以上十萬元以
下罰鍰，得併處一個月以上一年以下之停業處分或廢止其
執業執照。前項情形涉及刑事責任者，並應移送該管檢察
機關依法辦理。」。 
四、所詢機構每月給予機構負責人執照費（並附有機構損益表
科目名稱為「負責人執照費」），是否違反護理人員法乙
節，請貴局釐清「負責人執照費」科目實際用途為何？租
借行為之認定應有雙方確認及具體事證為依據，就所提供 片面資訊尚難採認 ， 請貴局本於權責查明後依事實認定。",https://drive.google.com/file/d/1IEo7JO0CoxnfXCeiRm87BLzYfexqwZH7/view?usp=drivesdk,,
interp-0299,護理人員法解釋彙編,第 19-1 條,〔釋例類別〕 第 5 類 違規開業之懲處,84.5.11,1995-05-11,衛署醫字第84020896號,醫療機構得跨直轄市或縣(市)行政區域附設護理機構，惟,223,223,236,236,護理人員、護理機構、開業,彙編節錄,108年彙編多數未保留正本、副本或署名欄；本筆已依下一封函或下一條文邊界切分。,"84.5.11.衛署醫字第84020896 號函 
主旨：醫療機構得跨直轄市或縣(市)行政區域附設護理機構，惟
應依護理人員法第 20 條規定與其護理機構設置所在地之
醫院訂定契約，其申請與管理均由當地衛生主管機關辦理
。 
說明：復 貴處 84 年 3 月 31 日 84 衛五字第028884 號函。",https://drive.google.com/file/d/1IEo7JO0CoxnfXCeiRm87BLzYfexqwZH7/view?usp=drivesdk,,
interp-0300,護理人員法解釋彙編,第 19-1 條,〔釋例類別〕 第 5 類 違規開業之懲處,93.12.8,2004-12-08,衛署醫字第0930050897號,所詢醫院附設護理之家住民因病情變化必需轉入急性病房,223,224,236,237,護理人員、護理之家、開業、收費,參照摘要,彙編中此筆為短摘要或參照其他頁碼，非完整公文全文。,"93.12.8.衛署醫字第 0930050897 號書函 
主旨：所詢醫院附設護理之家住民因病情變化必需轉入急性病房
治療或因個別因素需求，而要求保留原床位亦或要求預先 
控留床位，為避免影響醫院之營運收入，是否得酌收保留
費，每日 500 元一案，復請 查照。 
說明： 
一、復 貴局 93 年 11 月 26 日衛醫字第 0930013697 號函。 二、按醫療法第 21 條規定：「醫療機構收取醫療費用之標準
，由直轄市、縣(市)主管機關核定之。」所稱醫療費用，
當係指醫療上所發生之費用而言 ； 另按醫療法第22 條第 2
項規定：「醫療機構不得違反收費標準，超額或擅立收費
項目收費。」爰此，醫療機構應依據核定之收費標準收取
醫療費用，所述床位保留費並非醫療之費用且目前並無是
項收費規定，醫療機構向病患收取該項費用，應屬擅立名
目收費，核與醫療法第 22 條第 2 項規定不合。 
（註：相關函釋 100.8.8.衛署醫字第 1000201065 號函釋略以：其床
位得依定型化契約第 8 條，由雙方共同約定之方式予以保留，
請參閱 P.225）",https://drive.google.com/file/d/1IEo7JO0CoxnfXCeiRm87BLzYfexqwZH7/view?usp=drivesdk,,
interp-0301,護理人員法解釋彙編,第 21 條,〔釋例類別〕 第 5 類 違規開業之懲處,96.4.3,2007-04-03,衛署醫字第0960008731號,有關署立八里療養院附設精神護理之家收費標準核定一案,224,224,237,237,護理人員、護理機構、護理之家、開業、收費,彙編節錄,108年彙編多數未保留正本、副本或署名欄；本筆已依下一封函或下一條文邊界切分。,"96.4.3.衛署醫字第0960008731 號函 
主旨：有關署立八里療養院附設精神護理之家收費標準核定一案
，復請 查照。 
說明： 
一、復 貴府96 年2 月27 日北府衛醫字第0960017208號函。 
二、查公立護理機構之開業，依護理人員法第 17 條第 1 款及
同法施行細則第 11 條之規定 ， 係由該機構之代表人為申請
人，向直轄市或縣(市)主管機關申請核准登記，發給開業
執照；至公立醫療機構附設之護理機構，依申請主體論之
，性質上亦宜認屬公立之護理機構。是以，有關該類公立
護理機構收費標準之核定 ， 依護理人員法第21 條第 1 項但
書之規定，由該管主管機關核定。 
三、又各公立醫院主管機關，為辦理前開公立護理機構收費標
準之核定時，宜由各縣市衛生局提供其轄區護理機構收費
標準參核。",https://drive.google.com/file/d/1IEo7JO0CoxnfXCeiRm87BLzYfexqwZH7/view?usp=drivesdk,,
interp-0302,護理人員法解釋彙編,第 21 條,〔釋例類別〕 第 5 類 違規開業之懲處,99.10.19,2010-10-19,衛署醫字第0990078853號,有關公立護理機構之收費標準，其核定之權責機關，依護,224,225,237,238,護理人員、護理機構、護理之家、開業、收費,彙編節錄,108年彙編多數未保留正本、副本或署名欄；本筆已依下一封函或下一條文邊界切分。,"99.10.19.衛署醫字第0990078853 號函 
主旨：有關公立護理機構之收費標準，其核定之權責機關，依護
理人員第 21 條第 1 項規定 ， 係由其直屬之上級機關核定， 請 查照。 
說明： 
一、依據 貴部 99 年 9 月 28 日台高(三)字第 0990165735 號
函副本辦理。 
二、護理人員法第 21 條第 1 項規定，護理機構之收費標準，
由直轄市、縣(市)主管機關核定之。但公立護理機構之收
費標準，由該管主管機關分別核定。該條第 1 項但書所稱
該管主管機關，係指該公立護理機構直屬之上級機關而言
。國立臺灣大學醫學院附設醫院北護分院其護理之家收費
標準，仍請貴部依前開護理人員法之規定核定之。 
三、至臺大醫院附設護理之家收費標準之核定，可參考台北市
政府衛生局公告之台北市一般護理之家之收費標準 (如附
件)。",https://drive.google.com/file/d/1IEo7JO0CoxnfXCeiRm87BLzYfexqwZH7/view?usp=drivesdk,,
interp-0303,護理人員法解釋彙編,第 21 條,〔釋例類別〕 第 5 類 違規開業之懲處,100.8.8,2011-08-08,衛署醫字第1000201065號,所詢部分護理之家住民因病情變化需轉入醫院治療，如欲,225,226,238,239,護理人員、護理機構、護理之家、開業、收費,彙編節錄,108年彙編多數未保留正本、副本或署名欄；本筆已依下一封函或下一條文邊界切分。,"100.8.8.衛署醫字第1000201065 號函 
主旨：所詢部分護理之家住民因病情變化需轉入醫院治療，如欲
保留床位，是否得酌收保留費一案，復請 查照 
說明： 
一、復 貴局100 年6 月29 日雲衛醫字第1000015834號函。 
二、按護理人員法第 21 條規定，護理機構之收費標準，由直
轄市、縣(市)主管機關核定之；護理機構不得違反收費標
準，超額收費。查本署 96 年 10 月 1 日衛署照字第
0962801438 號函公告之一般護理之家(委託型 、 自用型)定
型化契約範本，依契約內容第 3 條及第 6 條，收費項目包
括保證金、長期照護費及自行負擔費用。第 8 條亦規定，
「住民因病就醫或其他正當理由而於機構外生活，經辦妥
護理之家所規定之手續且連續外住 3 日以上者，得按實際
院外生活日數請求退還每日之膳食費。但護理之家、委託
人雙方另有約定，較有利於住民時，從其約定。」。爰此
，旨揭床位保留費，雖非屬前開定型化契約約定之費用，
惟住民因病情變化需轉入醫院治療者，其床位仍得依該定 型化契約第 8 條由雙方共同約定之方式予以保留，則尚無
不可。",https://drive.google.com/file/d/1IEo7JO0CoxnfXCeiRm87BLzYfexqwZH7/view?usp=drivesdk,,
interp-0304,護理人員法解釋彙編,第 21 條,〔釋例類別〕 第 5 類 違規開業之懲處,102.4.9,2013-04-09,衛署照字第1022860972號,有關 貴會於 102 年 3 月 12 日召開「台電、中油及台水,226,227,239,240,護理人員、護理機構、護理之家、開業、收費,彙編節錄,108年彙編多數未保留正本、副本或署名欄；本筆已依下一封函或下一條文邊界切分。,"102.4.9.衛署照字第1022860972 號函 
主旨：有關 貴會於 102 年 3 月 12 日召開「台電、中油及台水
公司政策性負擔逐步回歸各部會編列預算」會議之決議，
本署意見如說明，復請 查照。 
說明： 
一、依據經濟部國營事業委員會 102 年 3 月 19 日經國一字第
10200044980 號函辦理。 
二、按 貴會 102 年 3 月 12 日召開研商「台電、中油及台水
公司政策性負擔逐步回歸各部會編列預算」會議討論事項
─決議事項說明 ， 針對本署護理之家部分(含一般護理之家
及精神護理之家)是否納入電價優惠等疑義，說明如下： 
(一)電業法第 65 條新增護理之家為優待對象，惟鑑於護
理之家係屬自費市場，按護理人員法第 21 條規定：
「護理機構之收費標準，由直轄市或縣(市)主管機關
核定之。但公立護理機構之收費標準，由該管主管機
關分別核定。護理機構不得違反收費標準，超額收費
。」爰護理之家考量該機構應有之營運成本，自行訂
定相關收費標準。 
(二)考量長期照護之需求逐年增加，其機構成長預估十年
內將有明顯成長，如由中央目的事業主管機關編列其
政策性電費負擔，恐嚴重排擠衛生醫療預算。且電業
法第 65 條僅規定護理之家等用電收費，應低於普通
電價，但不低於供電成本，並無強制規定應由中央目 
的事業主管機關編列其優惠用電之政策性負擔預算。 
三、綜上，鑑於護理之家機構所收取之費用已涵括用電成本，
因應機構快速成長，編列政策性電費負擔，恐排擠衛生醫
療預算，及所優惠之電價在不低於供電成本下，並不造成
台電公司之負擔等綜合考量，建議現階段(未來十年)暫不 由本署編列護理之家用電之政策性負擔預算。",https://drive.google.com/file/d/1IEo7JO0CoxnfXCeiRm87BLzYfexqwZH7/view?usp=drivesdk,,
interp-0305,護理人員法解釋彙編,第 21 條,〔釋例類別〕 第 5 類 違規開業之懲處,102.6.14,2013-06-14,衛署照字第1022863047號,有關護理人員法第 21 條收費標準及護理機構同址是否可,227,228,240,241,護理人員、護理機構、開業、收費,彙編節錄,108年彙編多數未保留正本、副本或署名欄；本筆已依下一封函或下一條文邊界切分。,"102.6.14.衛署照字第1022863047 號函 
主旨：有關護理人員法第 21 條收費標準及護理機構同址是否可
從事其他營業項目之疑義，復如說明段，請 查照。 
說明： 
一、復 貴局 102 年 3 月 18 日北市衛醫護字第 10231275002
號函。 
二、有關貴局所詢護理機構開業後因應物價等因素自行調整收
費標準，未超過貴局收費基準上限規定，未經核備乙節，
尚難認屬違反護理人員法第 21 條之規定 ； 至於護理機構收
費標準如係由機構報請縣市衛生局核定者，該機構後 續調
整收費標準仍應依護理人員法第21 條規定辦理。 
三、另詢護理機構申請設置或擴充時，發現同址已有其他營業
項目(包括商業登記為坐月子食品公司 、 或向衛生局登記販
賣醫療器材等)乙節，說明如下： 
(一)查護理機構為醫事人員之執業場所，以提供辦理執業
登記在案之醫事服務項目為限。又護理機構非屬營利
事業，應避免醫療行為與商業行為混淆而影響醫療作
業。 
(二)又，設立坐月子食品公司係屬商業行為，宜請住民於
符合相關規定之營業場所購買服務；又，前述食品公
司之經營行為應屬商業營利性質，就營運主體而言，
其設立登記應依公司法、商業登記等規定辦理，以資
適法。故護理機構內附設商業性質之坐月子食品公司
，應不予同意；至護理機構如與坐月子食品公司同址
設置，其執業場所有實體區隔、二處內部無法相通，
且分別有對外出口，得視同不在同一地址。 
(三)另有關護理機構販賣醫療器材，如僅對護理機構之病
患或其家屬提供必要之服務，經當地縣市衛生主管機
關實地履勘屬實，在不響護理照護服務品質下，尚無 不可。惟其如將藥局、藥商登記於護理機構地址內，
並以對外從事醫療器材推銷、銷售為主要業務，則非
所宜。 
(四)綜上，除上述所述機構外，護理機構營運範圍應符合
護理機構申請設置或擴充之計畫書核准事項為準。",https://drive.google.com/file/d/1IEo7JO0CoxnfXCeiRm87BLzYfexqwZH7/view?usp=drivesdk,,
interp-0306,護理人員法解釋彙編,第 21 條,〔釋例類別〕 第 5 類 違規開業之懲處,102.8.12,2013-08-12,衛署照字第1021580174號,所詢護理人員法第 21 條收費標準及居家護理機構同址是,228,228,241,241,護理人員、護理機構、居家護理、開業、收費,彙編節錄,108年彙編多數未保留正本、副本或署名欄；本筆已依下一封函或下一條文邊界切分。,"102.8.12.衛署照字第1021580174 號函 
主旨：所詢護理人員法第 21 條收費標準及居家護理機構同址是
否可從事其他營業項目之疑義，請 查照。 
說明： 
一、復 貴局 102 年 7 月 29 日北市衛醫護字第 10236099601
號函。 
二、旨案有關護理機構（含居家護理機構）同址如有其他公司
設立之認定，以及提供居家護理服務時，依個案需求提供
租借或販售醫療器材服務乙節 ， 本部前於102 年 6 月 14 日
以衛署照字第1022863047號函諒達，合先敘明。 
三、至居家護理所除使用健保支付標準外，另採專案服務方式
收費乙節，依據護理人員法規定：「護理機構之收費標準
，由直轄市、縣(市)主管機關核定之。…。護理機構不得
違反收費標準，超額收費。」爰居家護理之收費標準審定
，係屬地方衛生主管機關權責，故由貴局逕予審核。",https://drive.google.com/file/d/1IEo7JO0CoxnfXCeiRm87BLzYfexqwZH7/view?usp=drivesdk,,
interp-0307,護理人員法解釋彙編,第 21 條,〔釋例類別〕 第 5 類 違規開業之懲處,102.8.14,2013-08-14,衛部照字第1021580214號,有關委員關切本部辦理臺北市大清居家生活有限公司，其,228,229,241,242,護理人員、護理機構、居家護理、開業、收費,彙編節錄,108年彙編多數未保留正本、副本或署名欄；本筆已依下一封函或下一條文邊界切分。,"102.8.14.衛部照字第1021580214 號函 
主旨：有關委員關切本部辦理臺北市大清居家生活有限公司，其
於今年三月成立至今，然因居家護理所之設置相關疑義，
請本部協助了解及函復乙案，請 查照。 
說明： 
一、依據立法委員會陳節如國會辦公室102 年 8 月 9 日傳真文
件辦理。 
二、有關護理機構(含居家護理機構)同址如有其他公司設立之
認定，以及提供居家護理服務時，依個案需求提供租借或 販售醫療器材服務乙節 ， 本部前於102 年 6 月 14 日以衛署
照字第 1022863047 號函諒達臺北市政府衛生局在案(如附
件)。 
三、至居家護理所除使用健保支付標準外，另採專案服務方式
收費乙節，依據護理人員法規定：「護理機構之收費標準
，由直轄市、縣(市)主管機關核定之。…。護理機構不得
違反收費標準，超額收費。」爰居家護理之收費標準審定
，係屬地方衛生主管機關權責，故由該局逕予審核。 
四、旨案本部業於 102 年 8 月 12 日以衛部照字第 1021580174
號函復臺北市政府衛生局(如附件)。 
五、感謝委員對於居家護理業務之關心，尚祈不吝指教。",https://drive.google.com/file/d/1IEo7JO0CoxnfXCeiRm87BLzYfexqwZH7/view?usp=drivesdk,,
interp-0308,護理人員法解釋彙編,第 21 條,〔釋例類別〕 第 5 類 違規開業之懲處,105.12.1,2016-12-01,衛部照字第1050135061號,有關貴局函詢產後護理機構可否容許依公司法、商業登記,229,230,242,243,護理人員、護理機構、產後護理、開業、收費,彙編節錄,108年彙編多數未保留正本、副本或署名欄；本筆已依下一封函或下一條文邊界切分。,"105.12.1 衛部照字第1050135061 號 
主旨：有關貴局函詢產後護理機構可否容許依公司法、商業登記
等規定設立之單位向機構住民收取機構之住房設備、沐浴
組、盥洗用具等費用疑義案，復如說明，請查照。 
說明： 
一、復貴局105 年 11 月 17 日北市衛醫護字第 10556494601 號
函。 
二、查本部102 年 6 月 14 日衛署照字第 1022863047 號函示略
以，查護理機構為醫事人員之執業場所，以提供辦理執業
登記在案之醫事服務項目為限。又護理機構非屬營利事業
，應避免醫療行為與商業行為混淆而影響醫療作業。又，
同址設置，其執業場所應有實體區隔，且分別有對外出口
。 
三、有關機構之收費標準及服務項目，應尊重住民意願，不宜
由依公司法或商業登記等規定設立之單位以多層次傳銷或
仲介方式招攬業務。又產後護理機構定型化契約應記載及
不得記載事項第 4 點及定型化契約範本第 9 條，均禁止推
銷人員進入。 
四、綜上，本案是否有違反護理人員法規定情事，請貴局參酌 前揭規定並本權責及事實認定之。",https://drive.google.com/file/d/1IEo7JO0CoxnfXCeiRm87BLzYfexqwZH7/view?usp=drivesdk,,
interp-0309,護理人員法解釋彙編,第 21 條,〔釋例類別〕 第 5 類 違規開業之懲處,102.8.15,2013-08-15,衛署照字第1021580233號,為使產後護理機構收費有所依循，惠請貴局依護理人員法,230,230,243,243,護理人員、護理機構、產後護理、醫療輔助、開業、收費,彙編節錄,108年彙編多數未保留正本、副本或署名欄；本筆已依下一封函或下一條文邊界切分。,"102.8.15.衛署照字第1021580233 號函 
主旨：為使產後護理機構收費有所依循，惠請貴局依護理人員法
訂定產後護理機構收費標準，請 查照。 
說明： 
一、依據護理人員法(以下簡稱本法)第 21 條規定：「護理機
構之收費標準，由直轄市、縣(市)主管機關核定之。....
」次依本法第24 條規定： 「護理人員之業務如左：一、健
康問題之護理評估。二、預防保健之護理措施。三、護理
指導及諮詢。四、醫療輔助行為。前項第四款醫療輔助行
為應在醫師之指示下行之。」爰請貴局依前開規定辦理並
訂定收費項目及標準。 
二、產後護理機構如有提供非收費項目的服務內容，應依違反
本法第 21 條第 2 項規定： 「護理機構不得違反收費標準，
超額收費」規定，依本法第 36 條「違反....第 21 條第 2
項規定者，處新台幣 1 萬 5 千元以上 15 萬元以下罰鍰。」
規定論處。 
三、已依法訂定產後護理機構收費標準且於102 年 6 月後有修
訂者 ， 另請於102 年 8 月 19 日(一)免備文回復承辦人莊○ 
○。 
（註：本函釋說明三所敍承辦人之名字以○○表示）",https://drive.google.com/file/d/1IEo7JO0CoxnfXCeiRm87BLzYfexqwZH7/view?usp=drivesdk,,
interp-0310,護理人員法解釋彙編,第 21 條,〔釋例類別〕 第 5 類 違規開業之懲處,102.9.14,2013-09-14,衛署照字第1021580498號,惠請轉知所轄產後護理機構，服務收取費用應開具收據，,230,231,243,244,護理人員、護理機構、產後護理、開業、收費,彙編節錄,108年彙編多數未保留正本、副本或署名欄；本筆已依下一封函或下一條文邊界切分。,"102.9.14.衛署照字第1021580498 號函 
主旨：惠請轉知所轄產後護理機構，服務收取費用應開具收據，
並載明收費項目及金額，請 查照。 
說明： 
一、護理人員法第 21 條規定：「護理機構之收費標準，由直
轄市、縣(市)主管機關核定之」。 
二、本部已於102 年 8 月 15 日衛署照字第 1021580233 號函請
貴局依護理人員法訂定收費項目及標準。 三、惠請各局轉知所轄產後護理機構於提供服務並收取費用，
應開給收據並載明服務項目及收費金額，以確保民眾權益
。",https://drive.google.com/file/d/1IEo7JO0CoxnfXCeiRm87BLzYfexqwZH7/view?usp=drivesdk,,
interp-0311,護理人員法解釋彙編,第 21 條,〔釋例類別〕 第 5 類 違規開業之懲處,102.10.31,2013-10-31,衛部照字第1021580843號,有關依護理機構分類設置標準設置之產後護理機構提供之,231,232,244,245,護理人員、護理機構、產後護理、執業執照、開業、收費、停業、歇業、廣告,彙編節錄,108年彙編多數未保留正本、副本或署名欄；本筆已依下一封函或下一條文邊界切分。,"102.10.31 衛部照字第1021580843 號函 
主旨：有關依護理機構分類設置標準設置之產後護理機構提供之
護理勞務是否屬醫療勞務範疇，復如說明段，請 查照。 
說明： 
一、復 貴部 102 年 10 月 16 日台財稅字第 10204668130 號函
。 
二、查護理人員法第 18 之 1 條規定「護理機構廣告，其內容
以左列事項為限：一、護理機構之名稱、開業執照字號、
地址、電話及交通路線。二、負責護理人員之姓名、性別
、學歷、經歷、護理人員證書及執業執照字號。三、業務
項目及執業時間。四、開業、歇業、停業、復業、遷移及
其年、月、日。五、其他經中央主管機關公告容許事項。
」至，貴部來函所述「現行產後護理機構強調其規模及服
務如休閒渡假飯店」乙節，如以廣告方式宣傳，已非屬產
後護理機構業務項目 ， 應依同法第32 條 「處新台幣一萬五
千元以上十五萬元以下罰鍰，並得限期令其改善；屆期未
改善或情節重大者，處一個月以上一年以下之停業處分或
廢止其開業執照」規定論處。 
三 、 另產後護理機構收費標準核定係依護理人員法第21 條第 1
項規定：「護理機構之收費標準，由直轄市、縣(市)主管
機關核定之。」如有提供非收費項目的服務內容，應依違
反本法第 21 條第 2 項 「護理機構不得違反收費標準 ， 超額
收費」 規定，依本法第36 條之規定，處新台幣1 萬 5 千元
以上 15 萬元以下罰鍰……，並應限期退還超額收費。 
四、查護理人員法第 14 條規定「為減少醫療資源浪費，因應
連續性醫療照護之需求，並發揮護理人員之執業功能，得
設置護理機構。」 次查醫療法第31 條第 3 項規定： 「醫療
法人經中央主管機關及目的事業主管機關之許可，得附設 護理機構……。設立條件、程序及其他相關事項，仍依各
該相關法規之規定辦理」，爰依護理機構分類設置標準第
3 條規定，產後護理機構之服務對象為產後未滿二個月之
產婦及出生未滿二個月之嬰幼兒。是以由衛生主管機關核
准設立之產後護理機構所提供之護理服務，係因醫療照護
需求所衍生之照護服務，仍屬醫療勞務之範疇；惟產後護
理機構所提供之服務若係因一般生活照顧所衍生，則非屬
醫療勞務之範疇。 
102.12.18 衛部照字第 1021581296Ａ號函 
主旨：有關產後護理機構收費項目訂定「醫療勞務」及「一般生
活照顧」範疇乙案，詳如說明段，請查照。 
說明： 
一、復財政部 102 年 11 月 5 日台財稅字第 10204679190 號 
函。 
二、本部於102 年 11 月 29 日召開「研商護理機構提供服務與
醫療勞務範圍會議」，會中邀請財政部、衛生局、專家學
者及護理機構等代表出席。有關產後護理機構收費項目包
括「醫療勞務」及「日常生活照顧」兩類，其中屬「醫療
勞務」係包括護理費(含護理評估、護理指導及處置等)、
住房費、醫療診療及諮詢費等；日常生活服務費用則包括
：嬰兒奶粉及尿布、清潔衛生用品及一般飲食等；地方 
衛生主管機關於核定護理機構收費項目，應能判別上述項
目之類別。 
三、惠請各直轄市及縣市衛生局轉知所轄產後護理機構於提供
服務及收取費用時，應掣給收據並載明提供服務項目及收
費金額，且項目內容是可判別屬「醫療勞務」或「日常生
活照顧」，以確保民眾權益。",https://drive.google.com/file/d/1IEo7JO0CoxnfXCeiRm87BLzYfexqwZH7/view?usp=drivesdk,,
interp-0312,護理人員法解釋彙編,第 21 條,〔釋例類別〕 第 5 類 違規開業之懲處,103.3.18,2014-03-18,衛部照字第1031560438號,所詢貴轄某護理之家「定型化契約」中敍明入住須收取保 證金後，同時要求住民需連帶保證人及保證人之規定疑義,232,234,245,247,護理人員、護理之家、開業、收費,彙編節錄,108年彙編多數未保留正本、副本或署名欄；本筆已依下一封函或下一條文邊界切分。,"103.3.18 衛部照字第1031560438 號函 
主旨：所詢貴轄某護理之家「定型化契約」中敍明入住須收取保 證金後，同時要求住民需連帶保證人及保證人之規定疑義
一案，復請查照。 
說明： 
一、復 貴局 103 年 2 月 27 日高市衛長字第 10331737200 號函
。 
二、查「一般護理之家定型化契約應記載及不得記載事項」中
，應記載事項：三、應記載消費者應繳納保證金、長期照
護費，其方式參考護理之家定型化契約範本第三條規定。
不得記載事項：三、約定長期照護費數額超過直轄市或縣
(市)主管機關核定之護理之家收費標準。 
三、次查一般護理之家定型化契約範本之契約內容第三條規範
：「乙方應繳納保證金及長期照護費，其數額及繳費方式
如下：一、保證金：乙方應於訂立契約時，一次繳足保證
金新台幣 元(最高不得逾二個月長期照護費 )予甲方
，甲方應以機構名義於金融機構設立專戶儲存保證金，並
將專戶影本交付乙方收執。乙方欠繳長期照護費或其他費
用，或對甲方負損害賠償責任時，甲方得定 ○○日(不得
少於七日)以上之期限通知乙方繳納，逾期仍不繳納者，
甲方得於保證金內扣抵，其不足數乙方仍應依第七條補足
。」。 
四、綜上，定型化契約應記載及不得記載事項，及契約範本相
關規定內容，係規範住民應繳納保證金及費用金額，且不
得超過衛生局核定之收費標準；又，該定型化契約並未載
明及約束收取保證金之外，不得再記載其他保證問題 (例
如：要求另需連帶保證人)，再者，契約範本僅供機構及
住民參考，該契約雖為定型化契約之一種，惟住民家屬或
委託人仍得針對個別狀況，要求機構業者增刪修改。 
五、故旨案所稱機構於契約中要求需連帶保證人乙節，係屬契
約自由。惟契約之約定，仍應視雙方約定內容而定，並遵
循消費者保護法相關規定辦理，以維雙方權益，避免爭議
。",https://drive.google.com/file/d/1IEo7JO0CoxnfXCeiRm87BLzYfexqwZH7/view?usp=drivesdk,,
interp-0313,護理人員法解釋彙編,第 22 條,〔釋例類別〕 第 5 類 違規開業之懲處,104.1.6,2015-01-06,衛部照字第1030033867號,所詢函請本部提供關於生活無法自理者之照護收費標準明,234,234,247,247,護理人員、護理機構、護理之家、開業、收費,彙編節錄,108年彙編多數未保留正本、副本或署名欄；本筆已依下一封函或下一條文邊界切分。,"104.1.6 衛部照字第1030033867 號函 
主旨：所詢函請本部提供關於生活無法自理者之照護收費標準明
細一案，如說明段，復請查照。 
說明： 
一、復 貴院 103 年 12 月 24 日南院昆民暢 101 醫 14 字第
1030062893 號函。 
二、依據護理人員法第 21 條規定：「護理機構之收費標準，
由直轄市、縣(市)主管機關核定之。但公立護理機構之收 
費標準，由該管主管機關分別核定。護理機構不得違反收
費標準，超額收費。」護理之家之收費標準訂定，係屬地
方主管機關之權限，由其訂定及公告之，爰本案請逕向系
爭所屬之衛生主管機關聯繫及提供收費標準。",https://drive.google.com/file/d/1IEo7JO0CoxnfXCeiRm87BLzYfexqwZH7/view?usp=drivesdk,,
interp-0314,護理人員法解釋彙編,第 22 條,〔釋例類別〕 第 5 類 違規開業之懲處,90.3.5,2001-03-05,衛署醫字第0900002348號,承詢貴轄行政院衛生署台中醫院附設居家護理所變更負責,234,234,247,247,護理人員、護理機構、居家護理、負責人、開業,彙編節錄,108年彙編多數未保留正本、副本或署名欄；本筆已依下一封函或下一條文邊界切分。,"90.3.5.衛署醫字第0900002348 號函 
主旨：承詢貴轄行政院衛生署台中醫院附設居家護理所變更負責
人，其未依護理人員法第 22 條規定於 10 日內辦理變更手
續，則應處分代表人或居家護理所負責人乙案，復請 查
照。 
說明： 
一、復 貴局 90 年 1 月 5 日 90 衛醫字第000624 號函。 
二、按護理機構違反護理人員法規定，除有特別規定外，應處
罰該機構本身，但由個人設置之私立護理機構應處罰其負
責資深護理人員。",https://drive.google.com/file/d/1IEo7JO0CoxnfXCeiRm87BLzYfexqwZH7/view?usp=drivesdk,,
interp-0315,護理人員法解釋彙編,第 22 條,〔釋例類別〕 第 5 類 違規開業之懲處,90.5.16,2001-05-16,衛署醫字第0900032045號,醫療機構依護理機構設置標準第 10 條規定附設護理機構,234,235,247,248,護理人員、護理機構、開業,彙編節錄,108年彙編多數未保留正本、副本或署名欄；本筆已依下一封函或下一條文邊界切分。,"90.5.16.衛署醫字第0900032045 號函 
主旨：醫療機構依護理機構設置標準第 10 條規定附設護理機構
，其醫療機構變更負責醫師，若已依醫療法第 19 條規定 報請變更登記，應已完成辦理登記，勿需另依護理人員法
第 22 條規定，申請變更登記，請 查照。 
說明：依據 89 年醫政、護政業務會議決議辦理。",https://drive.google.com/file/d/1IEo7JO0CoxnfXCeiRm87BLzYfexqwZH7/view?usp=drivesdk,,
interp-0316,護理人員法解釋彙編,第 22 條,〔釋例類別〕 第 5 類 違規開業之懲處,97.1.22,2008-01-22,衛署醫字第0970003729號,有關署立南投醫院附設護理之家申請復業，在原主體設施,235,235,248,248,護理人員、護理機構、護理之家、執業執照、開業、停業,彙編節錄,108年彙編多數未保留正本、副本或署名欄；本筆已依下一封函或下一條文邊界切分。,"97.1.22.衛署醫字第0970003729 號函 
主旨：有關署立南投醫院附設護理之家申請復業，在原主體設施
及設備未改變狀況下，得否免辦理實地會勘(消防、建築)
一案，復請 查照。 
說明： 
一、復 貴局97 年1 月19 日投衛局醫字第0970300072號函。 
二、查按護理人員法第 22 條第 2 項規定：「護理機構遷移或
復業者，準用關於設立之規定。」揆其立法意旨，護理機
構辦理停業後，所屬醫事人員亦需辦理停業，而該護理機
構於停業期間之硬體設備，亦或有所變動。是以，護理機
構辦理復業時，其人員配置及相關設施，應經審查及重新
履勘符合護理機構設置標準後，始得核准開業，核發開業
執照及所屬醫事人員執業執照。 
三、惟為簡化程序以資便民，護理機構申請復業時，在原主體
設施與設備及人員無重大改變狀況下，除消防、建管設施
由主管機關依權責視個案事實辦理外，有關設立及開業程
序可合併予以簡化，衛生主管機關得免辦理現場履勘，惟
仍應符合護理機構設置標準之規定。爰此，本案請依前揭
原則辦理。",https://drive.google.com/file/d/1IEo7JO0CoxnfXCeiRm87BLzYfexqwZH7/view?usp=drivesdk,,
interp-0317,護理人員法解釋彙編,第 22 條,〔釋例類別〕 第 5 類 違規開業之懲處,97.1.30,2008-01-30,衛署醫字第0970005382號,有關 貴轄惠德醫院附設護理之家申請遷移新址，因新遷,235,236,248,249,護理人員、護理機構、護理之家、開業,彙編節錄,108年彙編多數未保留正本、副本或署名欄；本筆已依下一封函或下一條文邊界切分。,"97.1.30.衛署醫字第0970005382 號函 
主旨：有關 貴轄惠德醫院附設護理之家申請遷移新址，因新遷
移地址多處違建，業經 貴府建管處予以行政處分在案，
惟該機構尚未拆除違建部分，可否核發開業執照等情一案
，復請 查照。 
說明： 
一、依據立法委員陳啟昱國會辦公室97 年 1 月 29 日簡便行文 轉 貴局 97 年 1 月 28 日衛局醫字第 09700034140 號函辦
理。 
二、查醫療法第 23 條第 2 項規定：「醫療機構遷移者，準用
關於設立及開業之規定。」另查護理人員法第 22 條第 2
項規定：「護理機構遷移或復業者，準用關於設立之規定
。」是以，醫療機構及護理機構遷移後，依前揭規定申請
開業時，建築物除須符合建築及消防法規外，其人員配置
及相關設施，應經審查符合醫療機構或護理機構設置標準
後，始得核准開業，核發開業執照及所屬醫事人員執業執
照。爰此，本案請依前揭原則辦理。",https://drive.google.com/file/d/1IEo7JO0CoxnfXCeiRm87BLzYfexqwZH7/view?usp=drivesdk,,
interp-0318,護理人員法解釋彙編,第 22 條,〔釋例類別〕 第 5 類 違規開業之懲處,100.1.31,2011-01-31,衛署醫字第1000060944號,所詢護理機構依護理人員法第 22 條申請停業時，停業之,236,236,249,249,護理人員、護理機構、開業、停業、歇業,彙編節錄,108年彙編多數未保留正本、副本或署名欄；本筆已依下一封函或下一條文邊界切分。,"100.1.31.衛署醫字第1000060944 號函 
主旨：所詢護理機構依護理人員法第 22 條申請停業時，停業之
期限是否有其規定一案，復請 查照。 
說明： 
一、復 貴局100 年1 月13 日桃衛照字第1000005105號函。 
二、查護理人員法第 22 條規定，護理機構停業、歇業或其登
記事項變更時 ， 應於事實發生之日起30 日內 ， 報請原發開
業執照機關備查。是以，護理機構如需停業，應依前開規
定辦理。又如其停業時間超過 1 年，則宜請輔導其辦理歇
業。",https://drive.google.com/file/d/1IEo7JO0CoxnfXCeiRm87BLzYfexqwZH7/view?usp=drivesdk,,
interp-0319,護理人員法解釋彙編,第 22 條,〔釋例類別〕 第 5 類 違規開業之懲處,101.11.23,2012-11-23,衛署照字第1012864527號,有關 貴局所詢轄內某公立醫院附設護理之家違反護理人,236,237,249,250,護理人員、護理機構、護理之家、負責人、開業,彙編節錄,108年彙編多數未保留正本、副本或署名欄；本筆已依下一封函或下一條文邊界切分。,"101.11.23.衛署照字第1012864527 號函 
主旨：有關 貴局所詢轄內某公立醫院附設護理之家違反護理人
員法第22 條規定，其受處分對象疑義一案，復請 查照。 
說明： 
一、復 貴局 101 年 10 月 24 日南市衛醫字第 1010151302 號
函。 
二、本案因該院附設護理之家，於 101 年 7 月 26 日更換申請
人 ， 其登記事項變更時30 日內未向貴局辦理變更登記 ， 遲
於101 年10 月9 日提出申請乙案 ， 依護理人員法第22 條 規 定，其主體為護理機構。爰此，依護理人員法第32 條規定
辦理之裁罰，其裁罰對象應為護理機構。 
三、據查，貴局曾於101 年 10 月 18 日至該護理機構辦理現場
稽查，且該院於 101 年 10 月 23 日發生大火，亦請就該護
理機構於變更期間，負責人管理部分及該次查察情形有無
缺失進行檢視及妥處。",https://drive.google.com/file/d/1IEo7JO0CoxnfXCeiRm87BLzYfexqwZH7/view?usp=drivesdk,,
interp-0320,護理人員法解釋彙編,第 32 條,〔釋例類別〕 第 5 類 違規開業之懲處,102.1.24,2013-01-24,衛署照字第1022860013號,所詢有關護理機構評鑑之法規依據、參加對象及拒絕申請,237,238,250,251,護理人員、護理機構、護理之家、負責人、開業、收費、評鑑、督導考核、歇業,彙編節錄,108年彙編多數未保留正本、副本或署名欄；本筆已依下一封函或下一條文邊界切分。,"102.1.24.衛署照字第1022860013 號函 
主旨：所詢有關護理機構評鑑之法規依據、參加對象及拒絕申請
評鑑之罰則等疑義一案，復請 查照。 
說明： 
一、復貴公司 101 年 12 月 20 日衛署護評釋函第 1011220001
號申請函。 
二、查護理人員法第 23 條，護理機構應依法令規定或依主管
機關之通知，提出報告，並接受主管機關對其人員配置、
設備、收費、作業、衛生、安全、紀錄等之檢查及資料蒐
集。同法第 23-1 條及施行細則第 17 條規定，中央主管機
關應視需要，辦理護理機構評鑑；直轄市、縣(市)主管機
關對轄區內護理機構業務，應定期實施督導考核，並應訂
定計畫實施，每年至少辦理一次。已明確訂定護理機構應 配合相關檢查及資料蒐集等，與本署辦理評鑑及直轄市、
縣(市)主管機關辦理督考核等相關規定。 
三、爰此，本署自 98 年起辦理全國護理之家評鑑，每年依公
告之當年度評鑑作業程序（包含評鑑對象及評鑑基準）辦
理，以 101 年度為例，評鑑對象為： 
(一)至 101 年 6 月 1 日 ， 開業滿1 年之一般護理之家(以下
稱機構)及其評鑑合格效期已於最後一年之機構 ，應參
加本次評鑑；新立案開業未滿 1 年之機構則非屬本次
評鑑對象。 
(二)在評鑑合格效期內之機構，如有遷移地址重新開業、
擴充設立(涉及建築物設計變更或使用執照類別變更)
或於直轄市、縣(市)衛生局之督導考核，發現有其他
重大變更情事之機構，應參加本次評鑑。 
(三)私立機構因故歇業由他人於原址重新開業者 (俗稱變
更負責人)，均應參加本次評鑑。
四、對於符合當年度公告之評鑑對象，除辦理停、歇業者外，
受評鑑機構之名單由地方政府衛生主管機關提供。當年度
評鑑結果除公告外，也提供地方政府做為機構安置補助或
簽約對象之參考，另依本署101 年 12 月 19 日公告之「護
理機構設置或擴充許可辦法」第8 條規定，前一年度主管
機關評鑑或督導考核不合格者，不得申請擴充床數。 
五、當年度參加一般護理之家評鑑合格者，有效期限三年，評
鑑不合格之機構，則責成地方衛生局加強輔導及督導考核
，且於次年度需再接受評鑑。",https://drive.google.com/file/d/1IEo7JO0CoxnfXCeiRm87BLzYfexqwZH7/view?usp=drivesdk,,
interp-0321,護理人員法解釋彙編,第 23-1 條,〔釋例類別〕 第 5 類 違規開業之懲處,102.7.19,2013-07-19,衛署照字第1020014484號,所詢有關居家護理機構變更負責人，是否可免予參與當年,238,239,251,252,護理人員、護理機構、居家護理、負責人、開業、收費、督導考核,彙編節錄,108年彙編多數未保留正本、副本或署名欄；本筆已依下一封函或下一條文邊界切分。,"102.7.19.衛署照字第1020014484 號函 
主旨：所詢有關居家護理機構變更負責人，是否可免予參與當年
度地方主管機關辦理之督導考核一案，請 查照。 
說明： 
一、復 貴局102 年7 月10 日桃衛照字第1020175639號函。 
二、按護理人員法第 23 條之 1 第 1 項規定，直轄市、縣(市) 主管機關對轄區內護理機構業務，應定期實施督導考核。
又 ， 同法第23 條規定 ， 護理機構應依法令規定或依主管機
關之通知，提出報告，並接受主管機關對其人員配置、設
備、收費、作業、衛生、安全、紀錄等之檢查及資料蒐集 
。 
三、爰地方主管機關辦理之督導考核作業，係按上開規定針對
所轄護理機構進行查核，該等機構亦應接受主管機關之檢
查。至護理機構變更負責人是否可免予參與當年度地方衛
生局督考，基於護理機構管理之責，請貴局落實辦理相關
作業。",https://drive.google.com/file/d/1IEo7JO0CoxnfXCeiRm87BLzYfexqwZH7/view?usp=drivesdk,,
interp-0322,護理人員法解釋彙編,第 23-1 條,〔釋例類別〕 第 5 類 違規開業之懲處,104.4.1,2015-04-01,衛部照字第1040006456號,有關貴學會申請課予義務函釋「督導考核與評鑑結果不得,239,241,252,254,護理人員、護理機構、開業、評鑑、督導考核、停業,彙編節錄,108年彙編多數未保留正本、副本或署名欄；本筆已依下一封函或下一條文邊界切分。,"104.4.1 衛部照字第1040006456 號函 
主旨：有關貴學會申請課予義務函釋「督導考核與評鑑結果不得
違反護理人員法第 16 條、第 17 條設置標準」、「護理之
家督導考核與評鑑有何立法與實施差異」及「護理機構督
導考核與評鑑之停業撤照法律不得溯及既往」等案，本部
回復意見如說明，請查照。 
說明： 
一、復 貴會 104 年 3 月 5 日衛護督評違字第 1040305002 號函
及 104 年 3 月 4 日護鑑廢字第 1040304002 號函。 
二、旨案貴學會針對護理人員法修正公布後之相關疑義，本部
回復說明如下： 
(一)依據護理人員法第23 條之 1 第 1 項規定，中央主管機關
應辦理護理機構評鑑，地方主管機關定期辦理督導考核，
同法第 23 條之 2 第 2 項規定，護理機構於評鑑合格效期
內，如有違法情事，經限期改善，屆期未改善者得調降其
評鑑合格格類別或廢止評鑑合格資格；又，同法第 31 條
之 2 規定，護理機構接受評鑑，經評鑑不合格者之處分。
同法施行細則第 17 條規定，直轄市或縣(市)主管機關應
訂定計畫實施，每年至少辦理1 次護理機構業務督導考核
。 (二)護理機構設置，依護理人員法第16 條辦理，該條文亦
授權中央主管機關訂定相關子法(護理機構設置或擴
充許可辦法及護理機構分類設置標準)， 爰主管機關據
此作為機構申准設立之依據。機構如違反設置標準， 
則依護理人員法第 31 條之 1 規定處分。 
(三)然，護理機構之管理，依護理人員法規定，由中央主
管機關辦理評鑑，地方主管機關辦理督導考核，該法
第23 條之2 第3 項亦授權中央主管機關訂定評鑑辦法
， 該法施行細則第17 條則規定地方主管機關應訂定督
導考核計畫實施。又，護理機構應依法令規定或依主
管機關之通知，配合相關檢查及資料蒐集等。評鑑結
果如不合格者 ， 逕依護理人員法第31 條之 2 規定進行
處分。此外，基於護理機構管理之責及減少機構同一
年度同時接受評鑑與督導考核之負擔，並減少機構準
備程序及公文書作業，地方主管機關辦理督考得結合
本部之評鑑工作共同辦理。 
(四)承上，護理機構申准設立，依照護理人員法等相關規
定許可設置，其設立之標準則依護理機構分類設置標
準配置；然護理機構評鑑及督導考核，旨為提升護理
機構照護品質，以保障入住民眾之權益，故機構之申
准設立及接受評鑑及督導考核，各依法辦理，互不扞
格；且如有違反設置標準或評鑑不合格者，亦需依法 
辦理相關處分。 
(五)有關護理機構評鑑不得溯及既往或信賴保護原則，護
理人員法所規定之評鑑等事項，乃指新法公告後所辦
理之訪查等事項，惟如有違反本法或依本法所發布之 
命令者，仍得依法處分。",https://drive.google.com/file/d/1IEo7JO0CoxnfXCeiRm87BLzYfexqwZH7/view?usp=drivesdk,,
interp-0323,護理人員法解釋彙編,第 24 條,〔釋例類別〕 第 5 類 違規開業之懲處,103.7.28,2014-07-28,衛部照字第1031500136號,所詢護理之家是否有護理人員應固定時間巡房之規定一案,241,242,254,255,護理人員、護理之家、醫療輔助、開業,彙編節錄,108年彙編多數未保留正本、副本或署名欄；本筆已依下一封函或下一條文邊界切分。,"103.7.28 衛部照字第1031500136 號函 
主旨：所詢護理之家是否有護理人員應固定時間巡房之規定一案 
，復如說明段，請查照。 
說明： 
一、復 貴署 103 年 7 月 17 日北檢治崑 103 相 247 字第 48475
號函。 
二、查護理人員法係規範護理人員執業條件、業務範疇及護理
機構設置管理規定，依護理人員法第 15 條規定，護理機
構之服務對象包含罹患慢性病需長期護理之病人及出院
後需繼續護理之病人等。同法第 24 條規定護理人員業務 ，包含健康問題之護理評估、預防保健之護理措施、護理
指導及諮詢、醫療輔助行為，前項醫療輔助行為應在醫師
之指示下行之。 
三、承上，有關護理之家之護理人員是否應固定時間巡房，除 
護理人員執行業務應善盡必要之注意義務之外，並應視住
民病況及照護需求認定，其事涉照護品質，非屬護理人員
法之規定範疇。 
四、檢附護理人員法全文 1 份。 
〔釋例類別〕 第 1 類 醫療輔助行為之範圍",https://drive.google.com/file/d/1IEo7JO0CoxnfXCeiRm87BLzYfexqwZH7/view?usp=drivesdk,,
interp-0324,護理人員法解釋彙編,第 24 條,〔釋例類別〕 第 1 類 醫療輔助行為之範圍,82.6.29,1993-06-29,衛署醫字第8246034號,公告護理人員法第 24 條第 1 項第 4 款所稱醫療輔助行為,242,243,255,256,護理人員、醫療輔助,彙編節錄,108年彙編多數未保留正本、副本或署名欄；本筆已依下一封函或下一條文邊界切分。,"82.6.29.衛署醫字第8246034 號公告 
主旨：公告護理人員法第 24 條第 1 項第 4 款所稱醫療輔助行為
之範圍及其相關事項。 
說明：
一、護理人員法第 24 條第 1 項第 4 款所稱醫療輔助行為，其
範圍如左： 
(1)侵入性檢查之護理。 
(2)侵入性治療、處置之護理。 
(3)各項手術全程護理。 
(4)分娩全程護理。 
(5)放射線檢查、治療之護理。 
(6)化學治療之護理。 
(7)氧氣療法、光線療法之護理。 
(8)恢復室，加護病房(含精神科保護室)、洗腎室、急診 
室病人全程護理。 
(9)住院病人、暫留病人口服藥物之投與。 
(10)生命徵象監視儀器之監測。 
(11)住院病人生命徵象之測量與評估。 
(12)其他經中央衛生主管機關認定之醫療輔助行為。 
二、護理人員除執行前項醫療輔助行為外，對於住院病人仍應 依病人病情需要，提供適當之護理服務，或指導其他人員
提供適當之服務。 
（註：本函釋業經 90.3.12.衛署醫字 0900017655 號公告修訂，請參
閱 P.244）",https://drive.google.com/file/d/1IEo7JO0CoxnfXCeiRm87BLzYfexqwZH7/view?usp=drivesdk,,
interp-0325,護理人員法解釋彙編,第 24 條,〔釋例類別〕 第 1 類 醫療輔助行為之範圍,82.9.3,1993-09-03,衛署醫字第8255075號,護理人員法第 24 條第 1 項第 4 款所稱醫療輔助行為，係,243,243,256,256,護理人員、醫療輔助,彙編節錄,108年彙編多數未保留正本、副本或署名欄；本筆已依下一封函或下一條文邊界切分。,"82.9.3.衛署醫字第8255075 號函 
主旨：護理人員法第 24 條第 1 項第 4 款所稱醫療輔助行為，係
屬醫療業務範圍，如未依同條第 2 項規定，在醫師指示下
行之 ， 即不符醫師法第28 條第 1 項但書第 2 款之條件 ， 自
屬構成違反醫師法第 28 條第 1 項本文之規定 ， 復請 查照
。 
說明：復 貴處 82 年 8 月 7 日 82 衛五字第066704 號函。",https://drive.google.com/file/d/1IEo7JO0CoxnfXCeiRm87BLzYfexqwZH7/view?usp=drivesdk,,
interp-0326,護理人員法解釋彙編,第 24 條,〔釋例類別〕 第 1 類 醫療輔助行為之範圍,85.12.31,1996-12-31,衛署醫字第85072934號,85.12.31.衛署醫字第85072934 號函,243,243,256,256,護理人員、醫療輔助、病歷、麻醉,彙編節錄,108年彙編多數未保留正本、副本或署名欄；本筆已依下一封函或下一條文邊界切分。,"85.12.31.衛署醫字第85072934 號函 
一、台端85 年 12 月 9 日函詢護理人員服務於醫療機構，於何
種情況下視為違反醫師法乙案，收悉。 
二、按醫療工作之診斷、處方、手術、病歷記載、施行麻醉等
醫療行為，應由醫師親自執行，其餘醫療工作得在醫師親
自指導下，由輔助人員為之，但該行為所產生之責任應由
指導醫師負責。醫院、診所輔助人員縱於醫師在場指導下
，執行應由醫師親自執行之醫療行為，仍屬擅自執行醫療
業務。 
三、另護理人員之業務及其從事醫療輔助行為之範圍，已有明
文規定。檢附護理人員法及其相關法規暨本署 82 年 6 月
29 日衛署醫字第 8246034 號公告影本各乙份供參。 
四、復請 查照。",https://drive.google.com/file/d/1IEo7JO0CoxnfXCeiRm87BLzYfexqwZH7/view?usp=drivesdk,,
interp-0327,護理人員法解釋彙編,第 24 條,〔釋例類別〕 第 1 類 醫療輔助行為之範圍,87.12.28,1998-12-28,衛署醫字第87072102號,承詢「對到診病人做檢傷分類」需否具備醫師資格？是否,243,244,256,257,護理人員、醫療輔助、評鑑,彙編節錄,108年彙編多數未保留正本、副本或署名欄；本筆已依下一封函或下一條文邊界切分。,"87.12.28.衛署醫字第87072102 號函 
主旨：承詢「對到診病人做檢傷分類」需否具備醫師資格？是否
屬醫療行為乙案，復請 查照。 
說明： 一、復 貴院87 年12 月3 日中分信刑志決字第19130 號函。 
二、查依本署「醫院評鑑及教學醫院評鑑標準─醫院急診部門
評鑑標準」 規定 ； 病人到診時應由醫護人員先做檢傷分類(
如附件)， 爰此具備醫師或護理人員資格者 ， 均可執行病患
檢傷分類。",https://drive.google.com/file/d/1IEo7JO0CoxnfXCeiRm87BLzYfexqwZH7/view?usp=drivesdk,,
interp-0328,護理人員法解釋彙編,第 24 條,〔釋例類別〕 第 1 類 醫療輔助行為之範圍,90.3.12,2001-03-12,衛署醫字第0900017655號,修訂護理人員法第 24 條第 1 項第 4 款所稱醫療輔助行為,244,244,257,257,護理人員、醫療輔助,彙編節錄,108年彙編多數未保留正本、副本或署名欄；本筆已依下一封函或下一條文邊界切分。,"90.3.12.衛署醫字第 0900017655 號公告 
主旨：修訂護理人員法第 24 條第 1 項第 4 款所稱醫療輔助行為
之範圍。 
公告事項： 
一、護理人員法第 24 條第 1 項第 4 款所稱醫療輔助行為之範
圍，前經本署 82 年 6 月 29 日衛署醫字第 8246034 號公告
在案。 
二、前項公告醫療輔助行為之範圍，修訂如下： 
(1)輔助施行侵入性檢查。 
(2)輔助施行侵入性治療、處置。 
(3)輔助各項手術。 
(4)輔助分娩。 
(5)輔助施行放射線檢查、治療。 
(6)輔助施行化學治療。 
(7)輔助施行氧氣療法(含吸入療法)、光線療法。 
(8)輔助藥物之投與。 
(9)輔助心理、行為相關治療。 
(10)病人生命徵象之監測與評估。 
(11)其他經中央衛生主管機關認定之醫療輔助行為。 
三、護理人員除執行前項醫療輔助行為外，對於住院病人仍應
依病人病情需要，提供適當之護理服務。",https://drive.google.com/file/d/1IEo7JO0CoxnfXCeiRm87BLzYfexqwZH7/view?usp=drivesdk,,
interp-0329,護理人員法解釋彙編,第 24 條,〔釋例類別〕 第 1 類 醫療輔助行為之範圍,91.8.27,2002-08-27,衛署醫字第0910047110號,有關精神科「會談治療」是否屬於應由醫師親自執行之醫,244,245,257,258,護理人員、醫療輔助、病歷、麻醉,彙編節錄,108年彙編多數未保留正本、副本或署名欄；本筆已依下一封函或下一條文邊界切分。,"91.8.27.衛署醫字第0910047110 號函 
主旨：有關精神科「會談治療」是否屬於應由醫師親自執行之醫
療行為乙案，復請 查照。 說明： 
一、復 貴局 91 年 7 月 25 日健保醫字第 0910014320 號函。 
二、按醫師法第 28 條所稱「醫療業務」行為，係指凡以治療
、矯正或預防人體疾病、傷害殘缺或保健為直接目的，所
為的診察、診斷及治療，或基於診察、診斷結果，以治療
為目的，所為的處方、用藥、施術或處置等行為的全部或
一部的總稱。又醫療工作之診斷、處方、手術、病歷記載
、施行麻醉等醫療行為應由醫師親自執行，其餘醫療工作
得在醫師指示下，由具醫事人員資格者為之，前經本署 90
年 4 月 27 日衛署醫字第 0900022159 號函釋在案。",https://drive.google.com/file/d/1IEo7JO0CoxnfXCeiRm87BLzYfexqwZH7/view?usp=drivesdk,,
interp-0330,護理人員法解釋彙編,第 24 條,〔釋例類別〕 第 1 類 醫療輔助行為之範圍,96.6.20,2007-06-20,衛署照字第0962801033號,有關專科護理師執業範圍，請參照下列說明段辦理，請,245,246,258,259,護理人員、護理師、專科護理師、醫療輔助,彙編節錄,108年彙編多數未保留正本、副本或署名欄；本筆已依下一封函或下一條文邊界切分。,"96.6.20.衛署照字第0962801033 號函 
主旨：有關專科護理師執業範圍，請參照下列說明段辦理，請 
查照。 
說明： 
一、依據96 年 5 月 16 日本署專科護理師臨床執業範疇相關事
宜第 3 次會議決議事項辦理。 
二、專科護理師執業範圍： 
(一)住院病人身體理學檢查之初步評估及病情詢問。 
(二)記錄住院病人病情及各項檢查、檢驗結果。 
(三)處理住院病人及其家屬醫療諮詢及病情說明。 
(四)在醫囑或醫師指示下，得開立檢驗、檢查申請單，但 
該檢驗、檢查申請單需註明指示醫師之姓名及時間， 
該指示醫師並應於 24 小時內，依醫師法及醫療法之 
相關規定，親自補開立檢驗、檢查單。 
(五)在醫囑或醫師指示下，得開立領藥單，但該領藥單上 
需註明指示醫師之姓名及時間 ， 該指示醫師並應於24 
小時內，依醫師法及醫療法之相關規定，親自補開立 
處方箋。 
(六)其他經中央衛生主管機關認定宜由專科護理師執行 
之醫療輔助行為。 上述執業內容 ， 應在醫院成立專科護理師執業委員會制定
Clinical nursing guideline 或 Clinical nursing 
pathway 後執行。",https://drive.google.com/file/d/1IEo7JO0CoxnfXCeiRm87BLzYfexqwZH7/view?usp=drivesdk,,
interp-0331,護理人員法解釋彙編,第 24 條,〔釋例類別〕 第 1 類 醫療輔助行為之範圍,96.8.2,2007-08-02,衛署照字第0962801382號,所詢專科護理師執業範圍中，有關「記錄住院病人病情及,246,246,259,259,護理人員、護理師、專科護理師、醫療輔助、病歷,彙編節錄,108年彙編多數未保留正本、副本或署名欄；本筆已依下一封函或下一條文邊界切分。,"96.8.2.衛署照字第0962801382 號函 
主旨：所詢專科護理師執業範圍中，有關「記錄住院病人病情及
各項檢查、檢驗結果」，是否可記錄於病歷之病程紀錄（
progress note）乙案，復請 查照。 
說明： 
一、復 貴局 96 年 7 月 11 日衛醫字第 0960027976 號函。 
二、按護理人員執行業務應製作紀錄，為護理人員法第 25 條
第 1 項所明定 。 另依醫療法第67 條第 1 項及第 2 項規定：
「醫療機構應建立清晰、詳實、完整之病歷。前項所稱病
歷，包括下列各款之資料：(一)醫師依醫師法執行業務所
製作之病歷。(二)各項檢查、檢驗報告資料。(三)其他各
類醫事人員執行業務所製作之紀錄。」同法第 68 條第 1
項及第 2 項規定：「醫療機構應督導其所屬醫事人員於執
行業務時，親自記載病歷或製作紀錄，並簽名或蓋章及加
註執行年、月、日。前項病歷或紀錄如有增刪，應於增刪
處簽名或蓋章及註明年、月、日；刪改部分，應以畫線去
除，不得塗燬。」先予敘明。 
三、至專科護理師執業過程之紀錄，可否直接書寫於醫師專用
之病程紀錄（ progress note ）上一節，按病程紀錄（
progress note） 係病人於住院中，醫事人員觀察病情發展
及進行各種診斷、治療相關流程與結果之紀錄，法無明文
規定屬某類醫事人員之紀載，惟該紀錄之製作，仍應依前
揭規定辦理。",https://drive.google.com/file/d/1IEo7JO0CoxnfXCeiRm87BLzYfexqwZH7/view?usp=drivesdk,,
interp-0332,護理人員法解釋彙編,第 24 條,〔釋例類別〕 第 1 類 醫療輔助行為之範圍,100.11.3,2011-11-03,衛署照字第1002863075號,貴院擬請本署同意專科護理師執行腹水抽吸工作案，復如,246,247,259,260,護理人員、護理師、專科護理師、醫療輔助、麻醉,彙編節錄,108年彙編多數未保留正本、副本或署名欄；本筆已依下一封函或下一條文邊界切分。,"100.11.3 衛署照字第1002863075 號函 
主旨：貴院擬請本署同意專科護理師執行腹水抽吸工作案，復如
說明段，請查照。 說明： 
一、復 貴院 100 年 9 月 19 日(100)和院護字第0424 號函。 
二、按醫療工作之診斷、處方、手術、施行麻醉之醫療行為，
應由醫師親自執行，其餘行為得在醫師就特定病人診察後
，由各該醫事人員本其專門職業法規所規定之業務，依醫
師法第 28 條第 2 款之規定意旨 ， 依照醫囑執行之 ， 不限於
醫師親自在場指示或目視所及範圍以內，但該行為所產生
責任應由指示醫師負責。 
三、查「腹水抽吸」係屬侵入性治療、處置；另查「輔助施行
侵入性治療、處置」 ，係屬護理人員法第24 條第 1 項第 4
款所稱醫療輔助行為之範圍，前經本署 90 年 3 月 12 日衛
署醫字第 0900017655 號函釋 （如附件） 在案。爰腹水抽吸
之擷取部位涉及高度之醫療專業判斷及操作之風險，應由
醫師親自執行，專科護理師及護理人員，可提供輔助。",https://drive.google.com/file/d/1IEo7JO0CoxnfXCeiRm87BLzYfexqwZH7/view?usp=drivesdk,,
interp-0333,護理人員法解釋彙編,第 24 條,〔釋例類別〕 第 1 類 醫療輔助行為之範圍,101.3.29,2012-03-29,衛署醫字第1010064877號,所詢醫療機構於開刀房，任用非醫事人員從事非醫療工作,247,248,260,261,護理人員、醫療輔助,彙編節錄,108年彙編多數未保留正本、副本或署名欄；本筆已依下一封函或下一條文邊界切分。,"101.3.29.衛署醫字第1010064877 號函 
主旨：所詢醫療機構於開刀房，任用非醫事人員從事非醫療工作
之適法疑義一案，復請 查照。 
說明： 
一、復 貴局 101 年 3 月 19 日高市衛醫字第 10132643300 號
函。 
二、查醫師法第 28 條所稱「醫療業務」，係指以醫療行為為
職業而言，不問是主要業務或附屬業務，凡職業上予以機
會，為非特定多數人所為之醫療行為均屬之。且醫療業務
之認定，並不以收取報酬為其要件。上揭所稱醫療行為，
係指以治療、矯正或預防人體疾病、傷害、殘缺為目的，
所為之診察、診斷及治療；或基於診察、診斷結果以治療
為目的，所為之處方、用藥、施術或處置等行為的全部或
一部的總稱。 
三、另查，醫療法第 58 條規定：「醫療機構不得置臨床助理
執行醫療業務。」意即臨床助理若執行醫療業務，需具備 有醫事人員資格，始得為之。即未具醫事人員資格不可於
醫療機構，逕自或於醫師指示下從事任何醫療業務，違者
依醫療相關法律規定論處。 
四、至於來函所陳開刀房相關硬體設備、器械之維護、清潔，
及庶務性文書作業等工作之排定，非屬醫療業務，爰執行
者尚無資格之限制。惟查，施行手術醫療過程中，傳遞紗
布予醫師、手術部位標示及病人無菌洞巾之鋪置等措施，
係屬手術連續過程中之一環，應由醫師或護理人員依醫師
指示為之。 
五、綜上，本案所述情事，應以前揭原則認定辦理。",https://drive.google.com/file/d/1IEo7JO0CoxnfXCeiRm87BLzYfexqwZH7/view?usp=drivesdk,,
interp-0334,護理人員法解釋彙編,第 24 條,〔釋例類別〕 第 1 類 醫療輔助行為之範圍,106.11.22,2017-11-22,衛部照字第1069001927號,有關貴局函詢「醫療輔助行為疑義」案，復如說明段，請,248,249,261,262,護理人員、醫療輔助、病歷、麻醉,彙編節錄,108年彙編多數未保留正本、副本或署名欄；本筆已依下一封函或下一條文邊界切分。,"106.11.22 衛部照字第1069001927 號 
主旨：有關貴局函詢「醫療輔助行為疑義」案，復如說明段，請
查照。 
說明： 
一、復貴局 106 年 11 月 14 日中市衛醫字第 1060115687 號函
。 
二、查本部 (前行政院衛生署 )98 年 5 月 7 日衛署醫字第
0980013103 號函，略以：「二、按醫師法第 28 條所稱『
醫療業務』，係凡指以治療、矯正或預防人體疾病、傷害
、殘缺為直接目的，所為之診察、診斷及治療；或基於診
察、診斷結果，以治療為目的，所為之處方、用藥、施術
或處置等行為的全部或一部總稱。是以，醫療工作之診斷
、處方、手術、病歷記載及施行麻醉等醫療行為，係屬醫
療業務之核心，應由醫師親自為之，其餘醫療輔助行為在
醫師就特定病人診察後，由各該醫事人員本其專門職業法
規所規定之業務 ， 依醫師法第28 條第 2 款規定意旨 ， 依照
醫囑執行之，不限於醫師親自在場指示或目視所及範圍以
內。」。 
三、依護理人員法第 24 條規定略以：「護理人員之業務如下
：一、健康問題之護理評估。二、預防保健之護理措施。 三、護理指導及諮詢。 四、醫療輔助行為。前項第四款醫
療輔助行為應在醫師之指示下行之。……。 」 ；次依本部
(前行政院衛生署)101 年 3 月 6 日衛署醫字第 1010063205
號函，略以：「三、…病人矯正器鬆脫掉落時，為病人『
矯正鐵線』、『調整鐵線』、『更換鐵線』之行為，如直
接影響牙齒排列及治療結果之操作行為，應屬醫療行為，
護理人員得依醫師指示協助為之；至於磨刮線頭、剪鐵線
、線頭之行為，未涉及醫療行為。」。 
四、綜上，醫療輔助行為係由護理人員依其專業，於醫師指示
下執行之；至貴局函詢「遞酒精棉、置針盒予執行針灸業
務中之中醫師，及消毒針灸或埋線所使用之醫療器材，是
否屬醫療輔助行為」疑義一節，事涉該行為之操作是否屬
護理人員法定之業務職掌範圍，建請貴局逕依上開原則就
個案事實認定。",https://drive.google.com/file/d/1IEo7JO0CoxnfXCeiRm87BLzYfexqwZH7/view?usp=drivesdk,,
interp-0335,護理人員法解釋彙編,第 24 條,〔釋例類別〕 第 1 類 醫療輔助行為之範圍,105.4.29,2016-04-29,衛部照字第1050111425號,有關貴局函詢○○○君申請設立「○○○整形術後護理中,249,250,262,263,護理人員、護理機構、產後護理、護理之家、醫療輔助,彙編節錄,108年彙編多數未保留正本、副本或署名欄；本筆已依下一封函或下一條文邊界切分。,"105.4.29 衛部照字第1050111425 號 
主旨：有關貴局函詢○○○君申請設立「○○○整形術後護理中
心」其適法性疑義一案，復如說明段，請查照。 
說明： 
一、復貴局105年4月21日北市衛醫護字第10534128601號函。 
二、按護理人員法第24條規定：「護理人員之業務如下：一、
健康問題之護理評估。二、預防保健之護理措施。三、護
理指導及諮詢。四、醫療輔助行為。前項第 4款醫療輔助
行為應在醫師之指示下行之。」；復按依護理機構分類設
置標準第2條規定：「護理機構，分類如下：一、居家護
理機構。二、護理之家。四、產後護理機構。」及同法第
8條規定，護理機構之設置，其設置標準應依「護理機構
設置標準表」設置。又依護理人員法施行細則第9條第1款
規定，護理機構應依護理機構之分類標明其名稱，合先敘
明。 
三、有關所詢申請業務項目為「整形術後護理」，服務對象及 內容係針對乳癌義乳重建、隆乳、抽脂等整形相關乳房術
後按摩，爰該「乳房術後按摩」行為，係為術後併發症之
預防，具醫療效能，仍屬醫療行為管理範疇，故仍應由醫
師或在醫師指示下由相關醫事人員於醫療機構執行之。 
四、綜上，依來文所附何君申請「○○○整形術後護理中心」
之設立許可申請書內容，查其業務項目非屬上開三類之護
理機 構，且機構名稱亦不符護理人員法規定。是以，本
案請貴局依前述規定及原則，本於權責及事實認定。 
（註：本函釋所敍之名字及護理中心之名稱以○○○表示）",https://drive.google.com/file/d/1IEo7JO0CoxnfXCeiRm87BLzYfexqwZH7/view?usp=drivesdk,,
interp-0336,護理人員法解釋彙編,第 24 條,〔釋例類別〕 第 1 類 醫療輔助行為之範圍,105.5.24,2016-05-24,衛部照字第1050012312號,有關○○○「懇請責成臺 北市政府衛生局，依貴部(前行,250,250,263,263,護理人員、護理機構、醫療輔助,彙編節錄,108年彙編多數未保留正本、副本或署名欄；本筆已依下一封函或下一條文邊界切分。,"105.5.24 衛部照字第1050012312 號 
主旨：有關○○○「懇請責成臺 北市政府衛生局，依貴部(前行
政院衛生署)100年9月6日函，協助指導○○學館新辦、或
變更為護理機構」一案，復請查照。 
說明： 
一、復○○○105年5月3日送達存證信函。 
二、有關○○○來函所詢請本部協助旨揭事項，查臺北市政府
衛生局已於 105年5月9日北市衛醫護字第 10552587300號
函復○○○並函示在案。 
三、副本抄送臺北市政府衛生局，如該館對於申請機構立案仍
有疑義，惠請貴局予以充分說明。 
（註：本函釋所敍之名稱以○○○表示）",https://drive.google.com/file/d/1IEo7JO0CoxnfXCeiRm87BLzYfexqwZH7/view?usp=drivesdk,,
interp-0337,護理人員法解釋彙編,第 24 條,〔釋例類別〕 第 1 類 醫療輔助行為之範圍,105.7.21,2016-07-21,衛部照字第1051563463號,所詢有關 ○○○ 公司申請設立護理機構之適法性疑義一,250,251,263,264,護理人員、護理機構、醫療輔助、採血,彙編節錄,108年彙編多數未保留正本、副本或署名欄；本筆已依下一封函或下一條文邊界切分。,"105.7.21 衛部照字第1051563463 號 
主旨：所詢有關 ○○○ 公司申請設立護理機構之適法性疑義一
案，復請查照。 
說明： 
一、依據貴局105年7月11日北市衛醫護字第10535478701號函
暨立法委員黃國書國會辦公室 105年5月13日協調會決議
辦理。 
二、旨案○○○公司申請提供之業務項目為「整形術後護理」 （隆乳按摩、術後按摩、抽脂術後按摩等），前項行為之
認定請參本部 105年4月29日衛部照字第 1050111425號函
辦理。 
（註：本函釋所敍之公司名稱以○○○表示） 
〔釋例類別〕 第 2 類 輔助藥物之投與及採血送檢",https://drive.google.com/file/d/1IEo7JO0CoxnfXCeiRm87BLzYfexqwZH7/view?usp=drivesdk,,
interp-0338,護理人員法解釋彙編,第 24 條,〔釋例類別〕 第 2 類 輔助藥物之投與及採血送檢,87.12.18,1998-12-18,衛署醫字第87068786號,函詢具醫師資格之家屬或安養院人員是否可自行在宅或安,251,251,264,264,護理人員、採血,彙編節錄,108年彙編多數未保留正本、副本或署名欄；本筆已依下一封函或下一條文邊界切分。,"87.12.18.衛署醫字第87068786 號函 
主旨：函詢具醫師資格之家屬或安養院人員是否可自行在宅或安
養院內為糖尿病患施打胰島素乙案，復請 查照。 
說明： 
一、復 貴院 87 年 11 月 19 日院刑來字第 18183 號函。 
二、糖尿病患者經醫師診斷需注射胰島素後，為免病人頻頻往
返於醫療機構接受注射之不便，得經指導使用方式後，交
由病人攜回自行注射。 
三、按為病患施行注射，依護理人員法第 24 條第 2 項規定，
得由護理人員為之。安養院人員若未具護理人員資格，為
病人施行注射 ， 應認屬違反護理人員法第37 條之規定 ； 至
家屬自行為其家人施行注射，非屬執行業務之行為，尚未
違反上開規定。",https://drive.google.com/file/d/1IEo7JO0CoxnfXCeiRm87BLzYfexqwZH7/view?usp=drivesdk,,
interp-0339,護理人員法解釋彙編,第 24 條,〔釋例類別〕 第 2 類 輔助藥物之投與及採血送檢,90.1.5,2001-01-05,衛署醫字第0890032940號,承詢依民國 87 年 7 月間當時有效之法令，不具醫師法第,251,252,264,265,護理人員、醫療輔助、採血,彙編節錄,108年彙編多數未保留正本、副本或署名欄；本筆已依下一封函或下一條文邊界切分。,"90.1.5.衛署醫字第0890032940 號函 
主旨：承詢依民國 87 年 7 月間當時有效之法令，不具醫師法第
28 條第1 項各款及醫療法第9 條第1 項規定之醫事人員資
格者，能否在醫師授意或監督下，進行針劑注射之醫療行
為乙案，復請 查照。 
說明： 
一、復 貴院89 年11 月27 日雲院任刑清決字第11735 號函。 
二、按「注射」係屬護理人員法第 24 條第 1 項第 4 款所稱之
醫療輔助行為，護理人員執行該項業務，依同條第 2 項規
定，應在醫師之指示下行之。未具護理人員資格，在醫師 授意或監督下執行該項護理人員業務，係屬違反護理人員
法第 37 條規定，宜依同條規定處罰。 
三、檢送護理人員法及其相關規定乙份，請參考。",https://drive.google.com/file/d/1IEo7JO0CoxnfXCeiRm87BLzYfexqwZH7/view?usp=drivesdk,,
interp-0340,護理人員法解釋彙編,第 24 條,〔釋例類別〕 第 2 類 輔助藥物之投與及採血送檢,90.3.12,2001-03-12,衛署醫字第0900017656號,有關針灸療法之取針與灸法、耳穴埋豆法、中藥超聲霧吸,252,252,265,265,護理人員、採血,彙編節錄,108年彙編多數未保留正本、副本或署名欄；本筆已依下一封函或下一條文邊界切分。,"90.3.12.衛署醫字第0900017656 號函 
主旨：有關針灸療法之取針與灸法、耳穴埋豆法、中藥超聲霧吸
入法、中藥保留灌腸、坐藥法等行為之輔助施行，係屬醫
療輔助行為 ， 依護理人員法第24 條規定 ， 得由護理人員在
醫師指示下行之，請 查照。 
說明：依據本署護理諮詢委員會第 13 次會議決議辦理。",https://drive.google.com/file/d/1IEo7JO0CoxnfXCeiRm87BLzYfexqwZH7/view?usp=drivesdk,,
interp-0341,護理人員法解釋彙編,第 24 條,〔釋例類別〕 第 2 類 輔助藥物之投與及採血送檢,91.4.18,2002-04-18,衛署醫字第0910018302號,有關貴會建議醫院護士抽血應認屬醫療輔助行為乙案，復,252,252,265,265,護理人員、護士、醫療輔助、採血,彙編節錄,108年彙編多數未保留正本、副本或署名欄；本筆已依下一封函或下一條文邊界切分。,"91.4.18.衛署醫字第0910018302 號函 
主旨：有關貴會建議醫院護士抽血應認屬醫療輔助行為乙案，復
請 查照。 
說明： 
一、依據行政院秘書處 91 年 2 月 27 日臺衛移字第 
0910008325 號移文單轉貴會 91 年 2 月 8 日私地協 91003
號函辦理。 
二、查護理人員法第 24 條規定：「護理人員之業務如左：(1)
健康問題之護理評估。(2)預防保健之護理措施。(3)護理
指導及諮詢 。(4)醫療輔助行為 ， 前項第4 款醫療輔助行為
應在醫師之指示下行之。」。 
三、抽血得由醫事檢驗人員或護理人員依醫師處方或檢驗單為
之 ， 前經本署86 年 3 月 26 日衛署醫字第 86012072 號函釋
在案。本案醫院護理人員至院外為民眾抽血乙節，應依前
開規定辦理。",https://drive.google.com/file/d/1IEo7JO0CoxnfXCeiRm87BLzYfexqwZH7/view?usp=drivesdk,,
interp-0342,護理人員法解釋彙編,第 24 條,〔釋例類別〕 第 2 類 輔助藥物之投與及採血送檢,91.8.22,2002-08-22,衛署醫字第0910051309號,所詢傅○○醫師陳情，有關本署90 年 11 月發行之醫師法,252,253,265,266,護理人員、開業、採血,彙編節錄,108年彙編多數未保留正本、副本或署名欄；本筆已依下一封函或下一條文邊界切分。,"91.8.22.衛署醫字第0910051309 號函 
主旨：所詢傅○○醫師陳情，有關本署90 年 11 月發行之醫師法
解釋彙編第 505、506 頁指出 ： 為病人洗眼睛或上藥膏治療
行為，無須由醫師親自執行，可由「輔助人員」為之，有 關輔助人員可否由眼科醫師診所內未具醫事人員資格之助
理人員擔任，該助手於醫師指示下執行上開行為，是否構
成醫師法第 28 條所稱擅自執行醫療業務乙案 ，復請 查照
。 
說明： 
一、復 貴室 91 年 8 月 9 日苗鴻國字第 0061 號函。 
二、查本署 81 年 1 月 6 日衛署醫字第 1001162 號函釋，稱有
關未具醫事人員資格者，於醫師指示下為病人洗眼睛或上
藥膏之治療行為 ， 尚不構成醫師法第28 條所稱之擅自執行
醫療業務等語 ， 係為闡釋醫師法第28 條之罪之構成要件，
並非規定未具醫事人員資格者，可從事前開業務。 
三、前開業務仍應由護理人員於醫師指示下始得為之，未具護
理人員資格者擅自執行上開業務，應以違反護理人員法第
37 條規定論處。",https://drive.google.com/file/d/1IEo7JO0CoxnfXCeiRm87BLzYfexqwZH7/view?usp=drivesdk,,
interp-0343,護理人員法解釋彙編,第 24 條,〔釋例類別〕 第 2 類 輔助藥物之投與及採血送檢,93.1.30,2004-01-30,衛署醫字第0930001755號,所詢護理人員未經醫師同意，擅自依原處方箋所載以前就,253,254,266,267,護理人員、採血,彙編節錄,108年彙編多數未保留正本、副本或署名欄；本筆已依下一封函或下一條文邊界切分。,"93.1.30.衛署醫字第 0930001755 號書函 
主旨：所詢護理人員未經醫師同意，擅自依原處方箋所載以前就
診所開處方 ， 拿藥予病患 ， 是否構成醫師法第28 條之罪責
乙案，復如說明，請 查照。 
說明： 
一、復 貴院 93 年 1 月 9 日院信刑卯字第 428 號函。 
二、依醫師法第 11 條規定之意旨，醫師對其診治之病人，無
論是否有療效，均應再次對人親自診察，始可再開始方劑
。但對特殊疾病之病人，如長期或慢性病人，醫師依其專
業知識之判斷，確信可以掌握病情再開給相同方劑者，不
在此限。 
三、本案如係醫師未經看診診斷，而指示護理人員依上次看診
結果之處方拿藥 ， 係屬違反前開醫師法第11 條規定 ； 若非
該醫師指示，該護理人員即逕依上次看診結果之處方拿藥
，宜認屬違反同法第 28 條規定。",https://drive.google.com/file/d/1IEo7JO0CoxnfXCeiRm87BLzYfexqwZH7/view?usp=drivesdk,,
interp-0344,護理人員法解釋彙編,第 24 條,〔釋例類別〕 第 2 類 輔助藥物之投與及採血送檢,93.3.15,2004-03-15,衛署醫字第0930004477號,所詢無相關護理證照之診所助理可否從事如外傷處理、打,254,254,267,267,護理人員、採血,彙編節錄,108年彙編多數未保留正本、副本或署名欄；本筆已依下一封函或下一條文邊界切分。,"93.3.15.衛署醫字第 0930004477 號書函 
主旨：所詢無相關護理證照之診所助理可否從事如外傷處理、打
針(含靜脈注射及肌肉注射)及急救等醫療行為乙案，復如
說明，請 查照。 
說明： 
一、復 貴署 93 年1 月30 日北檢茂金 92 偵 17233 字第 4383
號函。 
二、按外傷處理、打針(含靜脈注射及肌肉注射)及急救等係屬
醫療行為，應由醫師或護理人員依醫囑執行之；若係在醫
師指示下，由未具護理人員資格之診所助理依醫囑為之，
應認屬違反護理人員法第 37 條之規定 ； 如係未經醫師指示
， 即擅自執行前述醫療行為 ， 則核屬違反醫師法第28 條之
規定。",https://drive.google.com/file/d/1IEo7JO0CoxnfXCeiRm87BLzYfexqwZH7/view?usp=drivesdk,,
interp-0345,護理人員法解釋彙編,第 24 條,〔釋例類別〕 第 2 類 輔助藥物之投與及採血送檢,93.12.17,2004-12-17,衛署藥字第0930050615號,有關貴部函詢所屬部分矯正機關，因無藥事人員編制，是,254,254,267,267,護理人員、採血,彙編節錄,108年彙編多數未保留正本、副本或署名欄；本筆已依下一封函或下一條文邊界切分。,"93.12.17.衛署藥字第0930050615 號函 
主旨：有關貴部函詢所屬部分矯正機關，因無藥事人員編制，是
否可由護理人員於醫師監督下執行調劑業務乙案，復請 
查照。 
說明： 
一、復 貴部 93 年 11 月 29 日法矯字第 0930904441 號函。 
二、依藥事法第102 條規定，醫師以診療為目的，並具有本法
規定之調劑設備者，得依自開處方，親自為藥品之調劑 (
第 1 項)； 全民健康保險實施二年後 ， 前項規定以在中央或
直轄市衛生主管機關公告無藥事人員執業之偏遠地區或醫
療急迫情形為限（第2 項規定） ，復依同法施行細則第50
條所稱醫療急迫情形，係指醫師於醫療機構為急迫醫療處
置，須立即使用藥品之情況。因此，貴部所屬矯正機關藥
品之使用，仍應符合上開所稱醫療急迫情形，始得由醫師
依自開處方，親自為藥品之調劑。",https://drive.google.com/file/d/1IEo7JO0CoxnfXCeiRm87BLzYfexqwZH7/view?usp=drivesdk,,
interp-0346,護理人員法解釋彙編,第 24 條,〔釋例類別〕 第 2 類 輔助藥物之投與及採血送檢,95.3.16,2006-03-16,衛署藥字第0950009620號,所詢病患領藥相關事宜乙案，復請 查照。,254,255,267,268,護理人員、採血,彙編節錄,108年彙編多數未保留正本、副本或署名欄；本筆已依下一封函或下一條文邊界切分。,"95.3.16.衛署藥字第 0950009620 號函 主旨：所詢病患領藥相關事宜乙案，復請 查照。 
說明： 
一、復 貴會95 年3 月6 日(95)國藥師榮字第950428號函。 
二、依據藥品優良調劑作業準則第3 條所稱調劑，係指藥事人
員自受理處方箋至病患取得藥品間，所為之處方確認、處
方登錄、用藥適當性評估、藥品調配或調製、再次核對、
確認取藥者交付藥品、用藥指導等相關之行為。因此，由
「處方確認」至「用藥指導」過程之行為，皆屬於調劑之
相關行為，應由藥事人員為之。 
三、醫療過程中，領藥者是否須為病患本人乙節，於藥事法中
尚無規範 ， 又依藥品優良調劑作業準則第23 條規定 ， 藥事
人員交付藥品時，應確認所交付之對象為交付處方箋者。
因此，倘由病患同意，由其代理人協助領取藥品，再交由
病患使用，尚無違反藥事相關法規。",https://drive.google.com/file/d/1IEo7JO0CoxnfXCeiRm87BLzYfexqwZH7/view?usp=drivesdk,,
interp-0347,護理人員法解釋彙編,第 24 條,〔釋例類別〕 第 2 類 輔助藥物之投與及採血送檢,95.3.17,2006-03-17,衛署醫字第0950005061號,有關野崎君子文教基金會防癌運動委員會擅自提供醫療服,255,256,268,269,護理人員、醫療輔助、採血,彙編節錄,108年彙編多數未保留正本、副本或署名欄；本筆已依下一封函或下一條文邊界切分。,"95.3.17.衛署醫字第 0950005061 號書函 
主旨：有關野崎君子文教基金會防癌運動委員會擅自提供醫療服
務於民眾一案，所詢衛生人員擅自為民眾採血檢驗，勾選
檢查報告單及向受檢者解說檢查結果，是否涉及醫療診斷
行為及違反醫師法第 28 條等相關規定一節 ， 復請 查照。 
說明： 
一、復 貴局 95 年 1 月 26 日北衛醫字第 0950007377 號函。 
二、查疾病之檢查、診斷與治療屬醫療業務整體連貫作業。抽
血檢驗屬醫療輔助行為，係提供醫師診斷與治療之參考數
據。抽血得由護理人員、醫事檢驗人員依醫師指示為之 ；
檢驗應由醫事檢驗人員依醫師處方或檢驗單為之。 
三、護理人員如未依醫師指示，即擅自執行抽血及檢驗等醫療
業務，並勾選檢查報告單及向受檢者解說檢驗結果，已涉
及醫療專業判斷 ， 應屬醫師法第 28 條所指擅自執行醫療業
務行為。至本案護理人員是否擅自執行醫療業務一節，請
依個案事實認定，如前所述規定辦理。",https://drive.google.com/file/d/1IEo7JO0CoxnfXCeiRm87BLzYfexqwZH7/view?usp=drivesdk,,
interp-0348,護理人員法解釋彙編,第 24 條,〔釋例類別〕 第 2 類 輔助藥物之投與及採血送檢,95.5.10,2006-05-10,衛署藥字第0950016419號,所詢藥品交付之相關疑義案，復請 查照。,256,256,269,269,護理人員、採血,彙編節錄,108年彙編多數未保留正本、副本或署名欄；本筆已依下一封函或下一條文邊界切分。,"95.5.10.衛署藥字第 0950016419 號函 
主旨：所詢藥品交付之相關疑義案，復請 查照。 
說明： 
一、復 貴局 95 年 4 月 19 日健保醫字第 0950059488 號函。 
二、經查醫療過程中，領藥者是否須為病患本人，於藥事法中
尚無規範 ， 又依藥品優良調劑作業準則第23 條規定 ， 藥事
人員交付藥品時，應確認所交付之對象為交付處方箋者。
因此，倘由病患同意，由其代理人協助領取藥品，再交由
病患使用，尚無違反藥事相關法規，本署 95 年 3 月 16 日
衛署藥字第 0950010483 號函釋在案。 
三、本案診所將處方箋傳真藥局，經藥局藥師調劑後，由非藥
事人員將藥品送至診所直接交給病人或交給診所掛號處或
護理人員交予病人乙節，倘該非藥事人員確屬病患之代理
人，由病患之代理人協助領取藥品，再交由病患使用，則
尚無違反藥事相關法規。至於該非藥事人員是否為診所或
藥局所聘請，並經病患同意，抑或是由病患所委請，為病
患之代理人，則藥事相關法規未有明文規範。",https://drive.google.com/file/d/1IEo7JO0CoxnfXCeiRm87BLzYfexqwZH7/view?usp=drivesdk,,
interp-0349,護理人員法解釋彙編,第 24 條,〔釋例類別〕 第 2 類 輔助藥物之投與及採血送檢,96.12.5,2007-12-05,衛署醫字第0960211536號,有關醫療院所之洗腎單位聘用未具護理人員資格者之外籍,256,257,269,270,護理人員、採血,彙編節錄,108年彙編多數未保留正本、副本或署名欄；本筆已依下一封函或下一條文邊界切分。,"96.12.5.衛署醫字第0960211536 號函 
主旨：有關醫療院所之洗腎單位聘用未具護理人員資格者之外籍
人士，依護理人員指示調配洗腎機器之透析藥水 (透析 B
液)， 是否違反護理人員法或藥事法等相關規定一案 ， 復請 
查照。 
說明： 
一、復 貴局 96 年 11 月 2 日北衛醫字第 0960099185 號函。 
二、查洗腎透析液產品係屬藥品。次查藥品調劑為藥師法第15
條所定藥師業務之一，爰此，調配洗腎透析液藥品應由藥
師調劑，至藥品之交付，可由護理人員在醫師指示下交付
病人於機構內使用。本案如由非藥師調劑洗腎透析液藥品
，應已違反藥師法第 15 條規定，可依同法第 24 條規定論
處。是以，本案請依個案事實，依前述原則查明處理。",https://drive.google.com/file/d/1IEo7JO0CoxnfXCeiRm87BLzYfexqwZH7/view?usp=drivesdk,,
interp-0350,護理人員法解釋彙編,第 24 條,〔釋例類別〕 第 2 類 輔助藥物之投與及採血送檢,96.12.21,2007-12-21,衛署醫字第0960067699號,有關在醫師指示下執行點眼藥水之業務，是否屬於醫療輔,257,257,270,270,護理人員、醫療輔助、採血,彙編節錄,108年彙編多數未保留正本、副本或署名欄；本筆已依下一封函或下一條文邊界切分。,"96.12.21.衛署醫字第0960067699 號函 
主旨：有關在醫師指示下執行點眼藥水之業務，是否屬於醫療輔
助行為一案，復請 查照。 
說明： 
一、復 貴局 96 年 12 月 18 日衛醫字第 0960054190 號函。 
二、查為病人點眼藥水，係屬醫療輔助行為。另查「輔助藥物
之投與」 ， 係屬護理人員法第24 條第1 項第 4 款所稱醫療
輔助行為之範疇，前經本署 90 年 3 月 12 日衛署醫字第
0900017655 號函釋在案。是以，護理人員在醫師指示下，
得執行點眼藥水之業務。",https://drive.google.com/file/d/1IEo7JO0CoxnfXCeiRm87BLzYfexqwZH7/view?usp=drivesdk,,
interp-0351,護理人員法解釋彙編,第 24 條,〔釋例類別〕 第 2 類 輔助藥物之投與及採血送檢,97.3.7,2008-03-07,衛署醫字第0970201279號,有關醫療院所之洗腎單位執行洗腎透析藥水(透析 B 液)之,257,257,270,270,護理人員、醫療輔助、採血,彙編節錄,108年彙編多數未保留正本、副本或署名欄；本筆已依下一封函或下一條文邊界切分。,"97.3.7.衛署醫字第0970201279 號函 
主旨：有關醫療院所之洗腎單位執行洗腎透析藥水(透析 B 液)之
調配，如係使用濃縮透析藥粉經透析機混合逆滲透水使用
，是否仍逕予認定為藥師業務疑義一案，復請 查照。 
說明： 
一、復 貴局 97 年 1 月 28 日北衛醫字第 0970006728 號函及
第 0970013508 號函。 
二、查「洗腎透析液產品係屬藥品。次查藥品調劑為藥師法第
15 條所定藥師業務之一，爰此，調配洗腎透析液藥品應由
藥師調劑，至藥品之交付，可由護理人員在醫師指示下交
付病人於機構內使用。」前經本署 96 年 12 月 5 日衛署醫
字第 0960211536 號函釋在案。 
三、另查「輔助藥物之投與」係屬護理人員法第 24 條第 1 項
第 4 款所稱醫療輔助行為之範圍，得由護理人員依醫師指
示為之。是以，調配洗腎透析藥品應由藥師調劑。至將藥
師調劑完成之濃縮透析藥品依規定比例之逆滲透水泡製後
使用，得認屬「輔助藥物之投與」之醫療輔助行為，由護
理人員依醫師指示為之。",https://drive.google.com/file/d/1IEo7JO0CoxnfXCeiRm87BLzYfexqwZH7/view?usp=drivesdk,,
interp-0352,護理人員法解釋彙編,第 24 條,〔釋例類別〕 第 2 類 輔助藥物之投與及採血送檢,97.4.17,2008-04-17,衛署照字第0972801020號,台端針對藥師依專科護理師所開立之領藥單配藥，是否違,257,258,270,271,護理人員、護理師、專科護理師、病歷、採血、麻醉,完整公文格式,來源文字尾端含正本、副本、頁碼或署名等公文結尾資訊。,"97.4.17.衛署照字第0972801020 號函 主旨：台端針對藥師依專科護理師所開立之領藥單配藥，是否違
反藥師法相關規定等疑義案，復請 查照。 
說明： 
一、台端97 年 3 月 27 日就旨揭事項致本署署長信箱，經本署
回復錄案研議後再行回復一節，諒悉。 
二、按醫療工作之診斷、處方、手術、病歷記載、施行麻醉等
醫療行為，應由醫師親自執行，其餘行為得由相關醫事人
員依其各該專門職業法律所規定之業務，依醫囑行之，前
經本署多次函釋在案。 
三、查醫師法第 13 條規定：「醫師處方時，應於處方箋載明
下列事項，並簽名或蓋章：一、醫師姓名。二、病人姓名
、年齡、藥名、劑量、數量、用法及處方年、月、日。」
另查醫療法第 68 條第 3 項規定 ： 「醫囑應於病歷載明或以
書面為之。但情況急迫時，得先以口頭方式為之，並於二
十四小時內完成書面紀錄。」至醫師親自執行醫療業務後
之口頭處方指示，由專科護理師代筆詳實記載，所開立之
領藥單，性質係為記載醫師之口頭處方，以供藥師調劑，
目的在於病患緊急用藥時之權宜措施，為醫療作業實務所
需；事後該指示醫師仍應依前揭醫師法及醫療法之相關規
定，對於前揭口頭處方親自補具處方箋。 
四、是以，依前揭所述，藥師受理醫師口頭處方性質之領藥單
從事調劑業務 ， 續依藥師法第18 條規定 ， 於醫師親自補具
之處方箋上簽名蓋章，尚無抵觸藥師法相關規定。",https://drive.google.com/file/d/1IEo7JO0CoxnfXCeiRm87BLzYfexqwZH7/view?usp=drivesdk,,
interp-0353,護理人員法解釋彙編,第 24 條,〔釋例類別〕 第 2 類 輔助藥物之投與及採血送檢,98.11.30,2009-11-30,衛署醫字第0980032955號,所詢有關醫療相關疑義一案，復請 查照。,258,259,271,272,護理人員、醫療輔助、病歷、採血、麻醉,彙編節錄,108年彙編多數未保留正本、副本或署名欄；本筆已依下一封函或下一條文邊界切分。,"98.11.30.衛署醫字第0980032955 號函 
主旨：所詢有關醫療相關疑義一案，復請 查照。 
說明： 
一、復 台端 98 年 10 月 2 日祐 981002375 號函。 
二、按醫師法第 28 條所稱「醫療業務」，係凡指以治療、矯
正或預防人體疾病、傷害、殘缺為直接目的，所為之診察
、診斷及治療；或基於診察、診斷結果，以治療為目的， 所為之處方、用藥、施術或處置等行為的全部或一部總稱
。是以，醫療工作之診斷、處方、手術、病歷記載及施行
麻醉等醫療行為，係屬醫療業務之核心，應由醫師親自為
之，其餘醫療輔助行為得在醫師就特定病人診察後，由各
該醫事人員本其專門職業法規所規定之業務，依照醫囑執
行之。 
三、復按本署曾於 90 年 3 月 12 日以衛署醫字第 0900017655
號公告修訂護理人員法第24 第1 項第4 款所稱醫療輔助行
為之範圍，如輔助施行侵入性檢查(治療或處置)、輔助各
項手術、輔助分娩及輔助藥物之投與…等在案。 
四、次查，針劑注射(包含針劑之抽取)係屬醫療輔助行為，爰
得在醫師就特定病人診察後，由護理人員依照醫囑執行之
。 
五、是以，本案除依上開原則外，仍尚需視個案事實，始得認
定。",https://drive.google.com/file/d/1IEo7JO0CoxnfXCeiRm87BLzYfexqwZH7/view?usp=drivesdk,,
interp-0354,護理人員法解釋彙編,第 24 條,〔釋例類別〕 第 2 類 輔助藥物之投與及採血送檢,99.6.18,2010-06-18,衛署醫字第0990014627號,所詢有關老人養護機構常備急救藥品及護理人員可否於緊,259,260,272,273,護理人員、護理機構、醫療輔助、病歷、給藥、採血、麻醉,完整公文格式,來源文字尾端含正本、副本、頁碼或署名等公文結尾資訊。,"99.6.18.衛署醫字第0990014627 號函 
主旨：所詢有關老人養護機構常備急救藥品及護理人員可否於緊
急情況下給藥乙案，復請 查照。 
說明： 
一、依據內政部99 年 6 月 7 日內授中社字第 0990715753 號函
辦理 ， 兼復台端99 年 6 月 3 日致內政部部長信箱電子郵件
。 
二、按醫師法第 28 條所稱「醫療業務」行為，係指凡以治療
、矯正或預防人體疾病、傷害、殘缺為直接目的，所為之
診察、診斷及治療；或基於診察、診斷結果，以治療為目
的，所為之處方、用藥、施術或處置等行為的全部或一部
總稱。是以，醫療工作之診斷、處方、手術、病歷記載及
施行麻醉等醫療行為得在醫師就特定病人診察後，由各該
醫事人員本其專門職業法規所規定之業務，依照醫囑執行
之。是以，護理人員於養護機構執行給藥之醫療輔助行為 ，仍應在醫師就特定住民診察後，依其醫囑始得為之。 
三、按醫師法第 11 條規定，醫師非親自診察，不得施行治療
、開給方劑或交付診斷書。但於山地、離島、偏僻地區或
有特殊、急迫情形，為應醫療需要，得由直轄市、縣(市)
主管機關指定之醫師，以通訊方式詢問病情，為之診察，
開給方劑，並囑由衛生醫療機構護理人員、助產人員執行
治療。 
四、次查護理人員法第 20 條明定，護理機構應與鄰近醫院訂
定轉介關係之契約。同法施行細則第 12 條，亦定有本法
第 20 條第 1 項所稱之契約，其內容應包括急救、急診、
轉診及定期出診等事項。爰於護理機構或養護機構內設置
常備急救用藥，主要應係為考量住民如需要緊急救護時，
護理人員可在醫師指示下，及時並適切地提供所需之急救
用藥，以確保住民之生命安全與照護品質。 
五、是以，本案請參酌上開規定及原則辦理。",https://drive.google.com/file/d/1IEo7JO0CoxnfXCeiRm87BLzYfexqwZH7/view?usp=drivesdk,,
interp-0355,護理人員法解釋彙編,第 24 條,〔釋例類別〕 第 2 類 輔助藥物之投與及採血送檢,101.6.28,2012-06-28,衛署照字第1012862926號,有關考量居家照顧服務個案實際需求(尤其是獨居老人)，,260,262,273,275,護理人員、照顧服務員、醫療輔助、採血,參照摘要,彙編中此筆為短摘要或參照其他頁碼，非完整公文全文。,"101.6.28.衛署照字第1012862926 號函 
主旨：有關考量居家照顧服務個案實際需求(尤其是獨居老人)，
貴聯盟建議護理人員專業授權及監督下，放寬照顧服務員
可執行部分技術性護理服務，如注射胰島素、測血糖、甘
油球通便及協助分藥一案，復如說明，請 查照。 
說明： 
一、依據貴聯盟101 年 6 月 18 日電子郵件所送 5 月 18 日修訂
「照顧服務員訓練實施計畫」第一次工作小組會議紀錄辦
理。 
二、按「輔助施行侵入性治療、處置」及「輔助藥物之投與」
屬護理人員法第24 條第1 項第4 款所稱醫療輔助行為之範
疇。爰此，執行胰島素注射、驗血糖、甘油灌腸及藥品之
投與，為醫療輔助行為，由醫師或護理人員依醫囑為之。 
三、有關身心障礙者居家照顧服務，照顧服務員執行排便前置
作 業 乙 案 ， 前 經 本 署101 年 4 月 30 日 衛 署 照 字 第 1012862341 號函有關照顧服務員提供身心障礙者居家照
顧服務，從事個案身體之照顧，使用成藥類別之甘油球浣
腸劑，對個案肛門口週遭糞便所為之簡易、少量甘油灌腸
，以維持個案身體清潔與衛生及增加舒適感，如不涉及醫
療專業判斷及醫療輔助行為，僅係個案身體照顧服務，尚
無不可。 
四、查一般病人經醫師診察後得返家休養，並出具處方胰島素
注射、驗血糖、甘油灌腸及服藥，經指導使用方式後，可
由病人於家中自行施用或由家屬協助，則不受上開限制。
又成藥類別之甘油浣腸劑，係以維持個案身體清潔與衛生
及增加舒適感；使用簡便之攜帶式血糖機驗血糖，係為個
案日常保健參考，如不涉及醫療專業判斷及醫療輔助行為
，僅係個案身體照顧服務，尚無不可。 
五、次查照顧服務員係針對日常生活活動功能或維持獨立自主
生活能力不足，需他人協助者，提供(一)家務及日常生活
照顧服務。(二)身體照顧服務。(三)在護理人員指導下執
行病患照顧之輔助服務。但服務範疇不得涉及醫療及護理
行為。 
六、綜上，依居家照顧服務個案實際需求（尤其是獨居老人）
及服務性質，對於成藥性質之甘油球通便、依照藥袋指示
協助置入藥盒或協助服藥，及使用簡便之攜帶式血糖機驗
血糖，屬日常生活、身體照顧服務，故可由照顧服務員執
行。胰島素注射涉及診斷、治療之醫療業務，宜洽醫療機
構或居家護理機構之護理人員協助服務。但對於「有行為
能力且醫囑可自行施打胰島素者」，此時，照顧服務員依
「個案要求」而「協助施行」胰島素注射，難謂違反現行
護理人員法第 37 條規定 。 至家屬自行為其家人施行前述處
置時，非屬執行業務之行為，尚未違反上開規定。 
（註 ： 本函釋說明三所敘本署101.4.30.衛署照字第1012862341 號函
，請參閱P.399）",https://drive.google.com/file/d/1IEo7JO0CoxnfXCeiRm87BLzYfexqwZH7/view?usp=drivesdk,,
interp-0356,護理人員法解釋彙編,第 24 條,〔釋例類別〕 第 2 類 輔助藥物之投與及採血送檢,102.2.21,2013-02-21,衛署照字第1022860392號,所詢社區糖尿病居民需要協助注射胰島素，居家護理師是,262,262,275,275,護理人員、護理師、居家護理、醫療輔助、給藥、採血,彙編節錄,108年彙編多數未保留正本、副本或署名欄；本筆已依下一封函或下一條文邊界切分。,"102.2.21.衛署照字第1022860392 號函 
主旨：所詢社區糖尿病居民需要協助注射胰島素，居家護理師是
否可依據就診醫院之醫師醫囑給予胰島素注射衍生疑義案
，復請 查照。 
說明： 
一、復 貴校 102 年 1 月 10 日美科大護居字第 1020000242 號
函。 
二、護理人員之業務範圍，依據護理人員法第 24 條，及本署
於90 年3 月12 日以衛署醫字第0900017655 號公告修訂護
理人員法第 24 條第 1 項第 4 款 ， 護理人員執行醫療輔助行
為，應在醫師之指示下行之。 
三、爰此，居家護理所協助服務對象執行各項醫療輔助行為，
應以醫囑為之，其方式可由服務對象提供就診醫院之醫師
所開立或逕由貴所合約醫師提供，並應確保藥品來源、劑
量、途徑、保存情形等。 
四、至於醫院藥袋上之藥物名稱、劑量、途徑、給藥次數，不
得作為醫囑之依據。",https://drive.google.com/file/d/1IEo7JO0CoxnfXCeiRm87BLzYfexqwZH7/view?usp=drivesdk,,
interp-0357,護理人員法解釋彙編,第 24 條,〔釋例類別〕 第 2 類 輔助藥物之投與及採血送檢,103.4.25,2014-04-25,衛部照字第1031560739號,有關 貴局所詢診所醫師診療後由醫師執行打針技術後再,262,263,275,276,護理人員、醫療輔助、採血,彙編節錄,108年彙編多數未保留正本、副本或署名欄；本筆已依下一封函或下一條文邊界切分。,"103.4.25 衛部照字第1031560739 號函 
主旨：有關 貴局所詢診所醫師診療後由醫師執行打針技術後再
由非具護理人員資格之人員執行推藥及拔針行為，是否違
反護理人員法規定一案，詳如說明，請查照。 
說明： 
一、復 貴局 103 年 4 月 1 日衛醫字第 1030007500 號函。 
二 、 查於民國75 年 12 月 26 日修正公布之醫師法 ， 於76 年 12
月 21 日施行(附件 1)， 茲規定醫療機構聘用醫師之輔助人
員資格，現依該法第 28 條但書第 2 款規定，對所謂醫師
之輔助人員，應以具有護理人員、助產人員或其他醫事人
員之資格者為之，合先敍明。 
三、查静脈注射藥物之醫療行為係屬入侵性治療、處置；另查
「輔助施行侵入性治療、處置」，係屬護理人員法第 24 條第 1 項第 4 款所稱醫療輔助行為之範疇 ， 並前經本部90
年 3 月 12 日衛署醫字第 0900017655 號函釋(附件 2)在案
。 
四、是以，所詢非具護理人員資格之人員執行推藥及拔針行為
，若非具前揭醫事人員之資格者，已違反相關規定。",https://drive.google.com/file/d/1IEo7JO0CoxnfXCeiRm87BLzYfexqwZH7/view?usp=drivesdk,,
interp-0358,護理人員法解釋彙編,第 24 條,〔釋例類別〕 第 3 類 輔助傷口照護,106.10.25,2017-10-25,衛部照字第1060132043號,有關貴院函詢「給藥行為是否有違反調劑權」之疑義，復,263,264,276,277,護理人員、醫療輔助、傷口、給藥,彙編節錄,108年彙編多數未保留正本、副本或署名欄；本筆已依下一封函或下一條文邊界切分。,"106.10.25 衛部照字第1060132043 號 
主旨：有關貴院函詢「給藥行為是否有違反調劑權」之疑義，復
如說明段，請查照。 
說明： 
一、復貴院 106 年 10 月 20 日奇柳藥字第 1061001576 號函。 
二、依護理人員法第 24 條規定，略以：「護理人員之業務如
下：一、健康問題之護理評估。二、預防保健之護理措施
。三、護理指導及諮詢。四、醫療輔助行為。前項第四款
醫療輔助行為應在醫師之指示下行之。」。 
三、查本部（前行政院衛生署）98 年 11 月 30 日衛署醫字第 
0980032955 號函，略以：「三、···90 年 3 月 12 日以衛 
署醫字第 0900017655 號公告修訂護理人員法第 24 第 1 項 
第 4 款所稱醫療輔助行為之範圍，如輔施行侵入性檢查( 
治療或處置)、輔助各項手術、輔助分娩及輔助藥物之投 
與…等在案。四、次查，針劑注射(包含針劑之抽取)係屬 
醫療輔助行為，爰得在醫師就特定病人診察後，由護理人 
員依照醫囑執行之。······。」，先予敘明。 
四、承上，貴院函詢「護理人員於病人需用藥時，將藥品針劑 
由瓶中溶解抽出稀釋至點滴後給藥之行為是否有違反調 
劑權之規定」乙節，查該行為係屬護理人員法第 24 條第 
1 項第 4 款醫療輔助行為之範圍，護理人員得依醫囑執行 
行之，並無違反調劑權之疑義。 
〔釋例類別〕 第 3 類 輔助傷口照護",https://drive.google.com/file/d/1IEo7JO0CoxnfXCeiRm87BLzYfexqwZH7/view?usp=drivesdk,,
interp-0359,護理人員法解釋彙編,第 24 條,〔釋例類別〕 第 3 類 輔助傷口照護,89.11.1,2000-11-01,衛署醫字第0890017033號,進行左手腕肌腱瘤手術中，為病患縫合傷口，屬醫療行為,264,264,277,277,護理人員、傷口,彙編節錄,108年彙編多數未保留正本、副本或署名欄；本筆已依下一封函或下一條文邊界切分。,"89.11.1.衛署醫字第0890017033 號函 
主旨：進行左手腕肌腱瘤手術中，為病患縫合傷口，屬醫療行為
，應具醫師資格，始得為之，至於繫止血帶，則屬醫療輔
助行為，得由護理人員依醫師指示行之，復請 查照。 
說明：復 貴署 89 年 9 月 20 日中檢楠謙 89 偵 014753 字第 
63153 號函。",https://drive.google.com/file/d/1IEo7JO0CoxnfXCeiRm87BLzYfexqwZH7/view?usp=drivesdk,,
interp-0360,護理人員法解釋彙編,第 24 條,〔釋例類別〕 第 3 類 輔助傷口照護,89.12.18,2000-12-18,衛署醫字第0890031326號,所詢護理人員在醫師指示下為門診患者拆線及填寫診斷書,264,264,277,277,護理人員、病歷、傷口、麻醉,彙編節錄,108年彙編多數未保留正本、副本或署名欄；本筆已依下一封函或下一條文邊界切分。,"89.12.18.衛署醫字第0890031326 號函 
主旨：所詢護理人員在醫師指示下為門診患者拆線及填寫診斷書
之行為，是否有違反醫療相關法令乙案，復請 查照。 
說明： 
一、復 貴局 89 年 11 月 17 日 89 北衛醫字第75716 號函。 
二、按診斷、處方、手術、病歷記載、施行麻醉等醫療行為，
應由醫師親自執行，其餘醫療行為得在醫師指示下，由輔
助人員為之，但該行為所產生之責任應由指示醫師負責。
拆除縫線係屬手術連續過程之一環，應由醫師親自執行。 
三、至於護理人員依醫囑協助開立診斷證明書，並交由醫師審
核簽章，尚難認有違反醫師法第 28 條規定。 
（註：本函釋說明二後段所敘「拆除縫線係屬手術連續過程之一環， 
應由醫師親自執行」 乙節 ， 業經90.10.16.衛署醫字第090043784 
號函補充解釋。）",https://drive.google.com/file/d/1IEo7JO0CoxnfXCeiRm87BLzYfexqwZH7/view?usp=drivesdk,,
interp-0361,護理人員法解釋彙編,第 24 條,〔釋例類別〕 第 3 類 輔助傷口照護,90.10.16,2001-10-16,衛署醫字第0900043784號,所詢拆除縫線是否為僅醫師始得為之的醫療行為，或護士,264,265,277,278,護理人員、護士、醫療輔助、傷口,彙編節錄,108年彙編多數未保留正本、副本或署名欄；本筆已依下一封函或下一條文邊界切分。,"90.10.16.衛署醫字第0900043784 號函 
主旨：所詢拆除縫線是否為僅醫師始得為之的醫療行為，或護士
得在醫師指示下所為之醫療輔助行為乙案，復請 查照。 
說明： 
一、復 貴局 90 年 7 月 9 日院賓刑毅字第 10973 號函。 
二、按凡以治療、矯正或預防人體疾病、傷害、殘缺或保健為
直接目的，所為的診察、診斷及治療；或基於診察或診斷
結果，以治療為目的，所為的處方、用藥、施術或處置等
行為的全部或一部，總稱為醫療行為。 三、醫療行為可以區分為需由醫師親自執行之醫療行為，及得
由醫療機構輔助人員，在醫師指導下執行之醫療行為。若
係手術後之拆除縫線，因仍有相當程度之危險，宜由醫師
親自為之，但簡易傷口之拆線，如經醫師診察，判斷傷口
癒合情形良好，則可指示護理人員為之。本署 89 年 12 月
18 日衛署醫字第 0890031326 號函說明二後段「拆除縫線
係屬手術連續過程之一環，應由醫師親自執行」，意旨未
明，應予補充。",https://drive.google.com/file/d/1IEo7JO0CoxnfXCeiRm87BLzYfexqwZH7/view?usp=drivesdk,,
interp-0362,護理人員法解釋彙編,第 24 條,〔釋例類別〕 第 3 類 輔助傷口照護,93.8.27,2004-08-27,衛署醫字第0930022696號,93.8.27.衛署醫字第0930022696 號函,265,265,278,278,護理人員、傷口,彙編節錄,108年彙編多數未保留正本、副本或署名欄；本筆已依下一封函或下一條文邊界切分。,"93.8.27.衛署醫字第0930022696 號函 
主旨 ： 貴所函詢侵入性醫療行為相關問題乙案 ， 詳如說明 ，請 查 
照。 
說明： 
一、復 貴所 93 年 4 月 19 日 93 誠文字第9321 號函。 
二、按「侵入性醫療行為」，係指醫療行為步驟中，採用穿刺
（puncture）；或採用皮膚切開術（incision of skin）
；或將器械、外來物置入人體來從事診斷或治療之行為，
均屬之。 
三、處置褥瘡之「清創術」，屬侵入性醫療行為。至其是否應
由醫師親自執行，應由醫師視清創狀況決定，得在醫師指
示下，由護理人員協助為之。",https://drive.google.com/file/d/1IEo7JO0CoxnfXCeiRm87BLzYfexqwZH7/view?usp=drivesdk,,
interp-0363,護理人員法解釋彙編,第 24 條,〔釋例類別〕 第 3 類 輔助傷口照護,94.12.28,2005-12-28,衛署醫字第0940068631號,所詢貴轄財團法人長庚紀念醫院林口分院病患莊○○之護,265,266,278,279,護理人員、醫療輔助、傷口,彙編節錄,108年彙編多數未保留正本、副本或署名欄；本筆已依下一封函或下一條文邊界切分。,"94.12.28.衛署醫字第 0940068631 號書函 
主旨：所詢貴轄財團法人長庚紀念醫院林口分院病患莊○○之護
理紀錄單中記載，關於護理人員監督指導下由菲傭執行換
藥行為是否違反醫護相關法規等情一案，復請 查照。 
說明： 
一、復 貴局94 年12 月8 日桃衛醫字第0940041887號函。 
二、查傷口處置及換藥之醫療行為係屬侵入性治療、處置；另
查「輔助施行侵入性治療、處置」，係屬護理人員法第24
條第 1 項第 4 款所稱醫療輔助行為之範圍，護理人員執行 該項業務，依同法第 2 項規定，應在醫師之指示下行之。
未具護理人員資格者，執行前述護理人員業務，係屬違反
護理人員法第 37 條規定 ， 本人及其雇主各處新臺幣1 萬 5
千元以上 15 萬元以下罰鍰。 
三、至為維持個案身體清潔及衛生以增加舒適感，未具護理人
員資格之看護執行有關褥瘡、氣切造口或癌症腫瘤所引發
之傷口分泌物簡易照顧處理，如不涉及醫療專業判斷及醫
療輔助行為，僅係個案身體照顧服務，尚無不可。是以，
依據所附護理紀錄紀載，本案菲傭執行氣切造口傷口照護
之行為一節，請依個案事實認定，如前所述規定辦理。 
（註：本函釋病患之名字以○○表示）",https://drive.google.com/file/d/1IEo7JO0CoxnfXCeiRm87BLzYfexqwZH7/view?usp=drivesdk,,
interp-0364,護理人員法解釋彙編,第 24 條,〔釋例類別〕 第 3 類 輔助傷口照護,95.1.17,2006-01-17,衛署醫字第0950000308號,所詢貴轄財團法人長庚紀念醫院林口分院病患莊○○之護,266,266,279,279,護理人員、醫療輔助、傷口,彙編節錄,108年彙編多數未保留正本、副本或署名欄；本筆已依下一封函或下一條文邊界切分。,"95.1.17.衛署醫字第0950000308 號函 
主旨：所詢貴轄財團法人長庚紀念醫院林口分院病患莊○○之護
理紀錄單中記錄，於護理人員監督指導下由菲傭執行氣切
管周圍傷口擦藥及更換紗布之行為，是否係屬侵入性之醫
療行為一案，復請 查照。 
說明： 
一、復 貴局 95 年 1 月 2 日桃衛醫字第 0940044943 號函。 
二、查氣切管周圍傷口擦藥及更換紗布之行為，係屬醫療輔助
行為，應由醫師或護理人員依醫囑執行之；若係在醫師指
示下，由未具護理人員資格者之菲傭依醫囑為之，應認屬
違反護理人員法第 37 條之規定 ； 如係未經醫師指示 ， 即擅
自執行前述醫療行為 ， 則核屬違反醫師法第28 條之規定。
本案所述菲傭執行氣切管周圍傷口擦藥及更換紗布等行為
，請依個案事實認定，如前所述規定論處。 
（註：本函釋主旨段所敍病患之名字以○○表示）",https://drive.google.com/file/d/1IEo7JO0CoxnfXCeiRm87BLzYfexqwZH7/view?usp=drivesdk,,
interp-0365,護理人員法解釋彙編,第 24 條,〔釋例類別〕 第 3 類 輔助傷口照護,96.5.31,2007-05-31,衛署醫字第0960023008號,所詢醫師未親自拆線，囑護理人員執行拆線，護理人員又,266,267,279,280,護理人員、傷口,彙編節錄,108年彙編多數未保留正本、副本或署名欄；本筆已依下一封函或下一條文邊界切分。,"96.5.31.衛署醫字第 0960023008 號書函 
主旨：所詢醫師未親自拆線，囑護理人員執行拆線，護理人員又
請未取得證書之護校畢業生在護理人員指導下執行拆線業 務工作，是否違反護理人員法之相關規定一案，復請 查
照。 
說明： 
一、復 貴局96 年5 月28 日高市衛保字第0960018849號函。 
二、查「醫療行為可以區分為需由醫師親自執行之醫療行為，
及得由醫療機構輔助人員，在醫師指導下執行之醫療行為
。若係手術後之拆除縫線，因仍有相當程度之危險，宜由
醫師親自為之，但簡單傷口之拆線，如經醫師診察，判斷
傷口癒合情形良好，則可指示護理人員為之。」前經本署",https://drive.google.com/file/d/1IEo7JO0CoxnfXCeiRm87BLzYfexqwZH7/view?usp=drivesdk,,
interp-0366,護理人員法解釋彙編,第 24 條,〔釋例類別〕 第 3 類 輔助傷口照護,90 年 10 月 16 日,2001-10-16,衛署醫字第0900043784號,90 年 10 月 16 日衛署醫字第 0900043784 號函釋在案，先,267,267,280,280,護理人員、傷口,彙編節錄,108年彙編多數未保留正本、副本或署名欄；本筆已依下一封函或下一條文邊界切分。,"90 年 10 月 16 日衛署醫字第 0900043784 號函釋在案，先
予敘明。 
三、次查，護理人員法第 37 條規定：「未取得護理人員資格
者，執行護理人員業務者，本人及其雇主各處新臺幣 1 萬
5 千元以上 15 萬元以下罰鍰 。 但在護理人員指導下實習之
高級護理職業以上學校之學生或畢業生，不在此限。」是
以，護理學校應屆畢業生或已畢業尚未取得護理人員證書
者，並未具護理人員資格，不得獨立執行護理業務；其若
執行護理業務，應在護理人員指導下為之，而其所為之護
理紀錄，並應經指導護理人員簽名或蓋章，始為合法；未
依前述規定執行護理業務者，則依違反護理人員法第 37
條規定論處。本案請依上揭規定辦理。",https://drive.google.com/file/d/1IEo7JO0CoxnfXCeiRm87BLzYfexqwZH7/view?usp=drivesdk,,
interp-0367,護理人員法解釋彙編,第 24 條,〔釋例類別〕 第 3 類 輔助傷口照護,97.1.25,2008-01-25,衛署照字第0972800485號,貴院所詢專科護理師置放之各類管路及縫合等醫療輔助行,267,267,280,280,護理人員、護理師、專科護理師、醫療輔助、管路、傷口,參照摘要,彙編中此筆為短摘要或參照其他頁碼，非完整公文全文。,"97.1.25.衛署照字第0972800485 號函 
主旨：貴院所詢專科護理師置放之各類管路及縫合等醫療輔助行
為之適法性乙案，復請 查照。 
說明： 
一、本署 97 年 1 月 15 日衛署照字第 0970060170 號函復貴院",https://drive.google.com/file/d/1IEo7JO0CoxnfXCeiRm87BLzYfexqwZH7/view?usp=drivesdk,,
interp-0368,護理人員法解釋彙編,第 24 條,〔釋例類別〕 第 3 類 輔助傷口照護,97 年 1 月 8 日,2008-01-08,校附醫護字第0971580002號,97 年 1 月 8 日校附醫護字第 0971580002 號函計達。,267,268,280,281,護理人員、護理師、專科護理師、管路、傷口、給藥,彙編節錄,108年彙編多數未保留正本、副本或署名欄；本筆已依下一封函或下一條文邊界切分。,"97 年 1 月 8 日校附醫護字第 0971580002 號函計達。 
二、按「侵入性醫療行為」，係指醫療行為步驟中，採用穿刺
（puncture）；或採用皮膚切開術（incision of skin）
；或將器械、外來物置入人體來從事診斷或治療之行為， 均屬之 。 前經本署93 年 8 月 27 日衛署醫字第 0930022696
號函釋在案。爰此，將屬於外來物之 PICC（peripheral 
insert central catheter ）、膀胱造瘻管、腎臟造瘻管
、手術中置放 SSEP 頭針（頭皮內）置入人體，以為引流
、抽吸或給藥等行為，應屬侵入性治療及處置。又前述管
路置入因有相當程度之危險性，宜由醫師親自為之。 
三、次查，傷口縫合為高度專業技術，並具有相當程度之危險
性，係屬手術連續過程之一環，應由醫師親自為之。專科
護理師如執行前揭業務，業已逾越其專業人員法律之規定
。至為死亡病人傷口縫合，非屬執行醫療業務。 
四、 另查 ，Sheath（Angiography，cardiac，IABP）及Pig-tail
（胸、腹部）等管路拔除，仍具有相當程度之危險性，宜
由醫師親自為之。至管路拔除後之皮膚傷口加壓止血，如
經醫師診察、判斷後，得指示專科護理師協助為之。 
五、檢送相關函釋 1 份供參。",https://drive.google.com/file/d/1IEo7JO0CoxnfXCeiRm87BLzYfexqwZH7/view?usp=drivesdk,,
interp-0369,護理人員法解釋彙編,第 24 條,〔釋例類別〕 第 3 類 輔助傷口照護,97.3.4,2008-03-04,衛署醫字第0970006105號,有關 貴院受理 97 年度簡上第 6 號案件所詢事項，復請,268,269,281,282,護理人員、護理師、醫療輔助、病歷、傷口、麻醉,彙編節錄,108年彙編多數未保留正本、副本或署名欄；本筆已依下一封函或下一條文邊界切分。,"97.3.4.衛署醫字第 0970006105 號書函 
主旨：有關 貴院受理 97 年度簡上第 6 號案件所詢事項，復請 
查照。 
說明： 
一、復 貴院 97 年 1 月 31 日桃院永刑明 97 簡上 6 字第
0970003486 號函。 
二、按醫師法第 28 條所稱「醫療業務」行為，係指凡以治療
、矯正或預防人體疾病、傷害、殘缺為直接目的，所為之
診察、診斷及治療；或基於診察、診斷結果，以治療為目
的，所為之處方、用藥、施術或處置等行為的全部或一部
總稱。是以，醫療工作之診斷、處方、手術、病歷記載及
施行麻醉等醫療行為，係屬醫療業務之核心，應由醫師親
自為之，其餘醫療工作得在醫師指示下，由其他醫事人員
依其各專門職業法律規定依醫囑為之。至前揭所稱醫事人
員 ， 依醫療法第10 條第 1 項規定 ， 係指領有中央主管機關 核發之醫師、藥師、護理師……等醫事專門職業證書之人
員，先予敘明。 
三、查「傷口拆除縫線」之醫療輔助行為，係屬手術連續過程
之一環；另查「輔助各項手術」、「輔助施行侵入性治療
、處置」 ，係屬護理人員法第24 條第1 項第 4 款所稱醫療
輔助行為之範圍，前經本署 90 年 3 月 12 日衛署醫字第
0900017655 號函釋在案。次查，「手術後之拆除縫線，因
仍有相當程度之危險，宜由醫師親自為之，但簡易傷口之
拆線，如經醫師診察，判斷傷口癒合情形良好，則可指示
護理人員為之。」前經本署多次函釋在案。是以，「簡易
傷口」是否有相關判定標準，及手掌 4 公分乘 0.5 公分之
刀傷，是否屬「簡易傷口」一節，係屬醫療專業判斷事項
，應由醫師視個案事實認定之。 
四、至為病人縫合傷口為高度醫療專業技術，並具有相當程度
之危險性，係屬手術連續過程之一環，應由醫師親自為之
， 未具醫師資格執行此業務者 ， 應屬違反醫師法第28 條規
定。 
五、另檢送陳○○醫師之醫事人員基本資料 1 份，請參考。 
（註：本函釋當事人之名字以○○表示）",https://drive.google.com/file/d/1IEo7JO0CoxnfXCeiRm87BLzYfexqwZH7/view?usp=drivesdk,,
interp-0370,護理人員法解釋彙編,第 24 條,〔釋例類別〕 第 3 類 輔助傷口照護,104.3.3,2015-03-03,衛部照字第1040004840號,有關 貴署所詢「病患手術後拆線與拆除引流管係由護理,269,271,282,284,護理人員、醫療輔助、傷口、麻醉,彙編節錄,108年彙編多數未保留正本、副本或署名欄；本筆已依下一封函或下一條文邊界切分。,"104.3.3 衛部照字第1040004840 號函 
主旨：有關 貴署所詢「病患手術後拆線與拆除引流管係由護理
人員或醫師為之」案，復如說明，請 查照。 
說明： 
一、復 貴署 104 年2 月9 日雄檢瑞萬103 醫他100 字第14799
號函。 
二、按醫師法第 28 條所稱「醫療業務」行為，係指凡以治療 
、矯正或預防人體疾病、傷害、殘缺為目的，所為的診察
、診斷及治療；或基於診察、診斷結果，以治療為目的，
所為的處方、用藥、施術或處置等行為的全部或一部總稱
。 三、次查，醫療工作之診斷、處方、手術及施行麻醉等醫療行
為，係屬醫療業務之核心，應由醫師親自為之，其餘醫療
行為得在醫師就特定病人診察後，由各該醫事人員本其專
門職業法規所規定之業務,依醫師法第28 條第1 項第2 款
之規定意旨，依照醫囑執行之，不限於醫師親自在場指示
或目視所及範圍以內。 
四、又查，護理人員法第 24 條規定：「護理人員之業務如左
：一、健康問題之護理評估。二、預防保健之護理措施。
三、護理指導及諮詢。四、醫療輔助行為。前項第四款醫
療輔助行為應在醫師之指示下行之」。而上述所稱醫療輔
助行為之範圍包括：輔助施行侵入性檢查；輔助施行侵入
性治療、處置；輔助各項手術；輔助分娩；輔助施行放射
線檢查、治療；輔助施行化學治療；輔助施行氧氣療法 (
含吸入療法)、光線療法；輔助藥物之投與；輔助心理、
行為相關治療；病人生命徵象之監測與評估；其他經中央
主管機關認定之醫療輔助行為，並前經本部 90 年 3 月 12
日衛署醫字第 0900017655 號函示(附件 1)在案。 
五、而對於所詢手術後拆線，依本部(前行政院衛生署)97 年 3
月 4 日衛署醫字第 0970006105 號書函釋略以：「三、查
『傷口拆除縫線』之醫療輔助行為，係屬手術連續過程之
一環；另查『輔助各項手術』、『輔助施行侵入性治療、
處置』，係屬護理人員法第 24 條第 1 項第 4 款所稱醫療
輔助行為之範圍，前經本署 90 年 3 月 12 日衛署醫字第
0900017655 號函釋在案。次查， 『手術後之拆除縫線，因
仍有相當程度之危險，宜由醫師親自為之，但簡易傷口之
拆線，如經醫師診察、判斷傷口癒合情形良好，則可指示
護理人員為之。』前經本署多次函釋在案。……。」 (附
件 2)。而上述所指本署多次函示在案之文係指本部(前行
政院衛生署)90 年10 月16 日衛署醫字第0900043784 號函
有關拆除縫線是否為僅醫師始得為之的醫療行為，或護士
得在醫師指示下所為之醫療輔助行為乙案(附件 3)。 六、至所詢拆除引流管係屬侵入性治療、處置，然因引流管態
樣眾多，而 貴署來函意旨未明，故對於是否應由醫師親
自執行，除依上開原則外，仍尚須視個案事實，始得認定
。 
〔釋例類別〕 第 4 類 輔助管路照護",https://drive.google.com/file/d/1IEo7JO0CoxnfXCeiRm87BLzYfexqwZH7/view?usp=drivesdk,,
interp-0371,護理人員法解釋彙編,第 24 條,〔釋例類別〕 第 4 類 輔助管路照護,90.6.6,2001-06-06,衛署醫字第0900029999號,所詢護理人員法相關規定乙案，復請 查照。,271,271,284,284,護理人員、護理師、管路,彙編節錄,108年彙編多數未保留正本、副本或署名欄；本筆已依下一封函或下一條文邊界切分。,"90.6.6.衛署醫字第0900029999 號函 
主旨：所詢護理人員法相關規定乙案，復請 查照。 
說明： 
一、復台端 90 年 5 月 17 日來函。 
二、按抽痰、氣切管、導尿管或其他插管之護理，為護理人員
之業務；至於協助病患翻身、餵食、大小便處理，則非屬
護理業務，可由不具護理人員資格者為之。 
三、又護理人員法並無限制未領有護理師證書者，不得擔任護
理長。",https://drive.google.com/file/d/1IEo7JO0CoxnfXCeiRm87BLzYfexqwZH7/view?usp=drivesdk,,
interp-0372,護理人員法解釋彙編,第 24 條,〔釋例類別〕 第 4 類 輔助管路照護,90.9.7,2001-09-07,衛署醫字第0900056916號,所詢養護中心之護理人員可否在醫師指示下執行插管病患,271,271,284,284,護理人員、管路,彙編節錄,108年彙編多數未保留正本、副本或署名欄；本筆已依下一封函或下一條文邊界切分。,"90.9.7.衛署醫字第0900056916 號函 
主旨：所詢養護中心之護理人員可否在醫師指示下執行插管病患
照護工作乙案，復請 查照。 
說明： 
一、復 貴中心 90 年 8 月 25 日信函。 
二、查本署88 年 9 月 9 日衛署醫字第 88056482 號函示：對老
人執行插管照護，得由護理人員依醫師指示或醫囑為之。 
三、副本抄送內政部，有關老人養護機構可否收容照護插管老
人，檢附來函影本 1 份，請參處。",https://drive.google.com/file/d/1IEo7JO0CoxnfXCeiRm87BLzYfexqwZH7/view?usp=drivesdk,,
interp-0373,護理人員法解釋彙編,第 24 條,〔釋例類別〕 第 4 類 輔助管路照護,92.12.15,2003-12-15,衛署醫字第0920063011號,所詢導尿行為是否為護理人員法第 24 條第 1 項第 4 款規,271,272,284,285,護理人員、醫療輔助、管路,彙編節錄,108年彙編多數未保留正本、副本或署名欄；本筆已依下一封函或下一條文邊界切分。,"92.12.15.衛署醫字第 0920063011 號書函 
主旨：所詢導尿行為是否為護理人員法第 24 條第 1 項第 4 款規
定之醫療輔助行為，及學校護理人員是否可獨立在學校行
使導尿等情乙案，復如說明，請 查照。 說明： 
一、復 貴局 92 年 11 月 25 日衛醫字第 092303559 號函。 
二、導尿行為係屬醫療輔助行為，依護理人員法第 24 條第 2
項規定，得由護理人員依醫師指示為之。學校護理人員是
否可獨立在學校為個案施予導尿乙節，需依醫師指示，並
視個案情況依醫囑為之。",https://drive.google.com/file/d/1IEo7JO0CoxnfXCeiRm87BLzYfexqwZH7/view?usp=drivesdk,,
interp-0374,護理人員法解釋彙編,第 24 條,〔釋例類別〕 第 4 類 輔助管路照護,93.12.28,2004-12-28,衛署醫字第0930052157號,所詢「鼻胃管置入術」是否為「侵入性治療、處置」？如,272,273,285,286,護理人員、醫療輔助、病歷、管路、給藥、麻醉,彙編節錄,108年彙編多數未保留正本、副本或署名欄；本筆已依下一封函或下一條文邊界切分。,"93.12.28.衛署醫字第 0930052157 號書函 
主旨：所詢「鼻胃管置入術」是否為「侵入性治療、處置」？如
鼻胃管置入術為「侵入性治療、處置」，是否在初次置入
時，及其後因某種理由把鼻胃管全管拔出，重新插鼻胃管
入胃時，都應由醫師指示下，始可由護理人員協助為之等
情乙案，復請 查照。 
說明： 
一、復 台端 93 年 12 月 7 日濟文字第 931207 號函。 
二、按「侵入性醫療行為」，係指醫療行為步驟中，採用穿刺
（puncture）；或採用皮膚切開術（incision of skin）
；或將器械、外來物置入人體來從事診斷或治療之行為，
均屬之 。 前經本署93 年 8 月 27 日衛署醫字第0930022696
號函釋在案。爰此，將屬於外來物之鼻胃管經由病患鼻腔
、咽喉、避開大氣管、深入食道到達患者胃部，以為引流
、抽吸或灌食、給藥之行為，應屬侵入性治療及處置。 
三、次按醫療工作之診斷、處方、手術、病歷記載、施行麻醉
等醫療行為，應由醫師親自執行，其餘行為得由輔助人員
本其專門職業法規所規定之業務，依醫囑行之。查「輔助
施行侵入性治療 、 處置」 係屬護理人員法第24 條第 1 項第
4 款所稱之醫療輔助行為之範圍，前經本署 90 年 3 月 12
日衛署醫字第 0900017655 號函釋在案 。 因鼻胃管初次置入
仍有相當程度之危險性，宜由醫師親自為之；至鼻胃管全
管拔除及需長期鼻胃管留置患者之定期更換，如經醫師診
察、判斷後，得指示護理人員協助為之。",https://drive.google.com/file/d/1IEo7JO0CoxnfXCeiRm87BLzYfexqwZH7/view?usp=drivesdk,,
interp-0375,護理人員法解釋彙編,第 24 條,〔釋例類別〕 第 4 類 輔助管路照護,94.3.4,2005-03-04,衛署醫字第0940005560號,所詢插入胃管、鼻管是否為侵入性的醫療行為？此等醫療,273,274,286,287,護理人員、護理師、護士、醫療輔助、執業登記、病歷、管路、給藥、麻醉,彙編節錄,108年彙編多數未保留正本、副本或署名欄；本筆已依下一封函或下一條文邊界切分。,"94.3.4.衛署醫字第0940005560 號函 
主旨：所詢插入胃管、鼻管是否為侵入性的醫療行為？此等醫療
行為是否須獲醫師之在場指示，方得由護士實施等情一案
，復請 查照。 
說明： 
一、復 貴署 94 年 2 月 2 日雄檢楠調 93 偵 15619 字第 8591
號函。 
二、按「侵入性醫療行為」，係指醫療行為步驟中，採用穿刺
（puncture）；或採用皮膚切開術（incision of skin）
；或將器械、外來物置入人體來從事診斷或治療之行為，
均屬之 。 前經本署93 年 8 月 27 日衛署醫字第0930022696
號函釋在案。爰此，將屬於外來物之鼻胃管經由病患鼻腔
、咽喉、避開大氣管、深入食道到達患者胃部，以為引流
、抽吸或灌食、給藥之行為，應屬侵入性治療及處置。 
三、次按醫療工作之診斷、處方、手術、病歷記載、施行麻醉
等醫療行為，應由醫師親自執行，其餘行為得在醫師就特
定病人診察後，由輔助人員本其專門職業法規所規定之業
務 ， 依醫師法第28 條但書二之規定意旨 ， 依照醫囑執行之
，不限於醫師親自在場指示或目視所及範圍以內。另查「
輔助施行侵入性治療、處置」 係屬護理人員法第24 條第 1
項第 4 款所稱之醫療輔助行為之範圍，前經本署 90 年 3
月 12 日衛署醫字第 0900017655 號函釋在案。 
四、至「該護士是否須領有合格的護士執照？是否須定期接受
檢測或訓練」一節，查護理人員法第 1 條第 1 項規定：「
中華民國人民經護理人員考試及格，並依法領有護理人員
證書者，得充護理人員。」同法第 2 條規定：「本法所稱
護理人員，指護理師及護士。」爰此，領有護理人員證書
，並依法申請執業登記者，始得執行護理業務。惟依同法
第 37 條但書規定 ， 護理人員指導下實習之高級護理職業以
上學校之學生或畢業生，不在此限。又現行護理人員法並
無護理人員應定期接受訓練之規定。 五、檢送護理人員法第 24 條第 1 項第 4 款醫療輔助行為範圍
資料 1 份，請參考。",https://drive.google.com/file/d/1IEo7JO0CoxnfXCeiRm87BLzYfexqwZH7/view?usp=drivesdk,,
interp-0376,護理人員法解釋彙編,第 24 條,〔釋例類別〕 第 4 類 輔助管路照護,94.12.9,2005-12-09,衛署醫字第0940063696號,有關學校護理人員是否可獨立在學校執行導尿之相關疑義,274,275,287,288,護理人員、護理機構、醫療輔助、執業登記、管路,彙編節錄,108年彙編多數未保留正本、副本或署名欄；本筆已依下一封函或下一條文邊界切分。,"94.12.9.衛署醫字第0940063696 號函 
主旨：有關學校護理人員是否可獨立在學校執行導尿之相關疑義
一案，復請 查照。 
說明： 
一、復國立和美實驗學校 94 年 11 月 17 日和實學字第
0940003411 號函兼復中華民國學校護理人員協進會 94 年
11 月 25 日校護協(珍)字第 94084-1 號函。 
二、查「導尿行為係屬醫療輔助行為，依護理人員法第 24 條
第 2 項規定，得由護理人員依醫師指示為之。學校護理人
員是否可獨立在學校為個案施予導尿乙節，需依醫師指示
，並視個案情況依醫囑為之。」前經本署 92 年 12 月 15
日衛署醫字第 0920063011 號書函釋在案。 
三、至依護理人員法第 12 條規定，護理人員執業，應在所在
地主管機關核准登記之醫療機構、護理機構或其他經中央
主管機關認可之機構為之。爰此，護理人員執行護理人員
法第 24 條所規定之業務，非僅限於醫療機構。是以，護理
人員於學校擔任校護工作，並已依護理人員法第 8 條規定
辦理執業登記，其有關執行護理業務及管理，自應依護理
人員法之相關規定辦理。 
四、又查醫師開立定時(間歇性)導尿之長期處方，交由護理人
員執行該業務時，護理人員如確依導尿注意事項執行及善
盡護理人員必要之注意，應無業務過失責任問題。又依醫
師法第 11 條第 1 項規定 ， 醫師對其診治之病人 ， 均應再次
對病人親自診療，始可再開給方劑。是以，有關醫囑有效
期限一節，應由醫師依其專業知識判斷，確信可以掌握病
情，在不違反相關法規下，依個案事實認定，至其醫療責
任仍應由醫師負責。",https://drive.google.com/file/d/1IEo7JO0CoxnfXCeiRm87BLzYfexqwZH7/view?usp=drivesdk,,
interp-0377,護理人員法解釋彙編,第 24 條,〔釋例類別〕 第 4 類 輔助管路照護,94.12.29,2005-12-29,衛署醫字第0940070563號,所詢學校護理人員在學校執行導尿需依醫師指示為之，文,275,275,288,288,護理人員、執業登記、開業、管路,彙編節錄,108年彙編多數未保留正本、副本或署名欄；本筆已依下一封函或下一條文邊界切分。,"94.12.29.衛署醫字第 0940070563 號書函 
主旨：所詢學校護理人員在學校執行導尿需依醫師指示為之，文
中所稱「醫師」係指該校兼任校醫？或教學醫院醫師？或
社區衛生所醫師？亦或所有開業醫師等情一案，復請 查
照。 
說明： 
一、復 貴會94 年12 月19 日校護協(珍)字第94085 號函。 
二、按醫師法第 28 條第 2 款所稱「指示」，係指醫師就特定
病人診察後，得交由護理人員或其他醫事人員，依護理人
員法或其專門職業法律規定執行業務，所為之口頭或書面
醫囑。是以，本案所詢學校護理人員在學校執行導尿需依
醫師指示為之，文中所稱之「醫師」，依前所述，係指已
依醫師法相關規定辦理執業登記，並對個案實際執行醫療
業務而言。",https://drive.google.com/file/d/1IEo7JO0CoxnfXCeiRm87BLzYfexqwZH7/view?usp=drivesdk,,
interp-0378,護理人員法解釋彙編,第 24 條,〔釋例類別〕 第 4 類 輔助管路照護,95.6.12,2006-06-12,衛署醫字第0950210769號,所詢護理機構之護理人員執行更換鼻胃管之疑義一案，復,275,276,288,289,護理人員、護理機構、居家護理、護理之家、醫療輔助、執業登記、病歷、管路、麻醉,彙編節錄,108年彙編多數未保留正本、副本或署名欄；本筆已依下一封函或下一條文邊界切分。,"95.6.12.衛署醫字第0950210769 號函 
主旨：所詢護理機構之護理人員執行更換鼻胃管之疑義一案，復
請 查照。 
說明： 
一、復 貴院 95 年 5 月 5 日雄院隆民禮94 訴 2405 字第22145
號函。 
二、查醫師法第 28 條所稱「指示」，係指醫師就特定病人診
察後，得交由護理人員或其他醫事人員，依護理人員法或
其他專門職業法律規定執行業務，所為之口頭或書面醫囑
，不限於醫師親自在場指示或目視所及範圍以內。是以，
本案所詢護理機構之護理人員執行更換鼻胃管之醫療輔助
行為，需依醫師指示為之，文中所稱之「醫師」，依前所
述，係指已依醫師法相關規定辦理執業登記，並對個案實
際執行醫療業務而言。 
三、按醫療工作之診斷、處方、手術、病歷記載、施行麻醉等
醫療行為，應由醫師親自執行，其餘行為得由相關醫事人 員依其專門職業法律所規定之業務，依醫囑行之。查鼻胃
管置入係屬侵入性治療、處置；另查「輔助施行侵入性治
療 、 處置」 係屬護理人員法第24 條第1 項第 4 款所稱醫療
輔助行為之範圍。因鼻胃管初次置入仍有相當程度之危險
性，宜由醫師親自為之；至鼻胃管全管拔除及需長期鼻胃
管留置患者之定期更換，如經醫師診察、判斷後，得指示
護理人員協助為之。至受照護者之鼻胃管因故發生阻塞、
滑脫或易位等情形，導致無法執行應有之功能，甚至引發
呼吸道症狀時，護理人員應依護理專業施予必要之緊急處
置後，依醫囑執行後續醫療處置事宜。 
四、至「護理之家」、「居家護理」該兩業務項目之差異為何
一節 ， 依護理人員法第15 條規定 ， 護理之家及居家護理機
構，皆係以罹患慢性病需長期護理之病人及出院後需繼續
護理之病人為服務對象，惟護理之家之服務對象係該機構
之住民，尚包括生活起居之基本照護，如準備飲食、清洗
衣物及個案身體清潔等，而居家護理服務之對象，則係居
家個案之護理服務。",https://drive.google.com/file/d/1IEo7JO0CoxnfXCeiRm87BLzYfexqwZH7/view?usp=drivesdk,,
interp-0379,護理人員法解釋彙編,第 24 條,〔釋例類別〕 第 4 類 輔助管路照護,96.4.24,2007-04-24,衛署醫字第0960016845號,有關所詢安養機構外籍勞工，對有氣切造口之安養院民從,276,277,289,290,護理人員、醫療輔助、病歷、管路、傷口、麻醉,彙編節錄,108年彙編多數未保留正本、副本或署名欄；本筆已依下一封函或下一條文邊界切分。,"96.4.24.衛署醫字第 0960016845 號書函 
主旨：有關所詢安養機構外籍勞工，對有氣切造口之安養院民從
事抽痰工作是否合法一案，復請 查照。 
說明： 
一、復 貴辦公室 96 年 4 月 11 日天主教竹越字第0960139 號
函。 
二、按醫療業務係指以醫療行為為職業而言。不問是主要業務
或附屬業務，凡職業上予以機會，為非特定多數人之醫療
行為均屬之。且醫療業務之認定，並不以收取報酬為其要
件。前揭所稱醫療行為係指凡以治療、矯正或預防人體疾
病、傷害、殘缺為目的，所為的診察、診斷及治療；或基
於診察、診斷結果，以治療為目的，所為的處方、用藥、
施術或處置等行為的全部或一部的總稱。又醫療工作之診 斷、處方、手術、病歷記載、施行麻醉等醫療行為，應由
醫師親自執行，其餘行為得由相關醫事人員依其各該專門
職業法律之規定，依醫師指示行之，先予敘明。 
三、查抽痰係屬侵入性治療、處置之醫療輔助行為；另查「輔
助施行侵入性治療、處置」係屬護理人員法第 24 條第 1
項第 4 款所稱醫療輔助行為之範圍，護理人員執行該項業
務，依同法第 2 項規定，應在醫師指示下行之。爰此，未
具護理人員資格者，執行前述護理人員業務，係屬違反護
理人員法第 37 條規定，本人及其雇主各處新臺幣 1 萬 5
千元以上 15 萬元以下罰鍰。 
四、至為維持個案身體清潔及衛生以增加舒適感，由未具護理
人員資格之外籍勞工或看護執行有關氣切造口所引發之
傷口分泌物簡易照顧處理，如不涉及醫療專業判斷及醫療
輔助行為，僅係個案身體照顧服務，尚無不可。是以，本
案須視個案事實，依前所述規定辦理。",https://drive.google.com/file/d/1IEo7JO0CoxnfXCeiRm87BLzYfexqwZH7/view?usp=drivesdk,,
interp-0380,護理人員法解釋彙編,第 24 條,〔釋例類別〕 第 4 類 輔助管路照護,96.5.11,2007-05-11,衛署醫字第0960019797號,有關安養機構為住民執行更換鼻胃管、導尿管等侵入性行,277,278,290,291,護理人員、醫療輔助、病歷、管路、麻醉,彙編節錄,108年彙編多數未保留正本、副本或署名欄；本筆已依下一封函或下一條文邊界切分。,"96.5.11.衛署醫字第 0960019797 號書函 
主旨：有關安養機構為住民執行更換鼻胃管、導尿管等侵入性行
為疑義一案，復請 查照。 
說明： 
一、復 台端 96 年 4 月 30 日陳情書。 
二、按醫療工作之診斷、處方、手術、病歷記載、施行麻醉等
醫療行為，應由醫師親自執行，其餘行為得在醫師就特定
病人診察後，由各該醫事人員本其專門職業法規所規定之
業務 ， 依醫師法第28 條第 2 款所定於醫師指示下之行為，
不限於醫師親自在場指示或目視所及範圍以內。 
三、查更換鼻胃管、導尿管係屬侵入性治療、處置之醫療輔助
行為；另查「輔助施行侵入性治療、處置」係屬護理人員
法第 24 條第 1 項第 4 款所稱醫療輔助行為之範圍 。 是以，
有關長期鼻胃管留置及長期導尿管留置患者之定期更換，
經醫師診察、判斷後，得指示護理人員協助為之。",https://drive.google.com/file/d/1IEo7JO0CoxnfXCeiRm87BLzYfexqwZH7/view?usp=drivesdk,,
interp-0381,護理人員法解釋彙編,第 24 條,〔釋例類別〕 第 4 類 輔助管路照護,96.5.22,2007-05-22,衛署醫字第0960020317號,所詢護理師執行護理業務之相關疑義一案，復請 查照。,278,279,291,292,護理人員、護理師、護士、醫療輔助、執業登記、病歷、管路、麻醉,彙編節錄,108年彙編多數未保留正本、副本或署名欄；本筆已依下一封函或下一條文邊界切分。,"96.5.22.衛署醫字第0960020317 號函 
主旨：所詢護理師執行護理業務之相關疑義一案，復請 查照。 
說明： 
一、復 貴院 96 年 5 月 4 日高行獻紀丁 96 訴 00153 字第
0960003316 號函。 
二、查護理人員係屬專門職業資格。依護理人員法第 1 條第 1
項規定：「中華民國人民經護理人員考試及格，並依法領
有護理人員證書者，得充護理人員。」同法第 2 條規定：
「本法所稱護理人員，指護理師及護士。」爰此，領有護
理人員證書，並依法申請執業登記者，始得執行護理業務
；至未具護理人員資格，執行護理人員業務者，依同法第
37 條規定，本人及其雇主各處新臺幣 1 萬 5 千元以上 15
萬元以下罰鍰 ， 惟依同法第37 條但書規定 ， 護理人員指導
下實習之高級護理職業以上學校之學生或畢業生，不在此
限。先予敘明。 
三、次查醫療工作之診斷、處方、手術、病歷記載、施行麻醉
等醫療行為，應由醫師親自執行，其餘行為得由相關醫事
人員依其專門職業法律所規定之業務，依醫囑行之。查鼻
胃管、留置導尿管及氣切套管之更換置入係屬侵入性治療
、處置；另查「輔助施行侵入性治療、處置」係屬護理人
員法第 24 條第 1 項第 4 款所稱醫療輔助行為之範圍 。 因前
述三管初次置入仍有相當程度之危險性，宜由醫師親自為
之；至鼻胃管、留置導尿管全管拔除及需長期鼻胃管、導
尿管及氣切套管留置病人之定期更換如經醫師診察、判斷
後，得指示護理人員依其專門職業法律之規定，依醫師法
第 28 條但書二之規定意旨 ， 依照醫囑執行之 ，不限於醫師
親自在場指示或目視所及範圍以內。 
四、另依護理人員法第 26 條規定：「護理人員執行業務時，
遇有病人危急，應立即聯絡醫師。但必要時，得先行給予
緊急救護處理。」是以，護理人員執行護理業務應善盡注
意之義務，視個案事實，認有病人危急，應依前揭之規定 ，並依護理專業施予必要之緊急處置後，依醫囑執行後續
醫療處置事宜。",https://drive.google.com/file/d/1IEo7JO0CoxnfXCeiRm87BLzYfexqwZH7/view?usp=drivesdk,,
interp-0382,護理人員法解釋彙編,第 24 條,〔釋例類別〕 第 4 類 輔助管路照護,97.1.22,2008-01-22,衛署照字第0972800481號,台端針對護理人員法第 24 條第 1 項第 4 款醫療輔助行為,279,279,292,292,護理人員、護理師、專科護理師、醫療輔助、管路,完整公文格式,來源文字尾端含正本、副本、頁碼或署名等公文結尾資訊。,"97.1.22.衛署照字第0972800481 號函 
主旨：台端針對護理人員法第 24 條第 1 項第 4 款醫療輔助行為
相關疑義案，復請 查照。 
說明： 
一、台端96 年 10 月 2 日就旨揭事項致本署署長信箱，經本署
回復錄案與相關單位研議後再行回復一節，諒悉。 
二、查護理人員法第 24 條第 1 項第 4 款醫療輔助行為應在醫
師指示下行之，所謂「醫師指示下」，係指醫師就特定病
人診察後，交由護理人員，依護理人員法之相關規定執行
醫療輔助行為，所為之口頭或書面醫囑而言。而該「指示
」，可由醫師視工作狀況，自行斟酌指示方式，尚不以在
場為要件。 
三、次查，氣管插管置入係屬侵入性治療、處置，因具有相當
程度之危險性，應由醫師親自為之，護理人員在醫師指導
下，得協助醫師執行氣管插管置入。至專科護理師於值班
醫師不在場之情況下，為休克病人插管遭申誡二次處分之
法規依據為何一節，語意不明，可否提供具體資料憑辦。",https://drive.google.com/file/d/1IEo7JO0CoxnfXCeiRm87BLzYfexqwZH7/view?usp=drivesdk,,
interp-0383,護理人員法解釋彙編,第 24 條,〔釋例類別〕 第 4 類 輔助管路照護,97.3.5,2008-03-05,衛署醫字第0970201201號,有關「放置鼻胃管」是否屬護理人員法第 24 條第 1 項第 4,279,280,292,293,護理人員、護理師、醫療輔助、病歷、管路、麻醉,彙編節錄,108年彙編多數未保留正本、副本或署名欄；本筆已依下一封函或下一條文邊界切分。,"97.3.5.衛署醫字第0970201201 號函 
主旨：有關「放置鼻胃管」是否屬護理人員法第 24 條第 1 項第 4
款所稱之「醫療輔助行為」一案，復請 查照。 
說明： 
一、復 貴署 97 年 2 月 4 日北檢盛騰 95 調偵 592 字第 8010
號函。 
二、按醫師法第 28 條所稱「醫療業務」之行為，係指凡以治
療、矯正或預防人體疾病、傷害、殘缺為目的，所為的診
察、診斷及治療；或基於診察、診斷結果，以治療為目的
，所為的處方、用藥、施術或處置等行為的全部或一部總 稱。是以，醫療工作之診斷、處方、手術、病歷記載及施
行麻醉等醫療行為，係屬醫療業務之核心，應由醫師親自
為之，其餘醫療輔助行為得在醫師就特定病人診察後，由
各該醫事人員本其專門職業法規所規定之業務，依醫師法
第 28 條但書二之規定意旨 ， 依照醫囑執行之 ， 不限於醫師
親自在場指示或目視所及範圍以內。先予敘明。 
三、查將屬於外來物之鼻胃管經由病患鼻腔、咽喉、避開大氣
管、深入食道到達患者胃部，以為引流、抽吸或灌食、給
藥之行為，應屬侵入性治療及處置；另查「輔助施行侵入
性治療 、 處置」 係屬護理人員法第24 條第 1 項第 4 款所稱
醫療輔助行為之範圍，前經本署 90 年 3 月 12 日衛署醫字
第 0900017655 號函釋在案。惟查， 「因鼻胃管初次置入仍
有相當程度之危險性，宜由醫師親自為之；至鼻胃管全管
拔除及需長期鼻胃管留置患者之定期更換，如經醫師診察
、判斷後，得指示護理人員協助為之。」前經本署 93 年
12 月 28 日衛署醫字第 0930052157 號函釋在案。 
四、是以，所附「台北市立聯合醫院資深護理師執行業務管理
作業要點」 之伍、十四點項下第(四)醫療輔助行為之第 18
點「放置鼻胃管」施行有無限制一節，應依前揭原則辦理
。 
五、檢送護理人員法第 24 條第 1 項第 4 款醫療輔助行為範圍
資料 1 份，請參考。",https://drive.google.com/file/d/1IEo7JO0CoxnfXCeiRm87BLzYfexqwZH7/view?usp=drivesdk,,
interp-0384,護理人員法解釋彙編,第 24 條,〔釋例類別〕 第 4 類 輔助管路照護,97.7.1,2008-07-01,衛署醫字第0970206340號,貴院基於審判案件所需，函詢「換氣管外管」之醫療輔助,280,281,293,294,護理人員、醫療輔助、病歷、管路、傷口、麻醉,彙編節錄,108年彙編多數未保留正本、副本或署名欄；本筆已依下一封函或下一條文邊界切分。,"97.7.1.衛署醫字第 0970206340 號書函 
主旨：貴院基於審判案件所需，函詢「換氣管外管」之醫療輔助
行為相關規定一案，復請 查照。 
說明： 
一、復 貴院 97 年 2 月 26 日及 5 月 14 日中院彥刑祥 96 醫訴
7 字第 21039 號及第 52621 號函。 
二、按醫療工作之診斷、處方、手術、病歷記載及施行麻醉等
醫療行為，係屬醫療業務之核心，應由醫師親自為之；其 餘醫療輔助行為在醫師就特定病人診察後，得指示由其他
醫事人員依其專門職業法律規定依醫囑為之。由於醫療行
為種類眾多，對於高風險之醫療行為（如醫療技術、檢查
、檢驗及醫療儀器之操作等），涉屬病人安全之維護，基
於對民眾健康及醫療品質之維護，降低醫療風險，應由醫
師親自為之為宜，合先敘明。 
三、次查「換氣管外管」之醫療輔助行為，係屬侵入性之治療
、處置，惟氣管外管初次更換及拔除或氣切傷口不穩定病
人之氣管更換，仍具有相當程度之危險性，應由醫師親自
為之。至氣切傷口穩定需長期氣切套管留置病人之定期更
換，如經醫師診察、判斷後，得以指示護理人員協助為之
。 
四、至醫師法第 28 條第 2 款所稱「指示」，係指醫師就特定
病人診察後，得交由護理人員或其他醫事人員，依各該專
門醫事人員職業法律之規定（如護理人員法）執行醫療輔
助行為，所為之口頭或書面醫囑而言。而該「指示」，可
由醫師視工作狀況，自行斟酌指示方式，尚不以在場為要
件，併予敘明。",https://drive.google.com/file/d/1IEo7JO0CoxnfXCeiRm87BLzYfexqwZH7/view?usp=drivesdk,,
interp-0385,護理人員法解釋彙編,第 24 條,〔釋例類別〕 第 4 類 輔助管路照護,97.9.11,2008-09-11,衛署醫字第0970215426號,所陳有關外國人領有工作證可否從事「家庭看護IN HOUSE,281,281,294,294,護理人員、管路,彙編節錄,108年彙編多數未保留正本、副本或署名欄；本筆已依下一封函或下一條文邊界切分。,"97.9.11.衛署醫字第0970215426 號函 
主旨：所陳有關外國人領有工作證可否從事「家庭看護IN HOUSE 
NURSE」職業案，就 CARE GIVER 可否從事醫療行為及法定
護理工作等乙案，復請 查照。 
說明： 
一、依據行政院秘書處 97 年 8 月 22 日臺衛字第 0970037194
號函及 97 年 8 月 5 日院臺衛移字第 0970034026 號移文單
、外交部 97 年 8 月 13 日外亞太二字第 09712007610 號函
及 97 年 8 月 5 日外亞太二字第 09703105050 號函 、 監察院",https://drive.google.com/file/d/1IEo7JO0CoxnfXCeiRm87BLzYfexqwZH7/view?usp=drivesdk,,
interp-0386,護理人員法解釋彙編,第 24 條,〔釋例類別〕 第 4 類 輔助管路照護,97 年 8 月 5 日,2008-08-05,(97)院臺業貳字第0970161410號,97 年 8 月 5 日(97)院臺業貳字第 0970161410 號函、內政,281,283,294,296,護理人員、照顧服務員、醫療輔助、病歷、管路、麻醉,參照摘要,彙編中此筆為短摘要或參照其他頁碼，非完整公文全文。,"97 年 8 月 5 日(97)院臺業貳字第 0970161410 號函、內政
部 97 年 8 月 12 日台內社字第 0970127629 號函辦理 ， 兼復 
台端 97 年 7 月 28 日陳情書。 二、按醫療業務係指以醫療行為為職業而言，不問是主要業務
或附屬業務，凡職業上予以機會，為非特定多數人所為之
醫療行為均屬之。又醫療工作之診斷、處方、手術、病歷
記載、施行麻醉等醫療行為，應由醫師親自執行，其餘行
為得由輔助人員依醫囑行之。上述所稱輔助人員，其資格
應符合各該類醫事人員管理法規之規定。資格不符規定之
人員，若依醫囑執行前開醫療輔助行為，應分別依違反各
該醫事人員管理法規規定處罰；若無醫囑擅自為之，則應
受醫師法第 28 條之約束。再予敘明。 
三、復按我國護理人員法第 55 條之 3 規定，外國人及華僑得
依中華民國法律，應護理人員考試及格，並依法領有護理
人員證書及經中央主管機關許可者，始得執行我國護理人
員法所定護理人員之業務。併予敘明。 
四、另查導尿及抽痰等工作，係屬醫療業務行為，應由醫師親
自為之，或依護理人員法，得由護理人員依醫師指示為之
。未具護理人員資格者，若依醫囑執行前述業務，係屬違
反護理人員法第 37 條規定，本人及其雇主各處新台幣 1
萬 5 千元以上 15 萬元以下罰鍰 ； 若無醫囑擅自為之 ， 則應
受醫師法第 28 條之約束。 
五、又鼻胃管初次置入仍有相當程度之危險性，宜由醫師親自
為之；至鼻胃管全管拔除及需長期鼻胃管留置患者之定期
更換，如經醫師診察、判斷後，得指示護理人員協助為之
；至為維持個案生理機能所需，及維護身體清潔及衛生以
增加舒適感，由未具護理人員資格之照顧服務員執行鼻胃
管灌食，及因置入鼻胃管所引發之分泌物簡易照顧處理，
如不涉及醫療專業判斷、醫療行為等，僅係個案身體照顧
服務，尚無不可。前經本署 96 年 4 月 27 日衛署照字第
0962800730 號函釋在案。 
六、至單純之量血壓、脈搏及體溫，如未涉及診斷，尚難認屬
醫療業務，一般民眾均可為之；惟如涉及疾病檢查、診斷
與治療等醫療業務之整體連貫作業，係屬醫療行為，應由 醫師或由護理人員依醫囑行之。 
七、是以，本案就 CARE GIVER 可否從事醫療行為及法定護理
工作乙事，請參酌上開原則及規定辦理。 
（註 ： 本函釋說明五所敘本署96.4.27 衛署照字第0962800730 號函，
請參閱 P.392）",https://drive.google.com/file/d/1IEo7JO0CoxnfXCeiRm87BLzYfexqwZH7/view?usp=drivesdk,,
interp-0387,護理人員法解釋彙編,第 24 條,〔釋例類別〕 第 4 類 輔助管路照護,97.10.3,2008-10-03,衛署醫字第0970042471號,所詢有關為病患導尿是否需醫師親自為之，或得否由護士,283,284,296,297,護理人員、護士、醫療輔助、病歷、管路、麻醉,參照摘要,彙編中此筆為短摘要或參照其他頁碼，非完整公文全文。,"97.10.3.衛署醫字第0970042471 號函 
主旨：所詢有關為病患導尿是否需醫師親自為之，或得否由護士
單獨為之而醫師不用在場疑義一案，復請 查照。 
說明： 
一、復 貴署97 年9 月15 日士檢清揚97 偵1715 字第28411 號
函。 
二、按醫師法第 28 條所稱「醫療業務」行為，係指凡以治療
、矯正或預防人體疾病、傷害、殘缺為直接目的，所為之
診察、診斷及治療；或基於診察、診斷結果，以治療為目
的，所為之處方、用藥、施術或處置等行為的全部或一部
總稱。是以，醫療工作之診斷、處方、手術、病歷記載及
施行麻醉等醫療行為，係屬醫療業務之核心，應由醫師親
自為之，其餘醫療輔助行為得在醫師就特定病人診察後，
由各該醫事人員本其專門職業法規所規定之業務，依照醫
囑執行之，不限於醫師親自在場指示或目視所及範圍以內
。合先敘明。 
三、復按導尿行為係屬醫療輔助行為，依護理人員法第 24 條
第 2 項規定，得由護理人員依醫師指示為之。至護理人員
是否可獨立為個案施予導尿一節，需依醫師指示，並視個
案情況依醫囑為之。前經本署 94 年 12 月 9 日衛署醫字第
0940063696 號函釋在案。 
四、是以，本案請依上開原則，並就個案具體事實認定。 
（註：本函釋說明三所敘本署 94.12.9.衛署醫字第 0940063696 號函
，請參閱P.274）",https://drive.google.com/file/d/1IEo7JO0CoxnfXCeiRm87BLzYfexqwZH7/view?usp=drivesdk,,
interp-0388,護理人員法解釋彙編,第 24 條,〔釋例類別〕 第 4 類 輔助管路照護,101.1.20,2012-01-20,衛署醫字第1010061165號,所詢居家護理所護理人員是否需受過長期照護相關教育訓,284,284,297,297,護理人員、護理機構、居家護理、醫療輔助、管路、傷口、麻醉,彙編節錄,108年彙編多數未保留正本、副本或署名欄；本筆已依下一封函或下一條文邊界切分。,"101.1.20.衛署醫字第1010061165 號函 
主旨：所詢居家護理所護理人員是否需受過長期照護相關教育訓
練並取得相關結訓證明，始可執行長照居家護理換管業務
之疑義，復請 查照。 
說明： 
一、復 貴局 101 年 1 月 17 日新縣衛醫字第 1010000849 號函
。 
二、按醫療工作之診斷、處方、手術、施行麻醉等醫療行為，
應由醫師親自執行，其餘醫療輔助行為在醫師就特定病人
診察後，得指示其他醫事人員本其專門職業法規所規定之
業務，依醫囑執行之。合先敘明。 
三、查「輔助施行侵入性治療、處置」，係屬護理人員法第24
條第 1 項第 4 款所稱醫療輔助行為之範圍，前經本署 90
年 3 月 12 日衛署醫字第 0900017655 號函釋在案。次查「
鼻胃管全管拔除及需長期鼻胃管留置者之定期更換、氣切
傷口穩定需長期氣切套管留置者之定期更換，及尿管更換
」，係屬侵入性治療、處置之醫療輔助行為，經醫師診察
、判斷後，得指示護理人員為之。 
四、又居家護理所之護理人員若無執行上開換管工作之歷練，
得由該護理機構有實務經驗者訓練，或至長期照護學會 、
醫療機構及相關護理機構等訓練，以維護護理品質。",https://drive.google.com/file/d/1IEo7JO0CoxnfXCeiRm87BLzYfexqwZH7/view?usp=drivesdk,,
interp-0389,護理人員法解釋彙編,第 24 條,〔釋例類別〕 第 4 類 輔助管路照護,102.1.7,2013-01-07,衛署照字第1012865147號,所詢居家護理人員相關業務之合法性疑義案，復請 查照。,284,285,297,298,護理人員、護理師、居家護理、管路,彙編節錄,108年彙編多數未保留正本、副本或署名欄；本筆已依下一封函或下一條文邊界切分。,"102.1.7.衛署照字第1012865147 號函 
主旨：所詢居家護理人員相關業務之合法性疑義案，復請 查照。 
說明： 
一、復 貴校 101 年 12 月 20 日美科大護居字第 1010010499
號函。 
二、有關居家護理師向家屬示範膀胱造廔口、鼻胃管、導尿管
及氣切等管路之更換，尚無不可。若家屬於發現家人（即
居家服務對象）有管路自拔與滑脫等突發狀況，而有能力
自行為其家人施行前述處理時，非屬執行業務之行為，尚 未違反相關醫事法規。 
三、至於居家護理師於所服務轄區內，得依醫囑協助注射胰島
素。",https://drive.google.com/file/d/1IEo7JO0CoxnfXCeiRm87BLzYfexqwZH7/view?usp=drivesdk,,
interp-0390,護理人員法解釋彙編,第 24 條,〔釋例類別〕 第 4 類 輔助管路照護,103.3.18,2014-03-18,衛部照字第1031560477號,有關 貴單位所詢學校護理人員得否依學生原診治醫師醫,285,285,298,298,護理人員、醫療輔助、管路,彙編節錄,108年彙編多數未保留正本、副本或署名欄；本筆已依下一封函或下一條文邊界切分。,"103.3.18 衛部照字第1031560477 號函 
主旨：有關 貴單位所詢學校護理人員得否依學生原診治醫師醫
囑獨立在學校執行導尿醫療輔助行為之疑義乙案，詳如說
明，請查照。 
說明： 
一、依據苗栗縣政府衛生局 103 年 2 月 26 日苗衛醫字第
1030005570 號函及苗栗縣頭份鎮建國國民小學103 年2 月
27 日苗建小人字第 1030000626 號函辦理。 
二、查「導尿行為係屬醫療輔助行為，依護理人員法第 24 條
第 2 項規定，得由護理人員依醫囑指示為之。學校護理人
員是否可獨立在學校為個案施予導尿乙節，須依醫師指示
，並視個案情況依醫囑為之。」前經本部94 年 12 月 9 日
衛署醫字第 0940063696 號書函釋在案。 
三、另依本部 100 年 12 月 28 日衛署醫字第 1000084017 號函
說明，若無醫師駐校時，學校護理人員亦得依個案原診治
醫師醫囑執行醫療輔助行為。 
四、是以，所詢學校護理人員依學生原診治醫師醫囑獨立在學
校執行導尿醫療輔助行為並無違反醫療相關規定。惟執行
業務時，並應善盡必要之注意義務，及確實遵守醫療處置
等相關作業規範辦理。",https://drive.google.com/file/d/1IEo7JO0CoxnfXCeiRm87BLzYfexqwZH7/view?usp=drivesdk,,
interp-0391,護理人員法解釋彙編,第 24 條,〔釋例類別〕 第 4 類 輔助管路照護,104.1.21,2015-01-21,衛部照字第1041560008號,有關貴會陳情開放全國照護機構之照顧服務員在機構內可,285,287,298,300,護理人員、照顧服務員、醫療輔助、病歷、管路、麻醉,彙編節錄,108年彙編多數未保留正本、副本或署名欄；本筆已依下一封函或下一條文邊界切分。,"104.1.21 衛部照字第1041560008 號函 
主旨：有關貴會陳情開放全國照護機構之照顧服務員在機構內可
合法執行抽痰工作案，復請查照。 
說明： 
一、復 貴會 103 年 12 月 36 日長照聯字第 103049 號函。 
二、依據護理人員法第 24 條第 1 項及第 2 項規定：「護理人 員之業務如左：一、健康問題之護理評估。二、預防保健
之護理措施。三、護理指導及諮詢。四、醫療輔助行為。
前項第四款醫療輔助行為應在醫師之指示下行之」。 
三、按醫療業務係指以醫療行為為職業而言。不問是主要業務
或附屬業務，凡職業上予以機會，為非特定多數人之醫療
行為均屬之。且醫療業務之認定，並不以收取報酬為其要
件。前揭所稱醫療行為係指凡以治療、矯正或預防人體疾
病、傷害、殘缺為目的，所為的診察、診斷及治療；或基
於診察、診斷結果，以治療為目的，所為的處方、用藥、
施術或處置等行為的全部或一部的總稱。又醫療工作之診
斷、處方、手術、病歷記載、施行麻醉等醫療行為，應由
醫師親自執行，其餘行為得由相關醫事人員依其各該專門
職業法律之規定，依醫師指示行之，合先敍明。 
四、查抽痰係屬侵入性治療、處置之輔助行為；另查「輔助施
行侵入性治療 、 處置」 係屬護理人員法第24 條第 1 項第 4
款所稱醫療輔助行為之範圍，護理人員執行該項業務，依
同法第 2 項規定，應在醫師指示下行之。爰此，未具護理
人員資格者(如外籍勞工)，執行前述護理人員業務，係屬
違反護理人員法第 37 條規定，爰此依目前相關法令，照
顧服務員尚不可執行抽痰工作，但可協助抽痰物品之準備
及抽痰後之環境整理工作，本部前於97 年 9 月 11 日衛署
醫字第 0970215426 號函在案。(詳本部 102 年 7 月 17 日
修正公告之醫院照顧服務員管理要點) 
五、次查日本「介護福祉士」(類似我國照顧服務員)可進行抽
痰相關技術，惟其福祉士須經兩年訓練及取得福祉士認證
資格後始得為之，與我國目前照顧服務員僅接受 90 小時
訓練不同。 
六、考量旨案陳情內容攸關全國長期照護機構人力業務及照護
品質，本部非常重視，已請相關護理團體、學會研議並提
供意見供本部研議，屆時將再回復 貴會。",https://drive.google.com/file/d/1IEo7JO0CoxnfXCeiRm87BLzYfexqwZH7/view?usp=drivesdk,,
interp-0392,護理人員法解釋彙編,第 24 條,〔釋例類別〕 第 4 類 輔助管路照護,105.10.11,2016-10-11,衛部照字第1050129689號,有關貴校函詢「護理人員法所指醫療輔助行為」疑義案，,287,287,300,300,護理人員、醫療輔助、管路,彙編節錄,108年彙編多數未保留正本、副本或署名欄；本筆已依下一封函或下一條文邊界切分。,"105.10.11 衛部照字第1050129689 號 
主旨：有關貴校函詢「護理人員法所指醫療輔助行為」疑義案，
復如說明段，請查照。 
說明： 
一、復貴校105年9月29日北特校學字第10530786700號函。 
二、按護理人員法第24條第1項規定略以：「護理人員之業務
如下：一、健康問題之護理評估、二、預防保健之護理措
施、三、護理指導及諮詢、四、醫療輔助行為。前項第四
款醫療輔助行為應在醫師之指示下行之」及同法第26條：
「護理人員執行業務時，遇有病人危急，應立即聯絡醫
師。但必要時，得先行給予緊急救護處理。」及教育部主
管各級學校緊急傷病處理準則第 3條：「本準則所稱緊急
傷病處理，係指學校應提供學生及教職員工在學校內發生
事故傷害與疾病之急救及照護。」等規定，先予敘明。 
三 、 再 查 本 部( 前行 政 院 衛 生 署)95 年6 月12 日 衛 署 醫 字 第
0950210769號函示略以：「三、……。至受照護者之鼻胃
管因故發生阻塞、滑脫或異位等情形，導致無法執行應有
之功能，甚至引發呼吸道症狀時，護理人員應依護理專業
施予必要之緊急處置後 ， 依醫囑執行後續醫療處置事宜 。 」 
四、綜上所述，「氣切管或胃造廔管滑脫重置」係屬護理人員
法第24條第1項第4款之醫療輔助行為，爰護理人員執行該
項業務時，應在醫師之指示下執行；惟學生在校時，若因
故發生氣切管或胃造廔管阻塞、滑脫或異位等情形，導致
無法執行應有功能，護理人員應依護理專業施予必要之緊
急處置，以維護個案之生命安全。",https://drive.google.com/file/d/1IEo7JO0CoxnfXCeiRm87BLzYfexqwZH7/view?usp=drivesdk,,
interp-0393,護理人員法解釋彙編,第 24 條,〔釋例類別〕 第 4 類 輔助管路照護,106.4.24,2017-04-24,衛部照字第1060111322號,有關貴部函詢「脊柱裂」學生就醫，學校醫護人員得否依,287,288,300,301,護理人員、醫療輔助、病歷、管路、麻醉,彙編節錄,108年彙編多數未保留正本、副本或署名欄；本筆已依下一封函或下一條文邊界切分。,"106.4.24 衛部照字第1060111322 號 
主旨：有關貴部函詢「脊柱裂」學生就醫，學校醫護人員得否依
醫囑，協助渠導尿等相關行為乙節，復如說明段，請查照
。 
說明： 一、復貴部 106 年 4 月 17 日臺教授國字第 1060042153 號函。 
二、按護理人員法第 24 條規定，略以：「護理人員之業務如
下：一、健康問題之護理評估。二、預防保健之護理措施
。三、護理指導及諮詢。四、醫療輔助行為。前項第四款
醫療輔助行為應在醫師之指示下行之。…。」。 
三、查本部(前行政院衛生署 )96 年 5 月 22 日衛署醫字第
0960020317 號函，略以：「二、…醫療工作之診斷醫療工
作之診斷、處方、手術、病歷記載、施行麻醉等醫療行為
，應由醫師親自執行，其餘行為得由相關醫事人員依其專
門職業法律所規定之業務，依醫囑行之。…。」；再查本
部 103 年 3 月 18 日衛部照字第 1031560477 號函，略以：
「…導尿行為係屬醫療輔助行為 ， 依護理人員法第24 條第
2 項規定，得由護理人員依醫囑指示為之。學校護理人員
是否可獨立在學校為個案施予導尿乙節，須依醫師指示，
並視個案情況依醫囑為之。」 
四、綜上，學校醫護人員得依學生原診治醫師醫囑獨立在學校
執行導尿醫療輔助行為，惟執行業務時應善盡必要之注意
義務，及確實遵守醫療處置等相關作業規範辦理。",https://drive.google.com/file/d/1IEo7JO0CoxnfXCeiRm87BLzYfexqwZH7/view?usp=drivesdk,,
interp-0394,護理人員法解釋彙編,第 24 條,〔釋例類別〕 第 4 類 輔助管路照護,106.10.11,2017-10-11,衛部照字第1060130282號,有關函詢「學校人員能否予以學生胃造口灌食」案，復如,288,289,301,302,護理人員、照顧服務員、醫療輔助、病歷、管路、口腔、麻醉,彙編節錄,108年彙編多數未保留正本、副本或署名欄；本筆已依下一封函或下一條文邊界切分。,"106.10.11 衛部照字第1060130282 號 
主旨：有關函詢「學校人員能否予以學生胃造口灌食」案，復如 
說明段，請查照。 
說明： 
一、復貴署臺教國署原字第 1060110252 號函。 
二、查本部 96 年 4 月 27 日衛署照字第 0962800730 號函，略
以：「二、······。醫療行為係指凡以治療、矯正或預防
人體疾病、傷害、殘缺為目的，所為的診察、診斷及治療
；或基於診察、診斷結果，以治療為目的，所為的處方、
用藥、施術或處置等行為的全部或一部的總稱。又醫療工
作之診斷、處方、手術、病歷記載、施行麻醉等醫療行為
，應由醫師親自執行，其餘行為得由相關醫事人員依其各 該專門職業法律之規定，依醫師指示行之，先予敘明。三
、查『輔助施行侵入性治療、處置』係屬護理人員法第24
條第 1 項第 4 款所稱醫療輔助行為之範圍······。四、至
為維持個案生理機能所需、及維護身體清潔及衛生以增加
舒適感，由未具護理人員資格之照顧服務員執行鼻胃管灌
食，及因置入鼻胃管所引發之分泌物簡易照顧處理，如不
涉及醫療專業判斷、醫療輔助行為及醫療行為等，僅係個
案身體照顧服務，尚無不可。」。 
三、承上，因身體照顧之必要，為維持個案生理機能所需，且
未涉及醫療專業判斷，非屬醫療業務行為，得由非醫事人
員執行，尚無不可。 
〔釋例類別〕 第 5 類 輔助牙齒及口腔照護",https://drive.google.com/file/d/1IEo7JO0CoxnfXCeiRm87BLzYfexqwZH7/view?usp=drivesdk,,
interp-0395,護理人員法解釋彙編,第 24 條,〔釋例類別〕 第 5 類 輔助牙齒及口腔照護,93.2.3,2004-02-03,衛署醫字第0930000778號,所詢護士、菲律賓醫學院牙醫系畢業尚未通過牙醫師考試,289,290,302,303,護理人員、護士、口腔,彙編節錄,108年彙編多數未保留正本、副本或署名欄；本筆已依下一封函或下一條文邊界切分。,"93.2.3.衛署醫字第 0930000778 號書函 
主旨：所詢護士、菲律賓醫學院牙醫系畢業尚未通過牙醫師考試
及在大陸就讀醫學院者，可否在牙醫師指示之下，從事洗
牙、換藥或補牙等工作乙案，復如說明，請 查照。 
說明： 
一、復 台端未具日期之陳情書。 
二、查洗牙(包括清除牙結石、牙縫清洗)、補牙乃醫療行為，
屬牙醫師業務範圍，應由牙醫師親自為之。換藥得由護理
人員依醫師醫囑執行之。 
三、有關菲律賓牙醫系畢業生及大陸就讀醫學院者得否回國實
習之問題，按符合醫師法第 2 條至第 4 條規定所稱符合教
育部採認規定之國外大學、獨立學院醫學系、科畢業生，
實習期滿且領有畢業證書者，得依據醫師法第 28 條第 1
款規定，在中央衛生主管機關認可之醫療機構，於醫師指
導下實習，前經本署函釋在案。又前揭涉及國外院校採認
之問題，請逕洽教育部。",https://drive.google.com/file/d/1IEo7JO0CoxnfXCeiRm87BLzYfexqwZH7/view?usp=drivesdk,,
interp-0396,護理人員法解釋彙編,第 24 條,〔釋例類別〕 第 5 類 輔助牙齒及口腔照護,95.12.28,2006-12-28,衛署醫字第0950066177號,所詢護理人員得否從事牙科口腔衛生保健等情疑義一案，,290,290,303,303,護理人員、醫療輔助、口腔,彙編節錄,108年彙編多數未保留正本、副本或署名欄；本筆已依下一封函或下一條文邊界切分。,"95.12.28.衛署醫字第 0950066177 號書函 
主旨：所詢護理人員得否從事牙科口腔衛生保健等情疑義一案，
復請 查照。 
說明： 
一、復 貴診所 95 年 12 月 18 日童嘉字第 122 號函。 
二、查洗牙(包括清除牙結石、牙縫清洗)及為病患裝拆矯正鋼
線之行為，係屬牙醫師業務範圍，應由牙醫師親自執行，
未取得牙醫師資格之助理人員從事上開行為者，應依醫師
法第 28 條規定論處，前經本署多次函釋在案。 
三、次查口腔衛生及刷牙方式之護理指導及措施，係屬護理人
員法第 24 條所規定之業務 ， 應由護理人員執行 ； 至為牙科
患者口腔塗氟係屬醫療輔助行為，可由護理人員依護理人
員法第 24 條第 1 項第 4 款之規定 ， 在牙醫師指示下為之。
爰此，本案請依前述規定辦理。",https://drive.google.com/file/d/1IEo7JO0CoxnfXCeiRm87BLzYfexqwZH7/view?usp=drivesdk,,
interp-0397,護理人員法解釋彙編,第 24 條,〔釋例類別〕 第 5 類 輔助牙齒及口腔照護,96.7.12,2007-07-12,衛署醫字第0960030349號,所詢牙醫診所使用具腐蝕性之藥塗抹病人牙齒方式使牙齒,290,290,303,303,護理人員、口腔,彙編節錄,108年彙編多數未保留正本、副本或署名欄；本筆已依下一封函或下一條文邊界切分。,"96.7.12.衛署醫字第0960030349 號函 
主旨：所詢牙醫診所使用具腐蝕性之藥塗抹病人牙齒方式使牙齒
美白，是否應由牙醫師親自執行，護理人員可否依醫師指
示執行該行為之疑義一案，復請 查照。 
說明： 
一、復 貴局96 年7 月6 日高市衛醫字第0960023422號函。 
二、查使用具腐蝕性之藥物塗抹病人牙齒，使其牙齒美白之方
式，乃醫療行為，屬牙醫師業務範疇，應由牙醫師親自為
之。未具牙醫師資格者執行前述醫療業務，應依違反醫師
法第 28 條規定論處。",https://drive.google.com/file/d/1IEo7JO0CoxnfXCeiRm87BLzYfexqwZH7/view?usp=drivesdk,,
interp-0398,護理人員法解釋彙編,第 24 條,〔釋例類別〕 第 5 類 輔助牙齒及口腔照護,96.12.18,2007-12-18,衛署醫字第09600632869號,所詢「冷光美白時，塗抹牙齦保護劑或調整光源方向是否,290,291,303,304,護理人員、口腔,彙編節錄,108年彙編多數未保留正本、副本或署名欄；本筆已依下一封函或下一條文邊界切分。,"96.12.18.衛署醫字第09600632869 號函 
主旨：所詢「冷光美白時，塗抹牙齦保護劑或調整光源方向是否
屬醫療行為，又得否由具有醫事人員資格之護理人員依醫
囑為之」一案，復請 查照。 
說明： 一、復 貴會 96 年 11 月 28 日牙全政字第 2396 號函。 
二、按醫療行為，係指凡以治療、矯正或預防人體疾病、傷害
、殘缺為直接目的，所為之診察、診斷及治療；或基於診
察、診斷結果，以治療為目的，所為之處方、用藥、施術
或處置等行為的全部或一部的總稱。先予敘明。 
三、查「使用具腐蝕性之藥物塗抹病人牙齒，使其牙齒美白之
方式，乃醫療行為，屬牙醫師業務範疇，應由牙醫師親自
為之。未具牙醫師資格者執行前述醫療業務，應依違反醫
師法第 28 條規定論處 。 」 前經本署96 年 7 月 12 日衛署醫
字第 0960030349 號函釋在案 ， 至塗抹牙齦保護劑係屬醫療
輔助行為一節，得由護理人員依醫囑執行之。 
四、另所述「調整光源方向是否醫療行為，又得否由具有醫事
人員資格之護理人員依醫囑為之」一節，查牙齒冷光美白
係於牙齒最外層之琺瑯質塗上過氧化氫漂白劑，藉由氧化
作用達到美白效果，惟查，冷光美白整體醫療行為中能達
到牙齒美白效果者為過氧化氫漂白劑，燈光照射僅係加速
氧化作用達到美白效果。是以，牙齒冷光美白醫療過程中
，為加速過氧化氫漂白劑氧化作用達到美白效果，協助調
整光源方向之操作人員，尚無資格之限制。",https://drive.google.com/file/d/1IEo7JO0CoxnfXCeiRm87BLzYfexqwZH7/view?usp=drivesdk,,
interp-0399,護理人員法解釋彙編,第 24 條,〔釋例類別〕 第 5 類 輔助牙齒及口腔照護,96.12.20,2007-12-20,衛署醫字第0960064480號,所詢「牙科助理人員」之工作內容是否涉及醫療行為，及,291,292,304,305,護理人員、醫療輔助、病歷、口腔、麻醉,彙編節錄,108年彙編多數未保留正本、副本或署名欄；本筆已依下一封函或下一條文邊界切分。,"96.12.20.衛署醫字第 0960064480 號書函 
主旨：所詢「牙科助理人員」之工作內容是否涉及醫療行為，及
該類人員得否由職業訓練機構與民間合作辦理職業訓練培
訓一案，復請 查照。 
說明： 
一、復 貴中心96 年11 月30 日北輔字第0960012764號函。 
二、按「醫療機構不得置臨床助理執行醫療業務」為醫療法第
58 條所明定。至醫療業務係指以醫療行為為職業而言。不
問是主要業務或附屬業務，凡職業上予以機會，為非特定
多數人之醫療行為均屬之。且醫療業務之認定，並不以收
取報酬為其要件。前揭所稱醫療行為，係指凡以治療、矯 正或預防人體疾病、傷害、殘缺為目的，所為的診察、診
斷及治療；或基於診察、診斷結果，以治療為目的，所為
的處方、用藥、施術或處置等行為的全部或一部的總稱，
先予敘明。 
三、復按醫療工作之診斷、處方、手術、病歷記載、施行麻醉
等醫療行為，應由醫師親自執行，其餘醫療工作，得由各
該相關醫事人員本其專門職業法律規定，依醫師指示操作
執行 。 次查依本署90 年 3 月 12 日衛署醫字第0900017655
號函公告護理人員法第24 條第1 項第4 款所稱之醫療輔助
行為之範圍：(一)輔助施行侵入性檢查。(二)輔助施行侵
入性治療、處置。(三)輔助各項手術。(四)輔助分娩。(
五)輔助施行放射線檢查、治療。(六)輔助施行化學治療。
(七)輔助施行氧氣療法(含吸入療法)、光線療法。(八)輔
助藥物之投與。(九)輔助心理、行為相關治療。(十)病人
生命徵象之監測與評估。(十一)其他經中央衛生主管機關
認定之醫療輔助行為。 
四、本案經查所附牙科助理訓練課程，其中有關醫療過程中，
如執行輔助施行侵入性檢查、治療與處置，及輔助藥物投
與之醫療輔助行為，係屬護理人員業務範疇，業已涉及專
門職業規定，非屬技能檢定。爰此，依前揭原則所示，有
關訓練課程如涉及醫療輔助行為之執行，由職業訓練機構
辦理職業訓練培訓，是有不妥。",https://drive.google.com/file/d/1IEo7JO0CoxnfXCeiRm87BLzYfexqwZH7/view?usp=drivesdk,,
interp-0400,護理人員法解釋彙編,第 24 條,〔釋例類別〕 第 5 類 輔助牙齒及口腔照護,97.10.6,2008-10-06,衛署醫字第0970205478號,所詢學生健康檢查體檢項目中之「口腔檢查」 (有無蛀牙,292,293,305,306,護理人員、醫療輔助、病歷、口腔,彙編節錄,108年彙編多數未保留正本、副本或署名欄；本筆已依下一封函或下一條文邊界切分。,"97.10.6.衛署醫字第0970205478 號函 
主旨：所詢學生健康檢查體檢項目中之「口腔檢查」 (有無蛀牙
、缺牙、牙周病、牙結石等)，是否為醫師法第 28 所定義
之醫療業務行為，及執行該業務之醫師資格或輔助人員資
格等疑義一案，復請 查照。 
說明： 
一、復 貴署 97 年 9 月 19 日板檢慎義學 97 交查 1481 字第
103910 號函。 二、按醫師法第 28 條所稱之醫療業務，係指以醫療行為為職
業而言，不問是主要業務或附屬業務，凡職業上予以機會
，為非特定多數人所為之醫療行為均屬之。且醫療業務之
認定，並不以收取報酬為其要件。上揭所稱醫療行為，係
指以治療、矯正或預防人體疾病、傷害、殘缺為直接目的
，所為之診察、診斷及治療；或基於診察、診斷結果，以
治療為目的，所為之處方、用藥、施術或處置等行為的全
部或一部的總稱。另查，醫師法所稱之醫師，包括醫師、
中醫師、牙醫師等三類別，三者係經由不同之專業教育與
考試程序，領取不同之醫師證書，各有其醫療業務範圍，
不得互相逾越，先予敘明。 
三、又查，醫療工作之診斷、處方、手術、病歷記載及施行麻
醉等醫療行為，係屬醫療業務之核心，應由醫師親自為之
；其餘醫療輔助行為得在醫師就特定病人診察後，由其他
醫事人員本其專門職業法規所規定之業務 ， 依醫師法第28
條但書二之規定意旨，依照醫囑執行之，並善盡必要之注
意，不限於醫師親自在場指示或目視所及範圍以內；未具
醫事人員資格者依醫囑執行醫療輔助行為，或資格不符規
定之醫事人員依醫囑執行非其專門職業法律規定之業務，
應分別依違反各該醫事人員管理法規規定處罰；若無醫囑
擅自為之，則應受醫師法第 28 條之約束。 
四、次查，「體檢之口腔檢查應由牙醫師執行。」，前經本署",https://drive.google.com/file/d/1IEo7JO0CoxnfXCeiRm87BLzYfexqwZH7/view?usp=drivesdk,,
interp-0401,護理人員法解釋彙編,第 24 條,〔釋例類別〕 第 5 類 輔助牙齒及口腔照護,86 年 8 月 28 日,1997-08-28,衛署醫字第86042218號,86 年 8 月 28 日衛署醫字第 86042218 號函釋在案。是以，,293,293,306,306,護理人員、口腔,參照摘要,彙編中此筆為短摘要或參照其他頁碼，非完整公文全文。,"86 年 8 月 28 日衛署醫字第 86042218 號函釋在案。是以，
本案所述情節，請依前揭原則，視個案事實，依權責認定
辦理。",https://drive.google.com/file/d/1IEo7JO0CoxnfXCeiRm87BLzYfexqwZH7/view?usp=drivesdk,,
interp-0402,護理人員法解釋彙編,第 24 條,〔釋例類別〕 第 5 類 輔助牙齒及口腔照護,101.3.6,2012-03-06,衛署醫字第1010063205號,所詢護理人員是否得以協助醫師執行綁牙線疑義一案，復,293,294,306,307,護理人員、口腔,彙編節錄,108年彙編多數未保留正本、副本或署名欄；本筆已依下一封函或下一條文邊界切分。,"101.3.6.衛署醫字第1010063205 號函 
主旨：所詢護理人員是否得以協助醫師執行綁牙線疑義一案，復
請 查照。 
說明： 
一、復 貴局 101 年 2 月 22 日北市衛醫護字第 10130455300 號函。 
二、查醫師法第 28 條所稱「醫療業務」，係指以醫療行為為
職業而言，不問是主要業務或附屬業務，凡職業上予以機
會，為非特定多數人所為之醫療行為均屬之。且醫療業務
之認定，並不以收取報酬為其要件。上揭所稱醫療行為，
係指以治療、矯正或預防人體疾病、傷害、殘缺為直接目
的，所為之診察、診斷及治療；或基於診察、診斷結果，
以治療為目的，所為之處方、用藥、施術或處置等行為的
全部或一部的總稱，先予敘明。 
三、至所述「綁牙線」行為，意旨未明。惟查，病人矯正器鬆
脫掉落時，為病人「矯正鐵線」、「調整鐵線」、「更換
鐵線」之行為，如直接影響牙齒排列及治療結果之操作行
為，應屬醫療行為，護理人員得依醫師指示協助為之；至
於磨刮線頭、剪鐵線、線頭之行為，未涉及醫療行為。 
四、是以，本案所述情節，請參酌上開原則，視個案事實認定
。",https://drive.google.com/file/d/1IEo7JO0CoxnfXCeiRm87BLzYfexqwZH7/view?usp=drivesdk,,
interp-0403,護理人員法解釋彙編,第 24 條,〔釋例類別〕 第 5 類 輔助牙齒及口腔照護,103.4.16,2014-04-16,衛部心字第1031760660號,所詢醫院聘僱未具醫師及護理人員資格者，從事牙科助理,294,295,307,308,護理人員、醫療輔助、病歷、口腔、麻醉,彙編節錄,108年彙編多數未保留正本、副本或署名欄；本筆已依下一封函或下一條文邊界切分。,"103.4.16 衛部心字第1031760660 號函 
主旨：所詢醫院聘僱未具醫師及護理人員資格者，從事牙科助理
業務疑義乙案，復如說明段，請查照。 
說明： 
一、復 貴局 103 年 3 月 6 日北市衛醫護字第 10331231200 號
函。 
二、按醫師法第 58 條明定「醫療機構不得置臨床助理執行醫
療業務」。至醫療業務係指以醫療行為為職業而言，不問
是主要業務或附屬業務，凡職業上予以機會，為非特定多
數人之醫療行為均屬之。且醫療業務之認定，並不以收取
報酬為其條件。前揭所稱醫療行為，係指凡以治療、矯正
或預防人體疾病、傷害、殘缺為目的，所為的診察、診斷
及治療；或基於診察、診斷結果，以治療為目的，所為的
處方、用藥、施術或處置等行為的全部或一部的總稱，先 予敍明。 
三、復按醫療工作之診斷、處方、手術、病歷記載、施行麻醉
等醫療行為，應由醫師親自執行，其餘醫療工作，得由各
相關醫事人員依其各該專門職業法律規定，依醫師指示操
作執行 。 次查依本部90 年3 月12 日衛署醫字第0900017655
號函(詳附件)公告護理人員法第 24 條第 1 項第 4 款所稱
之醫療輔助行為之範圍包括：輔助施行侵入性檢查；輔助
施行侵入性治療、處置；輔助各項手術；輔助分娩；輔助
施行放射線檢查、治療；輔助施行化學治療；輔助施行氧
氣療法(含吸入療法)、光線療法；輔助藥物之投與；輔助
心理、行為相關治療；病人生命徵象之監測與評估；其他
經中央主管機關認定之醫療輔助行為。 
四、爰上，貴轄醫院聘僱「牙科助理」，該職稱易使人誤認為
醫療行為之輔助人員，宜請審酌。另，所詢牙科助理業務
，是否涉及醫療行為或醫療輔助行為，請依上開原則及個
案事實審認。",https://drive.google.com/file/d/1IEo7JO0CoxnfXCeiRm87BLzYfexqwZH7/view?usp=drivesdk,,
interp-0404,護理人員法解釋彙編,第 24 條,〔釋例類別〕 第 5 類 輔助牙齒及口腔照護,106.3.14,2017-03-14,衛部照字第1061560602號,有關貴局函詢「牙醫院所聘僱護理人員為病患執行牙模壓,295,296,308,309,護理人員、醫療輔助、口腔、麻醉,彙編節錄,108年彙編多數未保留正本、副本或署名欄；本筆已依下一封函或下一條文邊界切分。,"106.3.14 衛部照字第1061560602 號 
主旨：有關貴局函詢「牙醫院所聘僱護理人員為病患執行牙模壓
印、上橡皮筋(一般)、矯正後衛教，幫忙卸鋼絲、取模，
是否合於法令規範」一案，復如說明段，請查照。 
說明： 
一、復貴局106年2月9日中市衛醫字第1060011155號函。 
二 、 依護理人員法第24條規定 ， 略以 ： 「護理人員之業務如下：
一 、 健康問題之護理評估 。 二 、 預防保健之護理措施 。 三、
護理指導及諮詢。四、醫療輔助行為。前項第四款醫療輔
助行為應在醫師之指示下行之。」。 
三 、 查 本 部( 前 行 政 院 衛 生 署)101 年3 月6 日 衛 署 醫 字 第
1010063205號函，略以：「二、……所稱醫療行為，係指
以治療、矯正或預防人體疾病、傷害、殘缺為直接目的，
所為之診察、診斷及治療；或基於診察、診斷結果，以治 療為目的，所為之處方、用藥、施術或處置等行為的全部
或一部的總稱…。三、……，病人矯正器鬆脫掉落時，為
病人 『矯正鐵線』 、 『調整鐵線』 、 『更換鐵線』 之行為，
如直接影響牙齒排列及治療結果之操作行為，應屬醫療行
為，護理人員得依醫師指示協助為之；至於磨刮線頭、剪
鐵線、線頭之行為，未涉及醫療行為。」。 
四、綜上，有關所詢護理人員為病患執行牙模壓印、上橡皮筋
等行為，請參酌上開原則，視個案事實認定。 

〔釋例類別〕 第 6 類 輔助施行麻醉",https://drive.google.com/file/d/1IEo7JO0CoxnfXCeiRm87BLzYfexqwZH7/view?usp=drivesdk,,
interp-0405,護理人員法解釋彙編,第 24 條,〔釋例類別〕 第 6 類 輔助施行麻醉,93.5.21,2004-05-21,衛署醫字第0930019130號,所詢護理人員是否能在醫師指導下為病患施行脊椎麻醉疑,296,296,309,309,護理人員、麻醉,彙編節錄,108年彙編多數未保留正本、副本或署名欄；本筆已依下一封函或下一條文邊界切分。,"93.5.21.衛署醫字第 0930019130 號書函 
主旨：所詢護理人員是否能在醫師指導下為病患施行脊椎麻醉疑
義乙案，復如說明，請 查照。 
說明： 
一、復 貴局93 年5 月7 日北市衛三字第09333088401號函。 
二、按麻醉係屬醫療行為，應具有醫師資格者始得為之。護理
人員在醫師指導下，得協助醫師執行麻醉工作。",https://drive.google.com/file/d/1IEo7JO0CoxnfXCeiRm87BLzYfexqwZH7/view?usp=drivesdk,,
interp-0406,護理人員法解釋彙編,第 24 條,〔釋例類別〕 第 6 類 輔助施行麻醉,94.5.5,2005-05-05,衛署醫字第0940011755號,有關貴署因業務所需，所詢麻醉護士張○○執行如附件所,296,297,309,310,護理人員、護士、醫療輔助、病歷、麻醉,彙編節錄,108年彙編多數未保留正本、副本或署名欄；本筆已依下一封函或下一條文邊界切分。,"94.5.5.衛署醫字第0940011755 號函 
主旨：有關貴署因業務所需，所詢麻醉護士張○○執行如附件所
示之脊椎麻醉及硬脊膜外自體血液修補術之醫療行為，能
否適用醫師法第 28 條但書第 2 款而排除該條之刑責一案 ，
復請 查照。 
說明： 
一、復 貴署 94 年 3 月 22 日彰檢榮校 94 偵 524 字第 10043
號函。 
二、按醫療工作之診斷、處方、手術、施行麻醉、病歷記載等
醫療行為，應由醫師親自執行，其餘行為得在醫師就特定
病人診察後，由各該醫事人員本其專門職業法規所規定之 業務 ， 依醫師法第28 條第 2 款之規定意旨 ， 依照醫囑執行
之，但該行為所產生之責任應由指示醫師負責。 
三、查脊椎麻醉及硬脊膜外自體血液修補術係屬侵入性治療、
處置及手術，應由醫師為之；另查「輔助施行侵入性治療
、處置」及 「輔助各項手術」 ，係屬護理人員法第24 條第
1 項第 4 款所稱醫療輔助行為之範圍 ， 前經本署90 年 3 月
12 日衛署醫字第 0900017655 號函釋在案。爰此，本案麻
醉護士在醫師指導下，得協助醫師執行脊椎麻醉及硬脊膜
外自體血液修補術之醫療輔助行為；如係未經醫師指示，
即擅自執行前述醫療行為 ， 則核屬違反醫師法第28 條之規
定。 
（註：本函釋所敍當事人之名字以○○表示）",https://drive.google.com/file/d/1IEo7JO0CoxnfXCeiRm87BLzYfexqwZH7/view?usp=drivesdk,,
interp-0407,護理人員法解釋彙編,第 24 條,〔釋例類別〕 第 6 類 輔助施行麻醉,94.12.13,2005-12-13,衛署醫字第0940063326號,所詢具麻醉護士資格者，在醫師指示下，為「無痛分娩」,297,298,310,311,護理人員、護士、醫療輔助、病歷、麻醉,彙編節錄,108年彙編多數未保留正本、副本或署名欄；本筆已依下一封函或下一條文邊界切分。,"94.12.13.衛署醫字第 0940063326 號書函 
主旨：所詢具麻醉護士資格者，在醫師指示下，為「無痛分娩」
療程之病患施行 Morphine 止痛劑 0.3mg 腰椎注射技術 ， 是
否違反醫師法第 28 條規定一案，復請 查照。 
說明： 
一、復 貴局94 年11 月22 日高市衛醫字第0940040466號函。 
二、按醫療工作之診斷、處方、手術、施行麻醉、病歷記載等
醫療行為，應由醫師親自執行，其餘行為得在醫師就特定
病人診察後，由各該醫事人員本其專門職業法規所規定之
業務 ， 依醫師法第28 條第 2 款之規定意旨 ， 依照醫囑執行
之，但該行為所產生之責任應由指示醫師負責。 
三、查腰脊注射藥物之醫療行為係屬侵入性治療、處置；另查
「輔助施行侵入性治療 、 處置」 係屬護理人員法第24 條第
1 項第 4 款所稱醫療輔助行為之範圍 ， 前經本署90 年 3 月
12 日衛署醫字第 0900017655 號函釋在案。至腰椎注射過
程中，擷取之注射部位涉及高度的專業判斷及操作技術時
，應由醫師親自執行；至操作簡單、固定注射部位且著重
注射技術層面，又注射過程中未涉及擷取部位之醫療判斷 時，在醫療機構受過麻醉專業訓練之護理人員得依其專門
職業法律之規定，在醫師指導下，依醫囑操作執行。爰此
，本案麻醉護士在醫師指導下，得協助醫師執行 Morphine 
0.3mg 腰椎注射之醫療輔助行為；如係未經醫師指示，即
擅自執行前述醫療行為，則核屬違反醫師法第28 條之規定。",https://drive.google.com/file/d/1IEo7JO0CoxnfXCeiRm87BLzYfexqwZH7/view?usp=drivesdk,,
interp-0408,護理人員法解釋彙編,第 24 條,〔釋例類別〕 第 6 類 輔助施行麻醉,94.12.14,2005-12-14,衛署醫字第0940064071號,所詢具有執照之護理人員，在醫師指示下，為病患施打麻,298,298,311,311,護理人員、醫療輔助、麻醉,彙編節錄,108年彙編多數未保留正本、副本或署名欄；本筆已依下一封函或下一條文邊界切分。,"94.12.14.衛署醫字第0940064071 號函 
主旨：所詢具有執照之護理人員，在醫師指示下，為病患施打麻
醉藥物 citosol，是否違反醫師法第28 條規定一案，復請 
查照。 
說明： 
一、復 貴局94 年11 月28 日高市衛醫字第0940041178號函。 
二、按「靜脈注射」係屬護理人員法第 24 條第 1 項第 4 款所
稱之醫療輔助行為，護理人員執行該項業務，依同條第 2
項規定，應在醫師之指示下行之。 
三、查靜脈注射藥物之醫療行為係屬侵入性治療、處置；另查
「輔助施行侵入性治療 、 處置」 係屬護理人員法第24 條第
1 項第 4 款所稱醫療輔助行為之範圍 ， 前經本署90 年 3 月
12 日衛署醫字第 0900017655 號函釋在案。是以，本案護
理人員在醫師指示下，得協助醫師執行靜脈注射麻醉藥物
之醫療輔助行為。",https://drive.google.com/file/d/1IEo7JO0CoxnfXCeiRm87BLzYfexqwZH7/view?usp=drivesdk,,
interp-0409,護理人員法解釋彙編,第 24 條,〔釋例類別〕 第 6 類 輔助施行麻醉,103.5.6,2014-05-06,衛部醫字第1031663237號,所詢為病人静脈注射Citosol 麻醉藥物之人員資格疑義一,298,299,311,312,護理人員、醫療輔助、麻醉,完整公文格式,來源文字尾端含正本、副本、頁碼或署名等公文結尾資訊。,"103.5.6 衛部醫字第1031663237 號函 
主旨：所詢為病人静脈注射Citosol 麻醉藥物之人員資格疑義一
案，復請 查照。 
說明： 
一、依據本部食品藥物管理署103 年 5 月 1 日請辦事項轉台端
103 年 4 月 26 日致本部食品藥物管理署署長信箱辦理。 
二、按醫療工作之診斷、處方、手術及施行麻醉等醫療行為，
係屬醫療業務之核心，應由醫師親自為之，其餘醫療工作
得在醫師就特定病人診療後，由各該醫事人員本其專門職 業法律所規定之業務 ， 依醫師法第28 條第 2 款規定之意旨
，依醫師指示或醫囑為之。 
三、查静脈注射藥物之醫療行為，係屬侵入性治療、處置；另
查「輔助施行侵入性治療、處置」，係屬護理人員法第24
條第 1 項第 4 款所稱醫療輔助行為之範圍，護理人員執行
該項業務，依同條第 2 項規定，應在醫師指示下行之。 
四、綜上，旨揭所述情事，應由醫師或護理人員在醫師指示下
，協助執行静脈注射 Citosol 麻醉藥物。",https://drive.google.com/file/d/1IEo7JO0CoxnfXCeiRm87BLzYfexqwZH7/view?usp=drivesdk,,
interp-0410,護理人員法解釋彙編,第 24 條,〔釋例類別〕 第 6 類 輔助施行麻醉,104.1.22,2015-01-22,衛部照字第1040101436號,有關貴局所詢護理人員得否於病人全身麻醉時，在醫師指,299,300,312,313,護理人員、醫療輔助、麻醉、公共衛生,參照摘要,彙編中此筆為短摘要或參照其他頁碼，非完整公文全文。,"104.1.22 衛部照字第1040101436 號函 
主旨：有關貴局所詢護理人員得否於病人全身麻醉時，在醫師指
示下為病人插氣管內管之業務一案，復如說明，請查照。 
說明： 
一、復 貴局 104 年 1 月 14 日新北衛醫字第 1040048204 號函
。 
二、按醫療工作之診斷、處方、手術及施行麻醉等醫療行為，
係屬醫療業務之核心，應由醫師親自為之，其餘醫療輔助
行為應在醫師就特定病人診察後，由各該醫事人員本其專
門職業法規所規定之業務，依醫師醫囑始得為之。 
三、次查，護理人員法第 24 條規定：「護理人員之業務如左
：一、健康問題之護理評估。二、預防保健之護理措施。
三、護理指導及諮詢。四、醫療輔助行為。前項第四款醫
療輔助行為應在醫師之指示下行之」。而上述所稱醫療輔
助行為之範圍前經本部(前行政院衛生署)90 年 3 月 12 日
衛署醫字第 0900017655 號函示在案(附件 1)。 
四、另本部(前行政院衛生署)前於 97 年1 月 22 日衛署照字第
0972800481 號函釋有關護理人員法第 24 條第 1 項第 4 款
醫療輔助行為相關疑義案，略以：「二、查護理人員法第
24 條第 1 項第 4 款醫療輔助行為應在醫師指示下行之 ， 所
謂『醫師指示下』，係指醫師就特定病人診瘵後，交由護
理人員，依護理人員法之相關規定執行醫療輔助行為，所 為之口頭或書面醫囑而言。……。三、次查，氣管插管置
入係屬侵入性治療、處置，因具有相當程度之危險性，應
由醫師親自為之，護理人員在醫師指導下，得協助醫師執
行氣管插管置入。…」(如附件 2)。 
五、是以，所詢建請依前開釋示原則，並依個案事實認定。 
（註：本函釋說明四所敘本署97.1.22 衛署照字第0972800481 號函 
，請參閱 P.279） 
〔釋例類別〕 第 7 類 公共衛生預防保健",https://drive.google.com/file/d/1IEo7JO0CoxnfXCeiRm87BLzYfexqwZH7/view?usp=drivesdk,,
interp-0411,護理人員法解釋彙編,第 24 條,〔釋例類別〕 第 7 類 公共衛生預防保健,93.4.13,2004-04-13,衛署醫字第0930013213號,所詢護理人員為推展公共衛生及社區篩檢業務之需要，執,300,300,313,313,護理人員、公共衛生,彙編節錄,108年彙編多數未保留正本、副本或署名欄；本筆已依下一封函或下一條文邊界切分。,"93.4.13.衛署醫字第 0930013213 號書函 
主旨：所詢護理人員為推展公共衛生及社區篩檢業務之需要，執
行骨密度檢查 ， 是否違反相關法規一案， 復如說明 ，請 查
照。 
說明： 
一、復 貴局 93 年 3 月 29 日衛醫字第 0930010891 號函。 
二、按骨密度檢查係屬醫療行為，得由醫事放射師、醫事檢驗
師或護理人員依其專門職業法律規定，依醫師指示操作執
行。衛生所受過特別訓練之護理人員，如係為推展預防保
健公共衛生需要，依據衛生機關工作計畫，在不涉及診斷
及治療行為下執行骨密度之簡易檢查，可視同在醫師指示
下行之。 
三、至有關社區整合式篩檢之骨密度檢查，可否由非醫事專業
人員協助操作乙節，查與前述規定不符。",https://drive.google.com/file/d/1IEo7JO0CoxnfXCeiRm87BLzYfexqwZH7/view?usp=drivesdk,,
interp-0412,護理人員法解釋彙編,第 24 條,〔釋例類別〕 第 7 類 公共衛生預防保健,94.8.11,2005-08-11,衛署醫字第0940033418號,有關貴署因偵查案件需要，所詢具護士身分之人有無法令,300,301,313,314,護理人員、護士、公共衛生,彙編節錄,108年彙編多數未保留正本、副本或署名欄；本筆已依下一封函或下一條文邊界切分。,"94.8.11.衛署醫字第 0940033418 號書函 
主旨：有關貴署因偵查案件需要，所詢具護士身分之人有無法令
依據，在無醫師處方之情形下，對幼兒施打疫苗其所違反
之法令為何乙案，復請 查照。 
說明： 
一、復 貴署 94 年 7 月 29 日投檢良忠 94 偵 121 字第 11689 號函。 
二、查「學校保健員或衛生所之護士，依據衛生機關工作計畫
或公函執行公共衛生預防接種工作，如：白喉、破傷風、
日本腦炎、口服小兒麻痺等，可視同在醫師指導下或依據
醫師處方執行醫療行為 。 」 前經本署72 年 1 月 4 日衛署醫
字第 405771 號函釋在案。",https://drive.google.com/file/d/1IEo7JO0CoxnfXCeiRm87BLzYfexqwZH7/view?usp=drivesdk,,
interp-0413,護理人員法解釋彙編,第 24 條,〔釋例類別〕 第 7 類 公共衛生預防保健,94.9.27,2005-09-27,衛署醫字第0940036029號,為貴署因偵查案件需要，所詢具護士身分之人有無法令依,301,302,314,315,護理人員、護士、公共衛生,彙編節錄,108年彙編多數未保留正本、副本或署名欄；本筆已依下一封函或下一條文邊界切分。,"94.9.27.衛署醫字第 0940036029 號書函 
主旨：為貴署因偵查案件需要，所詢具護士身分之人有無法令依
據，在無醫師處方之情形下，對幼兒施打疫苗一案，前經
本署94 年8 月11 日衛署醫字第0940033418 號書函回復在
案(諒達)，惟有關該函釋法令依據為何一節，復請 查照
。 
說明： 
一、復 貴署 94 年 8 月 17 日投檢良忠 94 偵 121 字第 12699
號函。 
二、查「醫師非親自診察，不得施行治療、開給方劑或交付診
斷書。但於山地、離島、偏僻地區或有特殊、急迫情形，
為應醫療需要，得由直轄市、縣(市)主管機關指定之醫師
，以通訊方式詢問病情，為之診察，開給方劑，並囑由衛
生醫療機構護理人員、助產人員執行治療。前項但書所定
之通訊診察、治療，其醫療項目、醫師之指定及通訊方式
等，由中央主管機關定之。」為醫師法第 11 條所明定。 
三、按「預防接種注射」係屬醫療行為，護理人員執行該項業
務時，依護理人員法第24 條規定，應在醫師指示下為之；
惟為因應台灣醫師人力過度集中都會區，對於地處偏遠地
區民眾，由於醫療資源缺乏無支援醫師，無法享有可近性
之保健服務，爰此，權宜學校保健員及衛生所受過訓練之
護產人員，為推展預防保健公共衛生業務需要，依據衛生
機關工作計畫或公函執行預防接種注射工作，如未涉及診
斷、治療行為，尚屬可行，可視同在醫師指導下或依據醫 師處方執行醫療行為。 
四、檢送傳染病防治法與兒童預防接種紀錄檢查及補種辦法各
1 份，請參考。",https://drive.google.com/file/d/1IEo7JO0CoxnfXCeiRm87BLzYfexqwZH7/view?usp=drivesdk,,
interp-0414,護理人員法解釋彙編,第 24 條,〔釋例類別〕 第 7 類 公共衛生預防保健,94.12.22,2005-12-22,衛署醫字第0940211278號,所詢衛生所主任醫師，於實施子宮頸抹片檢查時，可否不,302,303,315,316,護理人員、護士、病歷、麻醉、公共衛生,彙編節錄,108年彙編多數未保留正本、副本或署名欄；本筆已依下一封函或下一條文邊界切分。,"94.12.22.衛署醫字第 0940211278 號書函 
主旨：所詢衛生所主任醫師，於實施子宮頸抹片檢查時，可否不
由醫師在場實施，而逕由或委由衛生所之護士實施檢查？
又各該衛生所實施子宮頸抹片檢查後，向中央健康保險局
申請健保給付之依據為何？中央健康保險局如何給付等情
一案，復請 查照。 
說明： 
一、復 貴署 94 年 11 月 27 日嘉檢慎平偵瀆 6 字第 21751 號
函。 
二、按醫療工作之診斷、處方、手術、施行麻醉、病歷記載等
醫療行為，應由醫師親自執行，其餘醫療工作得由相關醫
事人員依其各該專門職業法律之規定，依醫師指示下為之
。查子宮頸抹片檢查係屬醫療行為，惟衛生所受過特別訓
練之護產人員，為推展預防保健公共衛生業務需要，依據
衛生機關工作計畫或公函，執行子宮頸抹片採樣工作，可
視同在醫師指示下行之，如未涉及診斷、治療行為，尚屬
可行 ， 前經本署以80 年 11 月 8 日衛署醫字第982182 號函
釋在案。 
三、另查特約醫事服務機構提供全民健康保險預防保健服務，
係依「全民健康保險預防保健實施辦法」之規定辦理，而
該辦法於94 年11 月10 日配合預防保健服務回歸公務預算
修正發布前之第 4 條規定：「特約醫院及診所具有下列醫
事人員實際負責作業者，得申請辦理本保險預防保健服務
；………(三)申請辦理婦女子宮頸抹片檢查者，應具有登
記執業之專任婦產科醫師或家庭醫學科專科醫師。」同辦
法第 11 條規定 ： 各項預防保健服務之支付依全民健康保險
醫療費用支付標準辦理。",https://drive.google.com/file/d/1IEo7JO0CoxnfXCeiRm87BLzYfexqwZH7/view?usp=drivesdk,,
interp-0415,護理人員法解釋彙編,第 24 條,〔釋例類別〕 第 7 類 公共衛生預防保健,95.2.17,2006-02-17,衛署醫字第0958900060號,有關基層公衛護理人員執行疫苗接種業務說明，請 查照,303,303,316,316,護理人員、護士、醫療輔助、公共衛生,彙編節錄,108年彙編多數未保留正本、副本或署名欄；本筆已依下一封函或下一條文邊界切分。,"95.2.17.衛署醫字第0958900060 號函 
主旨：有關基層公衛護理人員執行疫苗接種業務說明，請 查照
並轉知所屬。 
說明： 
一、預防接種是全球最重要之公共衛生業務。護理人員依據由
醫師等相關專業人員參與訂定、經中央衛生主管機關頒布
之疫苗接種時程、劑量、接種方式及接種部位執行預防接
種，而且於接種前亦遵守提經本署預防接種諮詢委員會
(ACIP)討論通過後訂定之「預防接種前幼兒健康評估表」
相關規範，對幼兒先進行護理專業之評估後，再行施予疫
苗接種，是一種依指示執行之醫療輔助行為，也是一種依
法令之行為。 
二、各種疫苗的接種，都有明確而可依循的流程，惟幼童接受
預防接種，仍有其一定之風險存在。為此，本署訂有『預
防接種受害救濟要點』，如依正常接種程序仍引起嚴重的
疾病、殘障或死亡，可以依照前項要點，迅速獲得救濟。
個案可以檢具有關資料送請本署審議，經審議如符合「預
防接種受害救濟基金徵收基準及審議辦法」之規定者，本
署將撥發給最高新台幣 200 萬元之救濟金給予補助。 
三、為使現行法令能有更明確之規範，並讓第一線之公衛護士
，能無後顧之憂照顧國民健康，本署已立即研修傳染病防
治法有關預防接種相關規定。在修法完成前，地方衛生主
管機關可視地方醫療資源分布情形、民眾需求及衛生所、
室人力配置，依實際之需要，適度調整疫苗接種之門診時
間及作業流程，必要時可商請本署醫院予以支援。 
四、本署對第一線護理同仁對臺灣衛生防疫保健的貢獻深表肯
定，並期護理同仁繼續堅守崗位，為臺灣公共衛生的進步
繼續努力，共創更卓越的未來。",https://drive.google.com/file/d/1IEo7JO0CoxnfXCeiRm87BLzYfexqwZH7/view?usp=drivesdk,,
interp-0416,護理人員法解釋彙編,第 24 條,〔釋例類別〕 第 7 類 公共衛生預防保健,95.2.22,2006-02-22,衛署醫字第0950006758號,所詢執行國小學童預防注射時，倘無醫師在場，由公衛護 士執行預防接種之適法性一案，復請 查照。,303,304,316,317,護理人員、護士、醫療輔助、公共衛生,彙編節錄,108年彙編多數未保留正本、副本或署名欄；本筆已依下一封函或下一條文邊界切分。,"95.2.22.衛署醫字第 0950006758 號書函 
主旨：所詢執行國小學童預防注射時，倘無醫師在場，由公衛護 士執行預防接種之適法性一案，復請 查照。 
說明： 
一、復 貴局 95 年 2 月 15 日北市衛疾字第 09530970800 號函
。 
二、預防接種是全球最重要之公共衛生業務。護理人員依據由
醫師等相關專業人員參與訂定、經中央衛生主管機關頒布
之疫苗接種時程、劑量、接種方式及接種部位執行預防接
種，而且於接種前亦遵守提經 本署預防接種諮詢委員會
(ACIP)討論通過後訂定之「預防接種前幼兒健康評估表」
相關規範，對幼兒先進行護理專業之評估後，再行施予疫
苗接種，是一種依指示執行之醫療輔助行為，也是一種依
法令之行為。 
三、各種疫苗的接種，都有明確而可依循的流程，惟幼童接受
預防接種，仍有其一定之風險存在。為此，本署訂有『預
防接種受害救濟要點』，如依正常接種程序仍引起嚴重的
疾病、殘障或死亡，可以依照前項要點，迅速獲得救濟。
個案可以檢具有關資料送請本署審議，經審議如符合「預
防接種受害救濟基金徵收基準及審議辦法」之規定者，本
署將撥發給最高新台幣 200 萬元之救濟金給予補助。 
四、為使現行法令能有更明確之規範，並讓第一線之公衛護士
，能無後顧之憂照顧國民健康，本署已立即研修傳染病防
治法有關預防接種相關規定。在修法完成前，地方衛生主
管機關可視地方醫療資源分布情形、民眾需求及衛生所、
室人力配置，依實際之需要，適度調整疫苗接種之門診時
間及作業流程，必要時可商請本署醫院予以支援。",https://drive.google.com/file/d/1IEo7JO0CoxnfXCeiRm87BLzYfexqwZH7/view?usp=drivesdk,,
interp-0417,護理人員法解釋彙編,第 24 條,〔釋例類別〕 第 7 類 公共衛生預防保健,95.3.27,2006-03-27,衛署醫字第0950006873號,所詢爰公共衛生需要，對國小學童蟯蟲肛門擦拭檢查陽性,304,305,317,318,護理人員、護士、公共衛生,彙編節錄,108年彙編多數未保留正本、副本或署名欄；本筆已依下一封函或下一條文邊界切分。,"95.3.27.衛署醫字第 0950006873 號書函 
主旨：所詢爰公共衛生需要，對國小學童蟯蟲肛門擦拭檢查陽性
學童及同住家屬，由衛生所轉交該校護士，代為轉發
mebendazole 100mg/錠治療一案，復請 查照。 
說明： 一、復 貴局 95 年 2 月 16 日高市疾管護字第 0950000697 號
函。 
二、有關寄生蟲篩檢防治及治療，係屬集體預防醫學措施。依
據學校衛生法所定之學生健康檢查實施辦法之相關規定，
學校實施學生健康檢查，應委託醫院承辦，至公共衛生護
士經由專家、學者參與討論定案之學童蟯蟲肛門擦拭檢查
與投藥建議，對於檢查結果為陽性之罹患者，先進行護理
專業之評估，確定罹患者無相關過敏病史、特殊體質及投
藥禁忌後，再逕予投藥，尚無不可。",https://drive.google.com/file/d/1IEo7JO0CoxnfXCeiRm87BLzYfexqwZH7/view?usp=drivesdk,,
interp-0418,護理人員法解釋彙編,第 24 條,〔釋例類別〕 第 7 類 公共衛生預防保健,95.5.19,2006-05-19,國健兒字第0950500341號,有關 貴局所陳 貴市執行「國小學童蟲檢查肛門擦拭檢,305,305,318,318,護理人員、公共衛生,彙編節錄,108年彙編多數未保留正本、副本或署名欄；本筆已依下一封函或下一條文邊界切分。,"95.5.19.國健兒字第0950500341 號函 
主旨：有關 貴局所陳 貴市執行「國小學童蟲檢查肛門擦拭檢
查陽性學童及同住家屬之投藥方式」函請備查乙案，請依
權責自行妥處，請 查照。 
說明： 
一、依據行政院衛生署 95 年 5 月 12 日衛署醫字第0950019676
號移文單及貴局 95 年 5 月 10 日高市衛疾管 護字第
0950015841 函辦理。 
二、相關規定仍請依據行政院衛生署 95 年 3 月 27 日衛署醫字
第 0950006873 號書函辦理。",https://drive.google.com/file/d/1IEo7JO0CoxnfXCeiRm87BLzYfexqwZH7/view?usp=drivesdk,,
interp-0419,護理人員法解釋彙編,第 24 條,〔釋例類別〕 第 7 類 公共衛生預防保健,95.6.20,2006-06-20,衛署醫字第0950023419號,所詢學校校護配合公共衛生推展，代為轉發「頭蝨藥」、,305,306,318,319,護理人員、公共衛生,彙編節錄,108年彙編多數未保留正本、副本或署名欄；本筆已依下一封函或下一條文邊界切分。,"95.6.20.衛署醫字第 0950023419 號書函 
主旨：所詢學校校護配合公共衛生推展，代為轉發「頭蝨藥」、
「寄生蟲(蟯蟲及蛔蟲)藥」供所屬個案(學生)治療及同住
家屬之預防性投藥，可否視同在醫師指導下執行醫療業務
而不受醫師法第 28 條第 1 項之規範 ， 及上述分藥行為是否
符合藥事法相關規定一案，復請 查照。 
說明： 
一、復 貴局95 年6 月2 日投衛局醫字第0950300611號函。 
二、有關寄生蟲篩檢防治及治療，係屬集體預防醫學措施。學
校實施學生健康檢查，發現學生感染頭蝨傳染病時，由校 護協助領取非處方藥品之治療頭蝨洗劑 (係醫師藥師藥劑
生指示藥品)， 交由感染學生及接觸者預防性使用 ， 尚無不
可，亦無違反藥事相關法規。 
三、至蟯蟲及蛔蟲篩檢防治及治療一節，請依本署 95 年 3 月
27 日衛署醫字第 0950006873 號書函(見附件)相關規定辦
理。",https://drive.google.com/file/d/1IEo7JO0CoxnfXCeiRm87BLzYfexqwZH7/view?usp=drivesdk,,
interp-0420,護理人員法解釋彙編,第 24 條,〔釋例類別〕 第 7 類 公共衛生預防保健,95.9.8,2006-09-08,衛署醫字第0950214046號,所詢助產人員執業於衛生所，是否可擔任注射疫苗工作疑,306,306,319,319,護理人員、醫療輔助、繼續教育、公共衛生,彙編節錄,108年彙編多數未保留正本、副本或署名欄；本筆已依下一封函或下一條文邊界切分。,"95.9.8.衛署醫字第 0950214046 號書函 
主旨：所詢助產人員執業於衛生所，是否可擔任注射疫苗工作疑
義一案，復請 查照。 
說明： 
一、復 貴局 95 年 8 月 1 日苗衛疾字第 0950100211 號函。 
二、按「疫苗接種」係屬於醫療輔助行為。 
三、查助產人員法第 25 條規定：「助產士業務如下：(1)接生
。(2)產前檢查及保健指導。(3)產後檢查及指導。(4)嬰兒
保健指導。(5)生育指導。(6)其他經中央主管機關認定之
項目。」 同法第27 條規定： 「助產人員於執行正常分娩之
接生時，得依需要施行灌腸、導尿、會陰縫合及給予產後
子宮收縮劑等必要事項」。 
四、基於推展預防保健、公共衛生業務所需，助產人員依醫囑
執行預防接種注射之醫療輔助行為，可視同前開助產人員
法第 25 條第 1 項第 6 款 「其他經中央主管機關認定之項目
。」。 
五、助產人員執行疫苗接種業務，應依中央衛生主管機關頒布
之疫苗接種時程、劑量、接種方式及接種部位等相關規定
，善盡業務上必要之注意，依疫苗注射注意事項確實執行
，並接受預防注射相關之繼續教育或在職訓練，以確保服
務品質。",https://drive.google.com/file/d/1IEo7JO0CoxnfXCeiRm87BLzYfexqwZH7/view?usp=drivesdk,,
interp-0421,護理人員法解釋彙編,第 24 條,〔釋例類別〕 第 7 類 公共衛生預防保健,95.9.28,2006-09-28,衛署醫字第0950039264號,有關 貴會對從事醫事檢驗業務資格人員疑義一案，復請 查照。,306,307,319,320,護理人員、醫療輔助、公共衛生,彙編節錄,108年彙編多數未保留正本、副本或署名欄；本筆已依下一封函或下一條文邊界切分。,"95.9.28.衛署醫字第 0950039264 號書函 
主旨：有關 貴會對從事醫事檢驗業務資格人員疑義一案，復請 查照。 
說明： 
一、復 貴會95 年9 月4 日(95)醫檢所協華字第950014號函。 
二、臨床檢驗固屬醫事檢驗人員之醫事檢驗業務，惟亦屬醫師
法上醫療業務中之臨床病理領域範疇，是以，除得由醫師
指示醫事檢驗人員執行外，醫師亦得親自為之。 
三、至公共衛生護理人員為推展預防保健、公共衛生業務需要
，所執行之血糖、尿、尿蛋白等之簡易篩檢，亦屬護理人
員法第 24 條第 1 項第 4 款所稱醫療輔助行為之業務範疇 ，
為社區個案健康管理時之重要工具，是以，護理人員得依
醫師指示或醫囑，協助民眾執行之。",https://drive.google.com/file/d/1IEo7JO0CoxnfXCeiRm87BLzYfexqwZH7/view?usp=drivesdk,,
interp-0422,護理人員法解釋彙編,第 24 條,〔釋例類別〕 第 7 類 公共衛生預防保健,96.6.25,2007-06-25,衛署醫字第0960025514號,所詢為增進民眾健康及推動有利健康之公共衛生政策，公,307,307,320,320,護理人員、醫療輔助、公共衛生,彙編節錄,108年彙編多數未保留正本、副本或署名欄；本筆已依下一封函或下一條文邊界切分。,"96.6.25.衛署醫字第 0960025514 號書函 
主旨：所詢為增進民眾健康及推動有利健康之公共衛生政策，公
共衛生護理人員需至社區進行簡易抽血，執行人員是否不
受護理人員法第 24 條及醫師法第 28 條之限制等情一案，
復請 查照。 
說明： 
一、復 貴局 96 年 6 月 11 日雲衛保字第 0965000176 號函。 
二、按公共衛生護理人員為推展預防保健、公共衛生業務需要
，至社區採集簡易血液檢體篩檢(血糖、血脂)，亦屬護理
人員法第24 條第1 項第4 款所稱醫療輔助行為之業務範疇
，以早期發現個案及轉介治療，為社區個案健康管理時之
重要工具。是以，護理人員應依醫師指示或醫囑，協助民
眾執行之。 
三、至衛生所附設群體醫療中心因人力精簡或無醫師編制時，
建議可商請鄰近之醫療機構或衛生所醫師，依醫師法第 8
條之 2 規定前往支援，以利公共衛生業務之推展。",https://drive.google.com/file/d/1IEo7JO0CoxnfXCeiRm87BLzYfexqwZH7/view?usp=drivesdk,,
interp-0423,護理人員法解釋彙編,第 24 條,〔釋例類別〕 第 7 類 公共衛生預防保健,96.7.6,2007-07-06,衛署醫字第0960027479號,所詢公共衛生護士得否單獨執行注射疫苗職務等疑義一案 ，復請 查照。,307,308,320,321,護理人員、護士、醫療輔助、公共衛生,彙編節錄,108年彙編多數未保留正本、副本或署名欄；本筆已依下一封函或下一條文邊界切分。,"96.7.6.衛署醫字第0960027479 號函 
主旨：所詢公共衛生護士得否單獨執行注射疫苗職務等疑義一案 ，復請 查照。 
說明： 
一、復 貴署96 年6 月21 日北檢盛號96 他3676 字第42980 號
函。 
二、預防接種是全球最重要之公共衛生業務。查本署 72 年 1
月 4 日衛署醫字第 405771 號函釋之意旨 ， 係指護理人員依
據由醫師等相關專業人員參與訂定、經中央衛生主管機關
頒布之疫苗接種時程、劑量、接種方式及接種部位執行預
防接種工作，而且於接種前亦遵守提經本署預防接種諮詢
委員會（ACIP）討論通過後訂定之「預防接種前幼兒健康
評估表」相關規範，對幼兒先進行護理專業之評估後，再
行施予疫苗接種，本質上應屬於依指示執行之醫療輔助行
為，也是一種依法令之行為。是以，護理人員依前揭規定
單獨執行注射疫苗業務 ， 尚無違反醫師法第28 條之規定。 
三、為使現行法令能有更明確之規範，95 年 6 月 14 日修正之
傳染病防治法第 4 條第 3 項增訂預防接種相關規定：「第
一項所稱預防接種業務得由護理人員執行之，不受醫師法
第 28 條規定之限制 ； 其預防接種施行之條件與限制 、 預防
接種紀錄之檢查與補行接種及其他應遵行事項之辦法，由
中央主管機關定之。」併予敘明。",https://drive.google.com/file/d/1IEo7JO0CoxnfXCeiRm87BLzYfexqwZH7/view?usp=drivesdk,,
interp-0424,護理人員法解釋彙編,第 24 條,〔釋例類別〕 第 7 類 公共衛生預防保健,96.10.12,2007-10-12,衛署醫字第0960045197號,有關中華民國醫事檢驗師公會全國聯合會所提公共衛生護,308,309,321,322,護理人員、醫療輔助、公共衛生,彙編節錄,108年彙編多數未保留正本、副本或署名欄；本筆已依下一封函或下一條文邊界切分。,"96.10.12.衛署醫字第0960045197 號函 
主旨：有關中華民國醫事檢驗師公會全國聯合會所提公共衛生護
士於居家訪問時逕行採驗老人血糖、膽固醇，明顯不符醫
事檢驗師法等情一案，復請 查照。 
說明： 
一、復 貴局 96 年 10 月 1 日衛醫字第 0960041103 號函。 
二、查測量血糖、膽固醇係屬醫療輔助行為，為提供醫師診斷
與治療之參考。至公共衛生護理人員為推展預防保健、公
共衛生業務需要，至社區所執行之血糖、尿糖、尿蛋白等
之簡易篩檢 ， 亦屬護理人員法第24 條第 1 項第 4 款所稱醫 療輔助行為之業務範疇，為社區個案健康管理時之重要工
具。是以，護理人員得依醫師指示或醫囑，協助民眾執行
之 。 前經本署95 年 9 月 28 日衛署醫字第 0950039264 號及",https://drive.google.com/file/d/1IEo7JO0CoxnfXCeiRm87BLzYfexqwZH7/view?usp=drivesdk,,
interp-0425,護理人員法解釋彙編,第 24 條,〔釋例類別〕 第 7 類 公共衛生預防保健,96 年 6 月 25 日,2007-06-25,衛署醫字第0960025514號,96 年 6 月 25 日衛署醫字第 0960025514 號函釋在案。,309,309,322,322,護理人員、護士、醫療輔助、公共衛生,彙編節錄,108年彙編多數未保留正本、副本或署名欄；本筆已依下一封函或下一條文邊界切分。,"96 年 6 月 25 日衛署醫字第 0960025514 號函釋在案。 
三、是以，簡易血液檢體（血糖、血脂）之篩檢業務，係屬跨
專業領域重疊性之業務，得由醫師或醫事檢驗人員、護理
人員依其各該專門職業法律規定，依醫師指示操作執行。
爰此 ， 公共衛生護士依護理人員法第24 條規定 ， 依醫囑協
助民眾執行前述簡易血液篩檢，並無不可；如係未經醫師
指示，即擅自執行前述醫療輔助行為，則核屬違反醫師法
第 28 條之規定。",https://drive.google.com/file/d/1IEo7JO0CoxnfXCeiRm87BLzYfexqwZH7/view?usp=drivesdk,,
interp-0426,護理人員法解釋彙編,第 24 條,〔釋例類別〕 第 7 類 公共衛生預防保健,103.5.7,2014-05-07,衛部醫字第1031663198號,所詢結核菌素測驗及卡介苗接種技術受訓合格之護理人員,309,310,322,323,護理人員、麻醉、公共衛生,彙編節錄,108年彙編多數未保留正本、副本或署名欄；本筆已依下一封函或下一條文邊界切分。,"103.5.7 衛部醫字第1031663198 號函 
主旨：所詢結核菌素測驗及卡介苗接種技術受訓合格之護理人員
，執行結核菌測驗判讀之適法疑義一案，復請查照。 
說明： 
一、復 貴署 103 年 4 月 1 日疾管愛核字第 1030300414 號函。 
二、按醫療工作之診斷、處方、手術及施行麻醉等醫療行為，
係屬醫療業務之核心，應由醫師親自為之，其餘醫療工作
得在醫師就特定病人診察後，由各該醫事人員本其專門職
業法律所規定之業務 ， 依醫師法第28 條第 2 款規定之意旨
，依醫師指示或醫囑為之。 
三、次查，傳染病防治法第 28 條第 1 項規定：「主管機關規
定之各項預防接種業務及因應疫情防治實施之特定疫苗
接種措施，得由受過訓練且經認可之護理人員施行之，不
受醫師法第二十八條規定之限制。」 
四、是以，主管機關為杜絶傳染病之發生、傳染及蔓延，擬定
結核病防治政策，由曾接受訓練及定期評價合格之護理人
員，依「結核病防治工作手冊」作業規定（預立醫囑）內
容，將結核菌素測驗判讀結果，提供醫師作為診斷及醫療
處置參考，尚無不法。 五、本案應依前揭規定及原則辦理。",https://drive.google.com/file/d/1IEo7JO0CoxnfXCeiRm87BLzYfexqwZH7/view?usp=drivesdk,,
interp-0427,護理人員法解釋彙編,第 24 條,〔釋例類別〕 第 7 類 公共衛生預防保健,106.7.12,2017-07-12,衛部照字第1061561830號,有關貴局函詢「所屬 12 區健康服務中心護理人員為疑似,310,310,323,323,護理人員、負責人、公共衛生,彙編節錄,108年彙編多數未保留正本、副本或署名欄；本筆已依下一封函或下一條文邊界切分。,"106.7.12 衛部照字第1061561830 號 
主旨：有關貴局函詢「所屬 12 區健康服務中心護理人員為疑似
傳染病人之接觸者採檢行為疑義」一案，復如說明，請查
照。 
說明： 
一、復貴局 106 年 6 月 21 日北市衛疾字第 10635326300 號函
。 
二、有關旨揭疑義，依本部所屬疾病管制署說明如下: 
(一)按傳染病防治法第 46 條第 1 項第 1 款之規定，略以
：「傳染病檢體之採檢、檢驗與報告、確定及消毒，應採
行下列方式：一、採檢：傳染病檢體，由醫師採檢為原則
；接觸者檢體，由醫師或其他醫事人員採檢；環境等檢體
，由醫事人員或經採檢相關訓練之人員採檢。採檢之實施
，醫事機構負責人應負督導之責；病人及有關人員不得拒
絕、規避或妨礙。…。」，先予敘明。 
(二)再查傳染病防治法立法之目的，係在於杜絕傳染病之
發生、傳染及蔓延，依該法所為之採檢係屬為配合公共衛
生與防疫政策之實務需要，以保全公共利益為目的之防疫
作為；復考量護理人員乃經專業教育養成，其實施接觸者
採檢前，尚需獲得當地衛生局或健康服務中心負責人同意
並受其監督。是以，護理人員執行傳染病防治法所定其對
接觸者採檢之任務，係屬依法令規定之職務行為。 
三、綜上，有關護理人員依傳染病防治法對傳染病個案及接觸 
者執行之採檢工作，請依上開規定辦理。",https://drive.google.com/file/d/1IEo7JO0CoxnfXCeiRm87BLzYfexqwZH7/view?usp=drivesdk,,
interp-0428,護理人員法解釋彙編,第 24 條,〔釋例類別〕 第 7 類 公共衛生預防保健,106.10.20,2017-10-20,衛部照字第1060028933號,有關函詢事業單位從事勞工健康服務護理人員施打流感疫,310,311,323,324,護理人員、公共衛生,彙編節錄,108年彙編多數未保留正本、副本或署名欄；本筆已依下一封函或下一條文邊界切分。,"106.10.20 衛部照字第1060028933 號 
主旨：有關函詢事業單位從事勞工健康服務護理人員施打流感疫
苗之疑義，復如說明段，請查照。 
說明： 一、復貴學會 106 年 10 月 13 日台事護(106)滿字第 0000192
號函。 
二、有關「職場員工欲進行流感疫苗之接種，是否可由事業單
位從事勞工健康服務護理人員是否可逕行執行之」疑義乙
節，依本部所屬疾病管制署公告 106 年度流感疫苗接種計
畫第五章接種作業之第 4 節醫事相關工作人員之接種作業
之伍、健康評估「接種前應發給接種須知、量測體溫，並
經醫師診察評估，同時於評估醫師欄簽章，並請接種者於
接種名冊之同意接種簽名欄簽名。」，爰施打流感疫苗前
須先由醫師診察評估後，護理人員再予協助施打流感疫苗
。 
〔釋例類別〕 第 8 類 輔助醫療儀器檢測",https://drive.google.com/file/d/1IEo7JO0CoxnfXCeiRm87BLzYfexqwZH7/view?usp=drivesdk,,
interp-0429,護理人員法解釋彙編,第 24 條,〔釋例類別〕 第 8 類 輔助醫療儀器檢測,85.5.20,1996-05-20,衛署醫字第85008524號,所詢為病患量血壓是否係護理人員法第 24 條第 1 項第 4,311,312,324,325,護理人員、醫療輔助,彙編節錄,108年彙編多數未保留正本、副本或署名欄；本筆已依下一封函或下一條文邊界切分。,"85.5.20.衛署醫字第85008524 號函 
主旨：所詢為病患量血壓是否係護理人員法第 24 條第 1 項第 4
款所規定之醫療輔助行為？須具備何種資格之人始得為之
乙案，復請 查照。 
說明： 
一、復 貴署85 年2 月6 日嘉檢耀謙字第02671號暨85 年5 月1 
日嘉檢耀謙字第 08453 號函。 
二、按醫師法第 28 條所稱「醫療業務」之行為，係指凡以治
療、矯正或預防人體疾病、傷害、殘缺為目的，所為的診
察、診斷及治療；或基於診察、診斷結果，以治療為目的
，所為的處方、用藥、施術或處置等行為的全部或一部，
均屬之。 
三、查護理人員法第 24 條第 1 項第 4 款所稱醫療輔助行為之
範圍，前經本署以 82 年 6 月 29 日衛署醫字第 8246034 號
公告如附件。 
四、按單純之量血壓，如未涉及診斷，尚難認屬醫療業務，一
般民眾均可為之；惟如涉及疾病檢查、診斷與治療等醫療 業務之整體連貫作業，係屬醫療行為，應由醫師或由護產
人員依醫囑行之，本案請參酌上開原則依個案事實認定之
。",https://drive.google.com/file/d/1IEo7JO0CoxnfXCeiRm87BLzYfexqwZH7/view?usp=drivesdk,,
interp-0430,護理人員法解釋彙編,第 24 條,〔釋例類別〕 第 8 類 輔助醫療儀器檢測,86.2.1,1997-02-01,衛署醫字第86000412號,僅持有考試院檢覈及格證書執行護理業務應依護理人員法,312,312,325,325,護理人員、護理師、護士,彙編節錄,108年彙編多數未保留正本、副本或署名欄；本筆已依下一封函或下一條文邊界切分。,"86.2.1.衛署醫字第86000412 號函 
主旨：僅持有考試院檢覈及格證書執行護理業務應依護理人員法
第幾條懲處，及洗眼睛及紅外線眼睛照射之醫療儀器操作
是否屬護理人員之業務乙案，復請 查照。 
說明： 
一、復 貴處 86 年 1 月 3 日衛五字第 850095210 號函。 
二、護理人員法第1 條規定：「中華民國人民經護理人員考試
及格，並依本法領有護理人員證書者，得充護理人員。」
同法第 37 條規定： 「未取得護理人員資格，執行護理人員
業務者 ， 本人及其雇主各處新台幣1 萬 5 千元以上 15 萬元
以下罰鍰」。依上開規定，僅持有考試院護理師或護士檢
覈及格證書者，於尚未領取護理師或護士證書前，仍未具
備護理人員資格，其執行護理業務，應依違反護理人員法
第 37 條規定論處 。 惟因已經考試及格 ， 具備取得護理人員
之要件，祇因程序未完成，可依法從輕處罰。 
三、醫療機構之護士，依照醫師之處方指示，可為患者洗眼睛
。另紅外線眼睛照射之醫療儀器操作是否屬護理人員業務
乙節，請提供該儀器之工作原理、功能說明及理論效果等
資料憑處。",https://drive.google.com/file/d/1IEo7JO0CoxnfXCeiRm87BLzYfexqwZH7/view?usp=drivesdk,,
interp-0431,護理人員法解釋彙編,第 24 條,〔釋例類別〕 第 8 類 輔助醫療儀器檢測,86.5.21,1997-05-21,衛署醫字第86020733號,紅外線眼睛照射之醫療儀器操作是否屬護理人員業務乙案,312,313,325,326,護理人員,彙編節錄,108年彙編多數未保留正本、副本或署名欄；本筆已依下一封函或下一條文邊界切分。,"86.5.21.衛署醫字第86020733 號函 
主旨：紅外線眼睛照射之醫療儀器操作是否屬護理人員業務乙案
，復請 查照。 
說明： 
一、復 貴處 86 年 4 月 14 日衛五字第 860021111 號函。 
二、依所附資料，該紅外線眼睛照射儀器，為無須申領許可證
之醫療器材，得依醫師之指示，由護理人員操作。",https://drive.google.com/file/d/1IEo7JO0CoxnfXCeiRm87BLzYfexqwZH7/view?usp=drivesdk,,
interp-0432,護理人員法解釋彙編,第 24 條,〔釋例類別〕 第 8 類 輔助醫療儀器檢測,95.3.8,2006-03-08,衛署醫字第0950009157號,所詢衛生所之護理人員，因業務需求，在醫師指示下執行,313,313,326,326,護理人員,彙編節錄,108年彙編多數未保留正本、副本或署名欄；本筆已依下一封函或下一條文邊界切分。,"95.3.8.衛署醫字第 0950009157 號書函 
主旨：所詢衛生所之護理人員，因業務需求，在醫師指示下執行
驗孕或心電圖檢查(不具判讀之用)， 是否逾越醫師法第28
條或醫事檢驗師法第 12 條相關規範一案，復請 查照。 
說明： 
一、復 貴局 95 年 3 月 3 日北衛醫字第 0950014269 號函。 
二、查簡易之驗孕及心電圖檢查操作業務，係屬跨專業領域重
疊性之業務，得由醫事檢驗人員或護理人員依其專門職業
法律規定，依醫師指示為之。",https://drive.google.com/file/d/1IEo7JO0CoxnfXCeiRm87BLzYfexqwZH7/view?usp=drivesdk,,
interp-0433,護理人員法解釋彙編,第 24 條,〔釋例類別〕 第 8 類 輔助醫療儀器檢測,96.2.5,2007-02-05,衛署醫字第0960005075號,所詢衛生保健志願服務人員可否為民眾測量血壓、體溫、,313,313,326,326,護理人員、醫療輔助,彙編節錄,108年彙編多數未保留正本、副本或署名欄；本筆已依下一封函或下一條文邊界切分。,"96.2.5.衛署醫字第 0960005075 號書函 
主旨：所詢衛生保健志願服務人員可否為民眾測量血壓、體溫、
體重及血糖一案，復請 查照。 
說明： 
一、復 貴局 96 年 1 月 30 日北衛企字第0960005609 號函。 
二、按單純之量血壓、體溫及體重，如未涉及診斷，尚難認屬
醫療業務，一般民眾均可為之；惟如涉及疾病檢查、診斷
與治療等醫療業務之整體連貫作業，係屬醫療輔助行為，
應由醫師或由護理人員依醫囑為之，本案請參酌上開原則
依個案事實認定之。 
三、至測量血糖屬醫療輔助行為，係提供醫師診斷與治療之參
考數據，應由醫師或護理人員、醫事檢驗人員依醫師指示
為之。是以，由未具前該醫事人員資格者測量血糖，查與
前述規定不符。",https://drive.google.com/file/d/1IEo7JO0CoxnfXCeiRm87BLzYfexqwZH7/view?usp=drivesdk,,
interp-0434,護理人員法解釋彙編,第 24 條,〔釋例類別〕 第 8 類 輔助醫療儀器檢測,97.4.3,2008-04-03,衛署醫字第0970014380號,有關執行超音波影像、骨密度及紅外線掃描等業務人員資,313,314,326,327,護理人員,彙編節錄,108年彙編多數未保留正本、副本或署名欄；本筆已依下一封函或下一條文邊界切分。,"97.4.3.衛署醫字第0970014380 號函 
主旨：有關執行超音波影像、骨密度及紅外線掃描等業務人員資
格一案，請 查照。 
說明： 
一、復 貴院 97 年 3 月 21 日義醫字第 09700371 號函。 
二、查有關超音波檢查、骨密度及紅外線掃描等之操作業務， 係屬跨專業領域重疊性之業務。按本署前於 93 年 7 月 27
日召開「研議醫用超音波影像、骨密度及紅外線掃描等業
務人員資格」協調會之會議決議，略以： 
(一)超音波檢查過程中，操作者擷取之影像部位會影響醫 
療專業判斷時，應由醫師親自執行，至簡單超音波檢 
查，操作過程中未涉及影像部位擷取之選擇，著重機 
器操作技術層面，在醫療機構之醫事放射人員、醫事 
檢驗人員及護理人員得依其各該專門職業法律之規 
定，在醫師指導下，依醫囑操作執行。 
(二)骨密度檢查方式目前有三種：(1)非游離輻射：超音 
波。(2)游離輻射：X 光線。及(3)核子醫學(同位素攝 
影)。醫事放射人員在醫師指示下，可執行前三種檢 
查方式；至於 89 年 2 月 3 日醫事放射師法公布之前 
，在醫療機構已從事超音波操作業務，且目前仍繼續 
執行該項檢查業務之醫事檢驗人員及護理人員，其在 
醫師指示下，得執行骨密度超音波檢查。 
(三)紅外線影像造影之掃描操作，宜由醫事放射人員在醫 
師指示之下執行之。 
(四)為保障民眾安全及權益、維持醫療品質及避免醫療資 
源浪費，超音波檢查宜由醫師親自操作，或醫療機構 
經醫師診視後，在醫師指導下，得由醫事放射人員、醫事 
檢驗人員及護理人員依其各該專門職業法律之規定執 行
之。 
三、檢附上開會議紀錄 1 份，供參。",https://drive.google.com/file/d/1IEo7JO0CoxnfXCeiRm87BLzYfexqwZH7/view?usp=drivesdk,,
interp-0435,護理人員法解釋彙編,第 24 條,〔釋例類別〕 第 8 類 輔助醫療儀器檢測,97.8.29,2008-08-29,衛署醫字第0970034654號,有關護理人員法第 24 條第 1 項第 4 款醫療輔助行為疑義,314,315,327,328,護理人員、醫療輔助、病歷、麻醉、公共衛生,彙編節錄,108年彙編多數未保留正本、副本或署名欄；本筆已依下一封函或下一條文邊界切分。,"97.8.29.衛署醫字第0970034654 號函 
主旨：有關護理人員法第 24 條第 1 項第 4 款醫療輔助行為疑義
一案，復請 查照。 
說明： 
一、復 貴局 97 年 7 月 15 日嘉衛保字第 0970016928 號函。 
二、按醫療工作之診斷、處方、手術、病歷記載及施行麻醉等 醫療行為，係屬醫療業務之核心，應由醫師親自為之；其
餘醫療輔助行為在醫師就特定病人診察後，得指示由其他
醫事人員依其各該專門職業法律規定依醫囑為之。由於醫
療行為種類眾多 ， 對於高風險之醫療行為(如醫療技術 、 檢
查、檢驗及醫療儀器之操作)，涉屬病人安全之維護，基於
對民眾健康及醫療品質之提升，降低醫療風險，應由醫師
親自為之，合先敘明。 
三、復按一般視力檢查與眼底鏡檢查（或點散瞳劑）係屬醫療
行為，應由醫師或由醫事檢驗師、護理人員依其專門職業
法律規定，並依醫師指示操作執行。衛生所受過特別訓練
之護理人員，如係為推展預防保健公共衛生需要，依據衛
生機關工作計畫，在不涉及診斷及治療行為下執行一般視
力(如燈箱型 E 字視力表、NTU 亂點立體圖及紅藍眼鏡等)
之簡易篩檢，可視同在醫師指示下行之。至執行眼底、眼
壓檢查或點散瞳劑等醫療業務，因涉及診斷及處方之醫療
行為，基於對病人或民眾健康及安全之維護，建議在經醫
師親自診察後，由醫師親自為之或可指示由其他醫事人員
依其各該專門職業法律規定依醫囑為之。 
四、另本署為提升聽力檢查業務品質，刻正研擬聽力師法草案
，俟本法完成立法程序後，聽力檢查業務之執行，應由取
得聽力治療師證書人員，始得執行。至本法完成立法程序
前，聽力檢查人員尚無資格之限制。",https://drive.google.com/file/d/1IEo7JO0CoxnfXCeiRm87BLzYfexqwZH7/view?usp=drivesdk,,
interp-0436,護理人員法解釋彙編,第 24 條,〔釋例類別〕 第 8 類 輔助醫療儀器檢測,97.9.5,2008-09-05,衛署醫字第0970208776號,所詢有關運動心電圖係屬醫療行為或醫療輔助行為等疑義,315,317,328,330,護理人員、醫療輔助、病歷、麻醉,彙編節錄,108年彙編多數未保留正本、副本或署名欄；本筆已依下一封函或下一條文邊界切分。,"97.9.5.衛署醫字第0970208776 號函 
主旨：所詢有關運動心電圖係屬醫療行為或醫療輔助行為等疑義
一案，復請 查照。 
說明： 
一、復 台端 97 年 7 月 31 日來函。 
二、按醫師法第 28 條所稱「醫療業務」行為，係指凡以治療
、矯正或預防人體疾病、傷害、殘缺為直接目的，所為之
診察、診斷及治療；或基於診察、診斷結果，以治療為目 的，所為之處方、用藥、施術或處置等行為的全部或一部
總稱。是以，醫療工作之診斷、處方、手術、病歷記載及
施行麻醉等醫療行為，係屬醫療業務之核心，應由醫師親
自為之，其餘醫療輔助行為得在醫師就特定病人診察後，
由各該醫事人員本其專門職業法規所規定之業務，依照醫
囑執行之，不限於醫師親自在場指示或目視所及範圍以內
。合先敘明。 
三、查運動心電圖之檢測係屬醫療輔助行為，復依醫事檢驗師
法第 12 條規定 ， 醫事檢驗師業務包含臨床生理檢驗 ， 爰具
醫事檢驗師執照資格者，可依醫師醫囑執行該項檢查業務
，以提供醫師診斷與治療之參考。 
四、復查護理人員法第 24 條亦規定，護理人員得在醫師之指
示下從事醫療輔助行為，至前開所稱醫療輔助行為之範圍
， 自應依本署90 年 3 月 12 日衛署醫字第 0900017655 號函
修正公告之規定認定（依所附資料諒悉）。 
五、醫療機構應督導所屬醫事人員，依各該醫事專門職業法規
規定，執行業務，於醫療法 57 條即有明定。又同法第 68
條規定，醫療機構應督導其所屬醫事人員於執行業務時，
親自記載病歷或製作紀錄，並簽名或蓋章及加註執行年、
月、日。違者，將依同法第102、103 及 107 條規定論處。 
六、復按健康檢查作業流程中非屬上開說明二所稱應由醫師親
自執行之醫療行為者，得在醫師指示下，由各該醫事人員
依其專門職業法規規定為之。至健康檢查結果之總評及建
議，涉及醫療專業判斷，應由醫師親自為之。是以本案醫
院之健檢中心是否得由護理人員非經醫師就個案診視後指
示之情形下，逕行安排並進行其運動心電圖之檢查業務乙
節，除依上開原則外，仍尚須視個案事實及具體事證查明
後，方得予以認定。 
七、另如發現醫療機構疑有違反相關法規規定之情事時，建請
得檢具相關具體事證，逕向當地衛生局提出檢舉，以為查
處。",https://drive.google.com/file/d/1IEo7JO0CoxnfXCeiRm87BLzYfexqwZH7/view?usp=drivesdk,,
interp-0437,護理人員法解釋彙編,第 24 條,〔釋例類別〕 第 8 類 輔助醫療儀器檢測,97.10.5,2008-10-05,署醫字第0970083172號,所詢有關員工健康檢查使用音叉從事聽力檢測是否為醫療,317,317,330,330,護理人員,彙編節錄,108年彙編多數未保留正本、副本或署名欄；本筆已依下一封函或下一條文邊界切分。,"97.10.5.署醫字第0970083172 號函 
主旨：所詢有關員工健康檢查使用音叉從事聽力檢測是否為醫療
輔助行為疑義一案，復請 查照。 
說明： 
一、復 貴局 97 年 9 月 11 日北衛心字第 0970094213 號函。 
二、按聽力檢查業務，於醫事聽力師法立法完成前，尚無法界
定其是否專屬聽力師之業務範疇，爰目前仍得由其他醫事
人員依其各該專門職業法律之規定，在醫師指示下執行之
。 
三、是以，本案應依上開原則，並視個案事實予以認定。",https://drive.google.com/file/d/1IEo7JO0CoxnfXCeiRm87BLzYfexqwZH7/view?usp=drivesdk,,
interp-0438,護理人員法解釋彙編,第 24 條,〔釋例類別〕 第 8 類 輔助醫療儀器檢測,97.10.22,2008-10-22,衛署醫字第0970043357號,所詢有關合格護士依醫師之檢驗處方（門診之檢驗處方或,317,318,330,331,護理人員、護士、醫療輔助、病歷、麻醉,彙編節錄,108年彙編多數未保留正本、副本或署名欄；本筆已依下一封函或下一條文邊界切分。,"97.10.22.衛署醫字第0970043357 號函 
主旨：所詢有關合格護士依醫師之檢驗處方（門診之檢驗處方或
健檢之通囑）操作運動心電圖、或內視鏡等是否合法疑義
一案，復請 查照。 
說明： 
一、復 貴院 97 年 9 月 24 日西園醫字第 244 號函。 
二、按醫療工作之診斷、處方、手術、病歷記載及施行麻醉等
醫療行為，係屬醫療業務之核心，應由醫師親自為之，其
餘醫療輔助行為得在醫師就特定病人診察後，由各該醫事
人員本其專門職業法規所規定之業務 ， 依醫師法第28 條第
2 款之規定意旨，依照醫囑執行之。 
三、所詢有關運動心電圖之檢測乙節，檢附本署 97 年 9 月 5
日衛署醫字第 0970208776 號函釋在案之抄本(如附件)供
參。 
四、另按「侵入性醫療行為」，係指醫療行為步驟中，採用穿
刺；或採用皮膚切開術；或將器械、外來物置入人體來從
事診斷或治療之行為，均屬之。是以，內視鏡檢查屬侵入
性醫療行為，因仍有相當程度之危險性，應由醫師親自為
之。護理人員則得依其專門職業法規之規定，在醫師指導
下，協助醫師執行侵入性檢查。 五、本案除依上開原則外，仍尚須視個案事實認定。",https://drive.google.com/file/d/1IEo7JO0CoxnfXCeiRm87BLzYfexqwZH7/view?usp=drivesdk,,
interp-0439,護理人員法解釋彙編,第 24 條,〔釋例類別〕 第 8 類 輔助醫療儀器檢測,97.11.4,2008-11-04,衛署醫字第0970086877號,有關員工健康檢查，非醫事人員從事色盲檢測是否違反醫,318,318,331,331,護理人員、醫療輔助,彙編節錄,108年彙編多數未保留正本、副本或署名欄；本筆已依下一封函或下一條文邊界切分。,"97.11.4.衛署醫字第0970086877 號函 
主旨：有關員工健康檢查，非醫事人員從事色盲檢測是否違反醫
療相關法規疑義一案，復請 查照。 
說明： 
一、復 貴院97 年10 月28 日北衛心字第0970110178號函。 
二、查「體格檢查係屬醫療業務，其檢查項目中之身高、體重
測量及色盲檢查，得由醫師指示其他醫事人員為之，但體
格檢查結果之綜合判斷，應具備醫師資格者始得為之。」
前經本署 91 年 7 月 3 日衛署醫字第 0910038519 號函釋在
案。 
三、另查，「色盲檢測」係屬護理人員法第 24 條第 1 項第 4
款所稱之醫療輔助行為，護理人員執行該項業務，依同條
第 2 項規定，應在醫師之指示下為之；未具護理人員資格
者，在醫師授意或監督下執行該項護理人員業務，係 屬違
反護理人員法第37 條規定，則應依同條規定論處。",https://drive.google.com/file/d/1IEo7JO0CoxnfXCeiRm87BLzYfexqwZH7/view?usp=drivesdk,,
interp-0440,護理人員法解釋彙編,第 24 條,〔釋例類別〕 第 8 類 輔助醫療儀器檢測,98.5.7,2009-05-07,衛署醫字第0980013103號,所詢有關骨質密度檢測相關疑義一案，復請 查照。,318,319,331,332,護理人員、醫療輔助、病歷、麻醉、公共衛生,彙編節錄,108年彙編多數未保留正本、副本或署名欄；本筆已依下一封函或下一條文邊界切分。,"98.5.7.衛署醫字第0980013103 號函 
主旨：所詢有關骨質密度檢測相關疑義一案，復請 查照。 
說明： 
一、復 貴委員國會辦公室 98 年 5 月 5 日簡便簽。 
二、按醫師法第 28 條所稱「醫療業務」，係凡指以治療、矯
正或預防人體疾病、傷害、殘缺為直接目的，所為之診察
、診斷及治療；或基於診察、診斷結果，以治療為目的，
所為之處方、用藥、施術或處置等行為的全部或一部總稱
。是以，醫療工作之診斷、處方、手術、病歷記載及施行
麻醉等醫療行為，係屬醫療業務之核心，應由醫師親自為
之，其餘醫療輔助行為在醫師就特定病人診察後，由各該
醫事人員本其專門職業法規所規定之業務 ， 依醫師法第28
條第 2 款規定意旨，依照醫囑執行之，不限於醫師親自在 場指示或目視所及範圍以內。 
三、查本署 92 年 6 月 10 日衛署醫字第 0920213572 號函釋略
以，按醫用超音波、骨密度及紅外線掃描之操作業務，係
屬跨專業領域重疊性之業務，得由各該相關醫事人員依其
專門職業法律規定，並依醫師指示操作執行。 
四、復查本署93 年 7 月 27 日召開「研議超音波影像、骨密度
及紅外線掃描等業務人員資格」協調會之會議決議略以，
骨密度檢查方式目前有三種 ：(1)非游離輻射 ： 超音波。(2)
游離輻射：X 光線。及(3)核子醫學(同位素攝影)。醫事放
射人員在醫師指示下，可執行前三種檢查方式；至於 89
年 2 月 3 日醫事放射師法公布之前，在醫療機構已從事超
音波操作業務，且目前仍繼續執行該項檢查業務之醫事檢
驗人員及護理人員，其在醫師指示下，得執行骨密度超音
波檢查。另為推展預防保健公共衛生需要，護理人員依據
衛生機關工作計畫，在不涉及診斷及治療行為下，執行骨
密度超音波之簡易檢查，可視同在醫師指示下行之。 
五、另有關社區整合式篩檢之骨密度檢查，可否由非醫事專業
人員協助操作，核與規定不符，前經本署 93 年 4 月 13 日
衛署醫字第 0930013213 號函釋在案。 
六、是以，本案有關使用 DXA 儀器(雙能 X 光吸收儀；屬游離
輻射方式)，或QUS 儀器(定量超音波 ； 屬非游離輻射方式)
進行骨質密度檢測之操作人員資格，應依上開規定及原則
分別認定辦理。至檢測結果之說明，如涉及診斷或處置之
情形時，則應由醫師說明為宜。",https://drive.google.com/file/d/1IEo7JO0CoxnfXCeiRm87BLzYfexqwZH7/view?usp=drivesdk,,
interp-0441,護理人員法解釋彙編,第 24 條,〔釋例類別〕 第 8 類 輔助醫療儀器檢測,98.9.24,2009-09-24,衛署醫字第0980027951號,所詢有關執行眼科手術前之 K 值、DBR 檢測是否為醫療輔,319,320,332,333,護理人員、醫療輔助、病歷、麻醉,彙編節錄,108年彙編多數未保留正本、副本或署名欄；本筆已依下一封函或下一條文邊界切分。,"98.9.24.衛署醫字第0980027951 號函 
主旨：所詢有關執行眼科手術前之 K 值、DBR 檢測是否為醫療輔
助行為疑義一案，復請 查照。 
說明： 
一、依據中華民國眼科醫學會98 年 9 月18 日中眼台(98)字第
174 號函辦理，兼復 貴局 98 年 9 月 9 日北衛心字第 0980108358 號函。 
二、按醫師法第 28 條所稱「醫療業務」，係凡指以治療、矯
正或預防人體疾病、傷害、殘缺為直接目的，所為之診察
、診斷及治療；或基於診察、診斷結果，以治療為目的，
所為之處方、用藥、施術或處置等行為的全部或一部總稱
。是以，醫療工作之診斷、處方、手術、病歷記載及施行
麻醉等醫療行為，係屬醫療業務之核心，應由醫師親自為
之，其餘醫療輔助行為得在醫師就特定病人診察後，由各
該醫事人員本其專門職業法規所規定之業務，依照醫囑執
行之 。 復按護理人員之業務範圍 ， 於護理人員法第24 條及
本署 90 年 3 月 12 日以衛署醫字第 0900017655 號公告 ， 業
分別定有明文。 
三、次查，眼科 K 值與 DBR 檢測，係屬醫療輔助行為。又前開 
K 值與 DBR 值之測定，其準確度攸關白內障手術是否理想
之直接結果。爰依上開規定，得在醫師就特定病人診察後
，由各該醫事人員本其專門職業法規所規定之業務，依照
醫囑始得為之。非醫事人員自不得執行之。 
四、是以， 本案請依上開規定及原則 ， 就個案事實本於權責認定。",https://drive.google.com/file/d/1IEo7JO0CoxnfXCeiRm87BLzYfexqwZH7/view?usp=drivesdk,,
interp-0442,護理人員法解釋彙編,第 24 條,〔釋例類別〕 第 8 類 輔助醫療儀器檢測,104.1.16,2015-01-16,衛部照字第1040100860號,有關貴局所詢護理人員執行物理治療師相關業務是否涉及,320,321,333,334,護理人員、醫療輔助、麻醉,參照摘要,彙編中此筆為短摘要或參照其他頁碼，非完整公文全文。,"104.1.16 衛部照字第1040100860 號函 
主旨：有關貴局所詢護理人員執行物理治療師相關業務是否涉及
違法一案，復如說明，請查照。 
說明： 
一、復 貴局104 年 1 月 9 日衛醫字第 1040000260 號函。 
二、按醫療工作之診斷、處方、手術及施行麻醉等醫療行為，
係屬醫療業務之核心，應由醫師親自為之，其餘醫療工作
得在醫師就特定病人診察後，由各該醫事人員本其專門職
業法律所規定之業務，依醫師法第 28 條第 2 款規定之意
旨，依醫師指示或醫囑為之。 
三、查物理治療師法第 15 條規定：「物理治療師業務如左：
一、物理治療之評估及測試。二、物理治療目標及內容之 擬定。三、操作治療。四、運動治療。五、冷、熱、光、
電、水、超音波等物理治療。六、牽引、振動或其他機械
性治療。七、義肢、輪椅、助行器、裝具之使用訓練及指
導。八、其他經中央衛生主管機關認可之物理治療業務。
物理治療師執行業務，應依醫師開具之診斷、照會或醫囑
為之。」。 
四、次查，護理人員法第 24 條規定：「護理人員之業務如左
：一、健康問題之護理評估。二、預防保健之護理措施。
三、護理指導及諮詢。四、醫療輔助行為。前項第四款醫
療輔助行為應在醫師之指示下行之」。而上述所稱醫療輔
助行為之範圍包括：輔助施行侵入性檢查；輔助施行侵入
性治療、處置；輔助各項手術；輔助分娩；輔助施行放射
線檢查、治療；輔助施行化學治療；輔助施行氧氣療法 (
含吸入療法)、光線療法；輔助藥物之投與；輔助心理、
行為相關治療；病人生命徵象之監測與評估；其他經中央
主管機關認定之醫療輔助行為。前經本部90 年 3 月 12 日
衛署醫字第 0900017655 號函示在案(附件 1)。 
五、另本部(前行政院衛生署)前於 97 年 4 月 3 日衛署醫字第
09700371 號函釋有關執行超音波影像 、 骨密度及紅外線掃
描等業務人員資格一案(如附件 2)供參酌。惟貴局來函所
詢執行超音波治療等情節，與前揭函釋所指操作、檢查是
否相同，仍請就個案事實，依權責認定。 
（註：本函釋說明五所敘本署 97.4.3.衛署醫字第「09700371」號函
，係「0970014380」之誤值，請參閱P.313）",https://drive.google.com/file/d/1IEo7JO0CoxnfXCeiRm87BLzYfexqwZH7/view?usp=drivesdk,,
interp-0443,護理人員法解釋彙編,第 24 條,〔釋例類別〕 第 8 類 輔助醫療儀器檢測,105.7.22,2016-07-22,衛部照字第1050121473號,有關貴局函詢「里辦公處自行辦理里民健康篩檢保健活動,321,322,334,335,護理人員、醫療輔助、麻醉,彙編節錄,108年彙編多數未保留正本、副本或署名欄；本筆已依下一封函或下一條文邊界切分。,"105.7.22 衛部照字第1050121473 號 
主旨：有關貴局函詢「里辦公處自行辦理里民健康篩檢保健活動
疑義」一案，復如說明段，請查照。 
說明： 
一、復貴局105年7月19日新北醫字第1051306463號函。 
二、查本部 ( 前行政院衛生署 )96 年10 月12 日衛署醫字第 0960045197號函，略以:「二、查測量血糖、膽固醇係屬醫
療輔助行為，為提供醫師診斷與治療之參考。…至社區所
執行之血糖、尿糖、尿蛋白等之簡易篩檢，亦屬護理人員
法第24條第1項第4款所稱之醫療輔助行為業務範疇，…。
是以，護理人員得依醫師指示或醫囑，協助民眾執行
之。……。三、…，簡易血液檢體(血糖、血脂)之篩檢業
務，係屬跨專業領域重疊性之業務，得由醫師或醫事檢驗
人員、護理人員依其各該專門職業法律規定，依醫師指示
操作執行。……。」，再依本部 104年3月3日衛部照字第
1040004840號函，略以:「三、…醫療工作之診斷、處方、
手術及施行麻醉等醫療行為，係屬醫療業務之核心，應由
醫師親自為之，其餘醫療行為得在醫師就特定病人診察
後 ， 由各該醫事人員本其專門職業法規所規定之業務,依醫
師法第28條第1項第2款之規定意旨，依照醫囑執行之，不
限於醫師親自在場指示或目視所及範圍以內。……。」，
合先敘明。 
三、另依護理人員法第24條規定:「護理人員之業務如下：一、
健康問題之護理評估。二、預防保健之護理措施。三、護
理指導及諮詢。四、醫療輔助行為。前項第 4款醫療輔助
行為應在醫師之指示下行之。……。」，及本部 (前行政
院衛生署)90年3月12日衛署醫字第0900017655號公告，略
以:「二、前項公告醫療輔助行為之範圍，修訂如下：(1)
輔 助 施 行 侵 入 性 檢 查 。(2) 輔 助 施 行 侵 入 性 治 療 、 處
置。……。」。 
四、綜上所述，「測血糖及膽固醇檢查」係屬護理人員法第24
條第1項第4款之醫療輔助行為，爰護理人員執行該項業務
時，應在醫師之指示下執行，惟不限於醫師親自在場指示
或目視所及之範圍內。本案請貴局依權責及事實認定。",https://drive.google.com/file/d/1IEo7JO0CoxnfXCeiRm87BLzYfexqwZH7/view?usp=drivesdk,,
interp-0444,護理人員法解釋彙編,第 24 條,〔釋例類別〕 第 8 類 輔助醫療儀器檢測,106.3.15,2017-03-15,衛部照字第1069000308號,有關貴局函詢「量血壓、脈搏及體溫等疑義」一案，復如 說明段，請查照。,322,323,335,336,護理人員、醫療輔助、病歷,彙編節錄,108年彙編多數未保留正本、副本或署名欄；本筆已依下一封函或下一條文邊界切分。,"106.3.15 衛部照字第1069000308 號 
主旨：有關貴局函詢「量血壓、脈搏及體溫等疑義」一案，復如 說明段，請查照。 
說明： 
一、復貴局106年3月1日中市衛醫字第1060010760號函。 
二 、 依護理人員法第24條規定 ， 略以 ： 「護理人員之業務如下：
一 、 健康問題之護理評估 。 二 、 預防保健之護理措施 。 三、
護理指導及諮詢。四、醫療輔助行為。前項第四款醫療輔
助行為應在醫師之指示下行之。…。」。 
三 、 依 本 部( 前 行 政 院 衛 生 署)90 年3 月12 日 衛 署 醫 字 第
0900017655號公告，略以：「二、前項公告醫療輔助行為
之範圍，修訂如下：…… (10)病人生命徵象之監測與評
估。…。」再依本部(前行政院衛生署)97年9月11日衛署
醫字第0970215426號函，略以：「六、至單純之量血壓、
脈搏及體溫，如未涉及診斷，尚難認屬醫療業務，一般民
眾均可為之；惟如涉及疾病檢查、診斷與治療等醫療業務
之整體連貫作業，係屬醫療行為，應由醫師或由護理人員
依醫囑行之。」。 
四、承上，有關所詢醫院雇用佐理員(非護理人員)測量生命徵
象(體溫、脈搏、呼吸及血壓)，如所雇人員(非護理人員)
係依醫囑執行前述業務，尚難認非屬醫療業務，僅予單純
之測量，爰本案仍請參酌上開原則及個案事實認定之。 
〔釋例類別〕 第 9 類 其他（輔助病歷處理、協助石膏固定……
）",https://drive.google.com/file/d/1IEo7JO0CoxnfXCeiRm87BLzYfexqwZH7/view?usp=drivesdk,,
interp-0445,護理人員法解釋彙編,第 24 條,〔釋例類別〕 第 9 類 其他（輔助病歷處理、協助石膏固定……,93.11.3,2004-11-03,衛署醫字第0930038903號,有關護理人員協助醫師謄寫病人「出院病歷摘要」或「病,323,324,336,337,護理人員、病歷,彙編節錄,108年彙編多數未保留正本、副本或署名欄；本筆已依下一封函或下一條文邊界切分。,"93.11.3.衛署醫字第0930038903 號函 
主旨：有關護理人員協助醫師謄寫病人「出院病歷摘要」或「病
歷」 後，交由醫師審閱核章，是否違反醫師法第28 條 「擅
自執行醫療業務」之規定乙案，復請 查照。 
說明： 
一、復 貴局93 年9 月13 日南市衛醫字第0930021259號函。 
二、按凡以治療、矯正或預防人體疾病、傷害、殘缺或保健為 直接目的，所為的診察、診斷及治療；或基於診察或診斷
結果，以治療為目的，所為的處方、用藥、施術或處置等
行為的全部或一部，總稱為醫療行為。 
三、本案護理人員書寫護理紀錄或協助醫師謄寫病人「出院病
歷摘要」後，交由醫師審閱核章，並未涉及執行醫療業務
，尚不構成違反醫師法第 28 條之規定。",https://drive.google.com/file/d/1IEo7JO0CoxnfXCeiRm87BLzYfexqwZH7/view?usp=drivesdk,,
interp-0446,護理人員法解釋彙編,第 24 條,〔釋例類別〕 第 9 類 其他（輔助病歷處理、協助石膏固定……,94.3.31,2005-03-31,衛署醫字第0940010493號,所詢醫師使用電腦處理病歷，可否授權行政人員黏貼於紙,324,325,337,338,護理人員、病歷,彙編節錄,108年彙編多數未保留正本、副本或署名欄；本筆已依下一封函或下一條文邊界切分。,"94.3.31.衛署醫字第0940010493 號函 
主旨：所詢醫師使用電腦處理病歷，可否授權行政人員黏貼於紙
本病歷及用印乙案，復請 查照。 
說明： 
一、復 貴局 94 年 3 月 11 日投衛局字第 0940003173 號函。 
二、查醫療法第 68 條第 1 項規定，醫療機構應督導其所屬醫
事人員於執行業務時，親自記載病歷或製作病歷，並簽名
或蓋章及加註執行年、月、日。 
三、又查醫療機構實施電子病歷作業要點第3 點規定，以電子
文件方式製作、保存之病歷(以下簡稱電子病歷)，應經由
行政院衛生署醫療憑證管理中心簽發憑證之醫事人員卡或
醫事機構卡製作，並符合下列各款規定，得全部或部分免
以書面方式製作：(一)電子病歷於記錄完成時，應由製作
人以醫事人員卡加以簽署，並紀錄簽署之時間，且不得刪
除。(二)電子病歷之修改，應一併保留原有紀錄，並應由
修改人以醫事人員卡於修改部分加以簽署，並紀錄簽署之
時間。(三)列印或查詢電子病歷時，應能完整呈現其內容
，以供日後檢驗。(四)電子病歷系統應具有防止竄改之功
能及使用權限管控機制。(五)電子病歷系統應具備系統故
障時之回復機制及緊急應變措施，以確保醫療作業之進行
。(六)電子病歷應有備份之機制，以確保病歷之完整保存
。(七)電子病歷系統更新時，應確保更新前製作之電子病
歷資料得完整呈現。 
四、本案醫療機構使用電腦處理病歷，於醫師診治病人後，由 電腦列印出病歷，授權行政人員粘貼於紙本病歷上，尚無
不可，惟除符合前開醫療機構實施電子病歷作業要點第 3
點規定外，仍應依醫療法第68 條規定，親自簽名或蓋章。",https://drive.google.com/file/d/1IEo7JO0CoxnfXCeiRm87BLzYfexqwZH7/view?usp=drivesdk,,
interp-0447,護理人員法解釋彙編,第 24 條,〔釋例類別〕 第 9 類 其他（輔助病歷處理、協助石膏固定……,97.3.11,2008-03-11,衛署醫字第0970010995號,有關護理人員經訓練後可否協助執行石膏固定等業務一案,325,325,338,338,護理人員、醫療輔助、病歷、麻醉,彙編節錄,108年彙編多數未保留正本、副本或署名欄；本筆已依下一封函或下一條文邊界切分。,"97.3.11.衛署醫字第0970010995 號函 
主旨：有關護理人員經訓練後可否協助執行石膏固定等業務一案
，復請 查照。 
說明： 
一、復 貴局97 年3 月5 日新縣衛醫字第0970002820號函。 
二、按醫師法第 28 條所稱「醫療業務」行為，係指凡以治療
、矯正或預防人體疾病、傷害、殘缺為直接目的，所為之
診察、診斷及治療；或基於診察、診斷結果，以治療為目
的，所為之處方、用藥、施術或處置等行為的全部或一部
總稱。是以，醫療工作之診斷、處方、手術、病歷記載及
施行麻醉等醫療行為，係屬醫療業務之核心，應由醫師親
自為之，其餘醫療輔助行為得在醫師就特定病人診察後，
由各該醫事人員本其專門職業法規所規定之業務，依醫師
法第 28 條但書二之規定意旨 ， 依照醫囑執行之 ， 不限於醫
師親自在場指示或目視所及範圍以內。合先敘明。 
三、查石膏固定係屬手術連續過程之一環；另查「輔助各項手
術」 係屬護理人員法第24 條第 1 項第4 款所稱醫療輔助行
為之範圍 ， 前經本署90 年3 月12 日衛署醫字第0900017655
號函釋在案。惟石膏固定過程中，就骨骼、關節及韌帶等
位置如何正確固定，涉及高度之專業判斷及操作技術時，
應由醫師親自執行；又石膏固定過程中，未涉及固定部位
之醫療判斷時，在醫療機構受過骨科專業訓練之護理人員
，得依其專門職業法律之規定，在醫師指導下，依醫囑操
作執行。爰此，本案護理人員受訓練後，在醫師指導下，
得協助醫師執行石膏固定過程之醫療輔助行為。",https://drive.google.com/file/d/1IEo7JO0CoxnfXCeiRm87BLzYfexqwZH7/view?usp=drivesdk,,
interp-0448,護理人員法解釋彙編,第 24 條,〔釋例類別〕 第 9 類 其他（輔助病歷處理、協助石膏固定……,97.4.1,2008-04-01,衛署醫字第0970014826號,有關民眾檢舉 貴市○○骨科醫院行政副院長何○○君未,325,326,338,339,護理人員、醫療輔助、病歷,完整公文格式,來源文字尾端含正本、副本、頁碼或署名等公文結尾資訊。,"97.4.1.衛署醫字第 0970014826 號書函 主旨：有關民眾檢舉 貴市○○骨科醫院行政副院長何○○君未
具醫事人員資格，其領有接骨技術員執照為病患上石膏之
行為是否違反相關醫事人員法規疑義一案，復請 查照。 
說明： 
一、復 貴局97 年3 月25 日高市衛醫字第0970011168號函。 
二、依醫療專業，所謂「接骨」包括「骨折」與「脫臼」之整
復 。 前經本署92 年 3 月 13 日衛署醫字第 0920011577 號函
釋在案。 
三、查接骨係屬醫療行為，未具醫師資格者，不得為之。另查
，領有本署核發之「國術損傷接骨技術員登記證」者，其
從事國術損傷接骨整復工作，依「國術損傷接骨技術員管
理辦法」第 3 條規定，應依中醫師指示為之。 
四、至於將病人骨折部位輔以石膏固定係屬醫療輔助行為；次
查「輔助施行侵入性檢查、處置。」及「輔助各項手術。
」 係屬護理人員法第24 條第 1 項第4 款所稱醫療輔助行為
之範圍，得由護理人員依醫師指示為之；未具護理人員資
格者依醫囑執行前述行為，應認屬違反護理人員法第 37
條之規定。是以，本案請依前揭原則，視個案事實認定辦
理。 
（註：本函釋醫院及當事人之名字以○○表示）",https://drive.google.com/file/d/1IEo7JO0CoxnfXCeiRm87BLzYfexqwZH7/view?usp=drivesdk,,
interp-0449,護理人員法解釋彙編,第 24 條,〔釋例類別〕 第 9 類 其他（輔助病歷處理、協助石膏固定……,101.4.11,2012-04-11,衛署醫字第1010203180號,所詢學校護理人員受託協助校內研究計畫進行人體抽血採,326,327,339,340,護理人員、醫療輔助、病歷,彙編節錄,108年彙編多數未保留正本、副本或署名欄；本筆已依下一封函或下一條文邊界切分。,"101.4.11.衛署醫字第 1010203180 號函 
主旨：所詢學校護理人員受託協助校內研究計畫進行人體抽血採
樣之適法性一案，復請 查照。 
說明： 
一、復 貴部101 年3 月15 日臺高(四)字第1010043146號函。 
二、按醫師法第 28 條所稱「醫療業務」行為，係指凡以治療
、矯正或預防人體疾病、傷害、殘缺為直接目的，所為之
診察、診斷及治療；或基於診察、診斷結果，以治療為目
的，所為之處方、用藥、施術或處置等行為的全部或一部
總稱。另，人體研究法第3 條第 2 項規定：「人體研究之 監督、查核、管理、處分及研究對象權益保障等事項，由
主持人體研究者(簡稱研究主持人)所屬機關(構)、學校、
法人或團體(簡稱研究機構)之中央目的事業主管機關管
轄。」；第 5 條第 1 項規定：「研究主持人實施研究前，
應擬定計畫，經倫理審查委員會(簡稱審查會)審查通過，
始得為之。但研究計畫屬主管機關公告得免審查之研究案
件範圍者，不在此限。」。 
三、爰此，研究計畫進行人體抽血採樣，非屬醫療行為，即非
醫療輔助行為，至學校護理人員如係受託協助校內研究計
畫進行人體抽血採樣，上揭計畫應經人體研究法相關規定
審查通過，始得為之。",https://drive.google.com/file/d/1IEo7JO0CoxnfXCeiRm87BLzYfexqwZH7/view?usp=drivesdk,,
interp-0450,護理人員法解釋彙編,第 24 條,〔釋例類別〕 第 9 類 其他（輔助病歷處理、協助石膏固定……,106.2.23,2017-02-23,衛部照字第1061560405號,有關貴院函詢「對長照之家住民施以抬手、抬腳、翻滾及,327,328,340,341,護理人員、醫療輔助、病歷、麻醉,彙編節錄,108年彙編多數未保留正本、副本或署名欄；本筆已依下一封函或下一條文邊界切分。,"106.2.23 衛部照字第1061560405 號 
主旨：有關貴院函詢「對長照之家住民施以抬手、抬腳、翻滾及
趴臥等動作，是否屬於護理行為或醫療行為」一案，復如
說明，請查照。 
說明： 
一、復貴院106年2月8日北院隆刑寅106醫易1字第1060001347 
號函。 
二、查本部 （ 前行政院衛生署 ）97 年9 月5 日 衛 署 醫 字 第
0970208776號函略以:「按醫師法第28條所稱『醫療業務』
行為，係指凡以治療、矯正或預防人體疾病、傷害、殘缺
為直接目的，所為之診察、診斷及治療；或基於診察、診
斷結果，以治療為目的，所為之處方、用藥、施術或處置
等行為的全部或一部總稱 。 是以 ， 醫療工作之診斷 、 處方、
手術、病歷記載及施行麻醉等醫療行為，係屬醫療業務之
核心，應由醫師親自為之，其餘醫療輔助行為得在醫師就
特定病人診察後，由各該醫事人員本其專門職業法規所規
定之業務，依照醫囑執行之，不限於醫師親自在場指示或
目視所及範圍以內。」先以敘明。 
三、再依護理人員法第24條規定，略以：「護理人員之業務如 下 ： 一 、 健康問題之護理評估 。 二 、 預防保健之護理措施。
三、護理指導及諮詢。四、醫療輔助行為。前項第 4款醫
療輔助行為應在醫師之指示下行之。……。」。 
四、承上，有關貴院函詢為長照之家住民施以抬手、抬腳、翻
滾及趴臥等動作，仍需視執行該等動作之目的及住民之整
體狀況而定，然因未提供案由及事實現況，欠難片段解釋
究是否為醫療行為之認定。",https://drive.google.com/file/d/1IEo7JO0CoxnfXCeiRm87BLzYfexqwZH7/view?usp=drivesdk,,
interp-0451,護理人員法解釋彙編,第 24 條,〔釋例類別〕 第 9 類 其他（輔助病歷處理、協助石膏固定……,106.9.6,2017-09-06,衛部照字第1060126663號,106.9.6 衛部照字第1060126663 號,328,329,341,342,護理人員、護理師、護士、護理機構、醫療輔助、執業登記、執業執照、病歷,彙編節錄,108年彙編多數未保留正本、副本或署名欄；本筆已依下一封函或下一條文邊界切分。,"106.9.6 衛部照字第1060126663 號 
主旨 ： 有關函詢護理長執行護理行政業務是否屬護理人員法第24 
條規範之護理人員業務，復如說明，請查照。 
說明： 
一、復貴局 106 年 8 月 30 日中市衛醫字第 1060084512 號函。 
二、依護理人員法第7 條第 1 項規定：「非領有護理師或護士
證書者，不得使用護理師或護士名稱。」、同法第 8 條第
1 項：「護理人員應向執業所在地直轄市、縣(市)主管機
關申請執業登記，領有執業執照，始得執業。」、第 12
條：「護理人員執業，應在所在地主管機關核准登記之醫
療機構、護理機構或其他經中央主管機關認可之機構為之
。但急救、執業機構間之支援或經事先報准者，不在此限
。」 、第24 條： 「護理人員之業務如下：一、健康問題之
護理評估。三、預防保健之護理措施。三、護理指導及諮
詢。 三、醫療輔助行為。前項第四款醫療輔助行為應在醫
師之指示下行之。······」 及第38 條規定： 「違反第七條
或第十八條之一第二項規定者，處新臺幣一萬元以上六萬
元以下罰鍰，並令限期改善；屆期未改善者，按次連續處
罰。」，先予敘明。 
三、經查本部(前行政院衛生署)83 年 6 月 17 日衛署醫字第 
83035198 號函， 「醫療機構之醫事人員，不論其職稱為何 
，如係執行各該專業法規所規定之專業業務工作，均應依 
規定辦理執業登記」 、83 年6 月17 日衛署醫字第83035199 號函，「護理人員擔任護理學校教師，從事護理教育或護
生實習指導工作，非以執行護理人員業務為其職業，可無
須辦理執業登記。如欲辦理執業登記者，應向其學校所在
地之地方衛生主管機關申請執業登記，並以其學校為登記 
處所」及 100 年 3 月 17 日衛署醫字第 1000063179 號函，
略以： 「二、按護理人員法第12 條規定，護理人員執業，
應在所在地主管機關核准登記之醫療機構、護理機構或其
他經中央主關機關認可之機構為之。但急救、執業機構間
之支援或經事先報准者，不在此限。查……如非以執行護
理人員業務為其職業，可無須辦理執業登記。三、……如
有涉及需實際執行護理人員法第 24 條所定業務範疇內之
臨床行為者，仍應依同法第 8 條規定辦理執業登記，始得
為之。……。…辦理支援報備…，亦應依同法相關規定辦
理。……」。 
四、承上，「護理長」係屬醫療機構內之人事編制職稱，若其 
工作職掌有從事護理人員法第 24 條規定之護理業務者 ， 依
法須辦理執業登記始得執業，另於機構間支援亦應依法辦
理支援報備；若無涉及護理業務，則不須辦理護理人員執
業登記或支援報備。至有關所詢 「護理人員法第24 條第 1
項所定業務中『護理指導及諮詢』是否限於面對病患為之
，抑或未直接對病患施以指導諮詢」疑義乙節，如僅對護
理人員進行護理教育或指導，建請參考上開函釋及依個案
事實認定。",https://drive.google.com/file/d/1IEo7JO0CoxnfXCeiRm87BLzYfexqwZH7/view?usp=drivesdk,,
interp-0452,護理人員法解釋彙編,第 25 條,〔釋例類別〕 第 9 類 其他（輔助病歷處理、協助石膏固定……,94.7.12,2005-07-12,衛署醫字第0940028136號,所詢何○○先生與○○醫院之醫療爭議案中，有關護理紀,329,330,342,343,護理人員、病歷,彙編節錄,108年彙編多數未保留正本、副本或署名欄；本筆已依下一封函或下一條文邊界切分。,"94.7.12.衛署醫字第 0940028136 號書函 
主旨：所詢何○○先生與○○醫院之醫療爭議案中，有關護理紀
錄製作事隔 2 個月後再行補記錄，是否違反護理人員法之 相關規定一節，復請 查照。
說明： 
一、復 貴局 94 年 6 月 30 日北市衛醫護字第 09434579500 號
函。 
二、按護理人員執行業務應製作紀錄，為護理人員法第 25 條
第 1 項所明定 。 另依醫療法第68 條第 2 項規定 ， 病歷或紀
錄如有增刪，應於增刪處簽名或蓋章及註明年、月、日；
刪改部分，應以畫線去除，不得塗燬。是以，醫療機構督
導所屬護理人員於執行護理業務時，應親自製作紀錄，並
應依醫療法第 68 條第 1 項規定簽名或蓋章及加註執行年 、
月、日；前項護理紀錄如有增刪，亦應符合醫療法第 68
條之相關規定。爰此，本案護理紀錄製作情形，請依上述
相關規定依法查處。 
（註：本函釋當事人之名字、醫院以○○表示）",https://drive.google.com/file/d/1IEo7JO0CoxnfXCeiRm87BLzYfexqwZH7/view?usp=drivesdk,,
interp-0453,護理人員法解釋彙編,第 25 條,〔釋例類別〕 第 9 類 其他（輔助病歷處理、協助石膏固定……,95.10.26,2006-10-26,衛署醫字第0950045735號,所詢未取得護理人員資格之護理學校畢業生製作護理紀錄,330,331,343,344,護理人員、醫療輔助、病歷,彙編節錄,108年彙編多數未保留正本、副本或署名欄；本筆已依下一封函或下一條文邊界切分。,"95.10.26.衛署醫字第 0950045735 號書函 
主旨：所詢未取得護理人員資格之護理學校畢業生製作護理紀錄
疑義一案，復請 查照。 
說明： 
一、依據 貴局 95 年 10 月 13 日北衛醫字第 0950084334 號函
辦理。 
二、查護理人員法第 24 條規定：「護理人員之業務如左：一
、健康問題之護理評估。二、預防保健之護理措施。三、
護理指導及諮詢。四、醫療輔助行為。前項第四款醫療輔
助行為應在醫師之指示下行之。」另查同法第 25 條第 1
項規定：「護理人員執行業務時，應製作紀錄。」即護理
紀錄之製作，係屬護理人員執行業務連續過程之一環，先
予敘明。 
三、次查護理人員法第 37 條規定：「未取得護理人員資格，
執行護理人員業務者，本人及其雇主各處新台幣 1 萬 5 千
元以上 15 萬元以下罰鍰 。 但在護理人員指導下實習之高級 護理職業以上學校之學生或畢業生，不在此限。」。是以
，護理學校應屆畢業生或已畢業尚未取得護理人員證書者
，並未具護理人員資格，不得獨立執行護理業務；其若執
行護理業務，應在護理人員指導下為之，而其所為之護理
紀錄，並應經指導護理人員簽名或蓋章，始符合法；未依
前述規定執行護理業務者 ， 則依違反護理人員法第37 條規
定論處。本案請依上揭規定辦理。",https://drive.google.com/file/d/1IEo7JO0CoxnfXCeiRm87BLzYfexqwZH7/view?usp=drivesdk,,
interp-0454,護理人員法解釋彙編,第 25 條,〔釋例類別〕 第 9 類 其他（輔助病歷處理、協助石膏固定……,95.11.21,2006-11-21,衛署醫字第0950050648號,所詢護理機構申請歇業，惟該機構於歇業後無他人承接，,331,331,344,344,護理人員、護理機構、開業、歇業、病歷,彙編節錄,108年彙編多數未保留正本、副本或署名欄；本筆已依下一封函或下一條文邊界切分。,"95.11.21.衛署醫字第0950050648 號函 
主旨：所詢護理機構申請歇業，惟該機構於歇業後無他人承接，
關於其病歷保存期限及後續處理一案 ， 請比照醫療法第70
條第 2 項及第 3 項規定辦理，復請 查照。 
說明：復 貴局 95 年 11 月 15 日北市衛護醫字第 09538609300
號函。 
（註：1.醫療法第70 條第 2 項規定：醫療機構因故未能繼續開業，其 
病歷應交由承接者依規定保存；無承接者時，病人或其代理 
人得要求醫療機構交付病歷；其餘病歷應繼續保存六個月以 
上，始得銷燬。 
2.醫療法第 70 條第3 項規定：醫療機構具有正當理由無法保存 
病歷時，由地方主管機關保存。）",https://drive.google.com/file/d/1IEo7JO0CoxnfXCeiRm87BLzYfexqwZH7/view?usp=drivesdk,,
interp-0455,護理人員法解釋彙編,第 25 條,〔釋例類別〕 第 9 類 其他（輔助病歷處理、協助石膏固定……,96.5.22,2007-05-22,衛署醫字第0960203313號,所詢「現行護理及醫療相關法規規定，護理人員執行業務,331,332,344,345,護理人員、病歷,彙編節錄,108年彙編多數未保留正本、副本或署名欄；本筆已依下一封函或下一條文邊界切分。,"96.5.22.衛署醫字第 0960203313 號書函 
主旨：所詢「現行護理及醫療相關法規規定，護理人員執行業務
時是否製作記錄？如果忘了記錄嗣後可否補行記錄？其補
正時限有否規定？」一案，復請 查照。 
說明： 
一、依據 台端 96 年 5 月 17 日到署檢附96 年 5 月 16 日陳情
函辦理。 
二、按護理人員執行業務應製作紀錄，為護理人員法第 25 條
第 1 項所明定 。 另依醫療法第68 條第 2 項規定 ， 病歷或紀
錄如有增刪，應於增刪處簽名或蓋章及註明年、月、日； 刪改部分，應以畫線去除，不得塗燬。是以，護理人員於
執行護理業務時，應親自製作紀錄，倘護理紀錄如有增刪
， 並應依醫療法第68 條第 1 項規定簽名或蓋章及加註執行
年、月、日。又該護理紀錄如有增刪，亦應符合醫療法第
68 條之相關規定。",https://drive.google.com/file/d/1IEo7JO0CoxnfXCeiRm87BLzYfexqwZH7/view?usp=drivesdk,,
interp-0456,護理人員法解釋彙編,第 25 條,〔釋例類別〕 第 9 類 其他（輔助病歷處理、協助石膏固定……,96.7.3,2007-07-03,衛署醫字第0960023885號,所詢護理機構之護理紀錄或照護紀錄保存年限一案，復如,332,332,345,345,護理人員、護理機構、居家護理、護理之家、病歷,彙編節錄,108年彙編多數未保留正本、副本或署名欄；本筆已依下一封函或下一條文邊界切分。,"96.7.3.衛署醫字第 0960023885 號書函 
主旨：所詢護理機構之護理紀錄或照護紀錄保存年限一案，復如
說明段，請 查照。 
說明： 
一、復 貴會 96 年 5 月 28 日護協字第 0960037 號函。 
二、按護理人員法第 25 條規定：「護理人員執行業務時，應
製作紀錄。前項紀錄應由該護理人員執業之機構保存十年
。」是以，居家護理機構及護理之家機構，對於轉診及醫
師每次診察之病歷摘要，應連同護理紀錄依前揭規定妥善
保存。 
三、至護理機構對於前揭病歷保存場所，除應符合建築物使用
用途規定外，如設置於地下室，並應裝置必要之防潮、防
水設施（如緊急發電機、抽水機、消防設施等），並有專
人定期進行保養維修與緊急情況處理演習，以確保該設備
隨時處於堪用狀態。遇緊急情況時，適時開啟使用，始足
以認定該護理機構已善盡保管、保存之責。",https://drive.google.com/file/d/1IEo7JO0CoxnfXCeiRm87BLzYfexqwZH7/view?usp=drivesdk,,
interp-0457,護理人員法解釋彙編,第 25 條,〔釋例類別〕 第 9 類 其他（輔助病歷處理、協助石膏固定……,96.8.1,2007-08-01,衛署醫字第0960032753號,有關 台端所陳安養機構限制住民選擇轉介醫院之規定爭,332,333,345,346,護理人員、護理機構、居家護理、病歷,彙編節錄,108年彙編多數未保留正本、副本或署名欄；本筆已依下一封函或下一條文邊界切分。,"96.8.1.衛署醫字第 0960032753 號書函 
主旨：有關 台端所陳安養機構限制住民選擇轉介醫院之規定爭
議及居家護理機構之護理紀錄申請疑義與醫療處置相關規
範等情一案，復請 查照。 
說明： 
一、復 台端 96 年 5 月 15 日及 7 月 20 日陳情書。 
二、查安養機構係依老人福利法所設之老人福利服務機構，相
關管理及規範非屬本署業務職責範疇，是以，關於安養機 構限制住民選擇轉介醫院規定之爭議，建請可洽詢內政部
或縣市政府社政單位，以澄清疑義，先予敘明。 
三、關於申請居家護理機構之護理紀錄一節，經查本署業已轉
請各縣市衛生局轉告所轄護理機構 ， 比照醫療法第71 條之
相關規定，依住民之要求提供護理紀錄等病歷複製本，以
維護其知之權益。 
四、另所詢關於醫療處置相關疑義一節，查結核病係屬第3 類
法定傳染病，關於開放性肺結核診斷、治療及處置，醫療
機構應依個案病情進展而予適切之治療及處置，並依傳染
病防治法之相關規定通報，並對於傳染病人之體液、分泌
物、排泄物及其他可能具傳染性物品施行必要之消毒或其
他適當處置；違者，視違法情節，依傳染病防治法之相關
規定論處。 
五、至所述從病人後背腰部腎臟置引流管係屬侵入性處置或手
術及所應填具之同意書種類一節，查相關醫療處置，應視
個案病情所需，經醫師醫療專業判斷後為之。爰此，本案
情節應依個案事實認定，至關於同意書之填具，請依醫療
法第 63 條、第 64 條規定辦理。",https://drive.google.com/file/d/1IEo7JO0CoxnfXCeiRm87BLzYfexqwZH7/view?usp=drivesdk,,
interp-0458,護理人員法解釋彙編,第 25 條,〔釋例類別〕 第 9 類 其他（輔助病歷處理、協助石膏固定……,96.8.2,2007-08-02,衛署照字第0962801382號,所詢專科護理師執業範圍中，有關「記錄住院病人病情及,333,334,346,347,護理人員、護理師、專科護理師、病歷,彙編節錄,108年彙編多數未保留正本、副本或署名欄；本筆已依下一封函或下一條文邊界切分。,"96.8.2.衛署照字第0962801382 號函 
主旨：所詢專科護理師執業範圍中，有關「記錄住院病人病情及
各項檢查、檢驗結果」，是否可記錄於病歷之病程紀錄（
progress note）乙案，復請 查照。 
說明： 
一、復 貴局 96 年 7 月 11 日衛醫字第 0960027976 號函。 
二、按護理人員執行業務應製作紀錄，為護理人員法第 25 條
第 1 項所明定 。 另依醫療法第67 條第 1 項及第 2 項規定：
「醫療機構應建立清晰、詳實、完整之病歷。前項所稱病
歷，包括下列各款之資料：(一)醫師依醫師法執行業務所
製作之病歷。(二)各項檢查、檢驗報告資料。(三)其他各
類醫事人員執行業務所製作之紀錄。」。同法第 68 條第 1 項及第 2 項規定：「醫療機構應督導其所屬醫事人員於執
行業務時，親自記載病歷或製作紀錄，並簽名或蓋章及加
註執行年、月、日。前項病歷或紀錄如有增刪，應於增刪
處簽名或蓋章及註明年、月、日；刪改部分，應以畫線去
除，不得塗燬。」。先予敘明。 
三、至專科護理師執業過程之紀錄，可否直接書寫於醫師專用
之病程紀錄（ progress note ）上一節，按病程紀錄（
progress note） 係病人於住院中，醫事人員觀察病情發展
及進行各種診斷、治療相關流程與結果之紀錄，法無明文
規定屬某類醫事人員之紀載，惟該紀錄之製作，仍應依前
揭規定辦理。",https://drive.google.com/file/d/1IEo7JO0CoxnfXCeiRm87BLzYfexqwZH7/view?usp=drivesdk,,
interp-0459,護理人員法解釋彙編,第 25 條,〔釋例類別〕 第 9 類 其他（輔助病歷處理、協助石膏固定……,96.8.2,2007-08-02,衛署醫字第0960203353號,有關護理機構之住民，要求該護理機構提供護理紀錄等病,334,335,347,348,護理人員、護理機構、收費、病歷,彙編節錄,108年彙編多數未保留正本、副本或署名欄；本筆已依下一封函或下一條文邊界切分。,"96.8.2.衛署醫字第0960203353 號函 
主旨：有關護理機構之住民，要求該護理機構提供護理紀錄等病
歷複製本一案 ， 請比照醫療法第71 條等相關規定辦理 ， 並
輔導所轄護理機構配合，請 查照。 
說明：為尊重護理機構住民知之權利，及應住民轉診之需要，提
供醫療機構診療之參考，護理機構應依其住民之要求，提
供護理紀錄等病歷複製本；辦理時，應考量住民之負擔，
並參酌本署93 年9 月30 日衛署醫字第0930217501 號函之
說明事項辦理。 
（註：本函釋說明段所敘本署93.9.30.衛署醫字第 0930217501 號函， 
其內容如下： 
主旨 ： 有關醫療法第 71 條規定醫療機構應依其診治之病人要求 ， 提供
病歷複製本，不得無故拖延或拒絕之相關原則，詳如說明，請
加強輔導所轄醫療機構配合辦理，請查照。 
說明： 
一、依本署93 年 6 月28 日、8 月 4 日及 9 月 17 日召開之「醫療院
所提供病歷複製本相關事宜」、「研商醫療院所提供病歷複製
本之收費原則」會議紀錄辦理。 
二、醫療機構提供病歷複製本之時限規範如下: （一） 檢查檢驗報告複製本 、 英文病歷摘要:以一個工作天內交付病
人為原則，最遲不得超過三個工作天。 
（二） 全本病歷複製本:以三個工作天內交付病人為原則 ， 最遲不得
超過十四個工作天。 
（三）中文病歷摘要:以十四個工作天內交付病人為原則。 
三、醫療機構提供病歷複製本之收費原則。 
（一） 收費上限為病歷複製基本費二00 元、每張紙五元，傳統膠片
之影像病歷（包括:X 光片、CT、MRI、內視鏡及超音波檢查
資料）每張二00 元。 
（二）前項所稱基本費，已包括醫療機構提供該病歷複製本所產生
之病歷調閱、歸位等人力及影印機等相關成本，醫療機構應
不得再行額外收取掛號費。 
（三）另各醫療機構得於該收費上限內，依其實際狀況及需求，訂
定細部收費標準，送衛生局核定。 
（四）該收費原則係提供各縣市衛生局訂定「醫療機構提供病歷複
製本之收費標準」參考，各縣市衛生局仍可依各該縣市實際
生活消費水準，於該收費上限內自行調整費用。 
（五）由於中文病歷摘要之內容格式尚未統一，各醫療院所提供之
內容不同，該費用由醫療院所自行訂定後送衛生局核定。 
四、為減少病人申請病歷多次往返醫院之舟車勞苦，請醫療機構研
議提供郵寄方式之可行性，其產生之郵寄費用由病人負擔。 
五、為免醫療機構和病人之間有所誤解，建議各醫療機構將提供病
歷複製本可能遇到之相關問題，一併列入提供病歷複製本之申
請書內供病人參考。）",https://drive.google.com/file/d/1IEo7JO0CoxnfXCeiRm87BLzYfexqwZH7/view?usp=drivesdk,,
interp-0460,護理人員法解釋彙編,第 25 條,〔釋例類別〕 第 9 類 其他（輔助病歷處理、協助石膏固定……,96.9.7,2007-09-07,衛署醫字第0960039571號,所詢護理紀錄保存年限，究應依據護理人員法或醫療法之,335,336,348,349,護理人員、護理機構、居家護理、護理之家、開業、病歷,彙編節錄,108年彙編多數未保留正本、副本或署名欄；本筆已依下一封函或下一條文邊界切分。,"96.9.7.衛署醫字第0960039571 號函 
主旨：所詢護理紀錄保存年限，究應依據護理人員法或醫療法之
規範辦理一案，復請 查照。 
說明： 
一、復 貴院 96 年 8 月 27 日慈醫大林文字第 0960001458 號
函。 二、查護理人員法第 25 條規定：「護理人員執行業務時，應
製作紀錄。前項紀錄應由該護理人員執業之機構保存 10
年。」是以，居家護理機構及護理之家機構，對於轉診及
醫師每次診察之病歷摘要，應連同護理紀錄依前揭規定妥
善保存。前經本署 96 年 7 月 3 日衛署醫字第 0960023885
號函釋在案。次查，依醫療法第70 條第 1 項規定： 「醫療
機構之病歷，應指定適當場所及人員保管，並至少保存 7
年。……」爰此，關於護理人員執行業務所製作之紀錄保
存年限，依其執業場所之法律規定辦理；未規定者，依護
理人員法相關規定辦理。 
三、另查，為利於醫療機構及護理機構之管理，本署於90 年 5
月 10 日衛署醫字第 0900031774 號函釋略以：「醫療機構
依護理機構設置標準規定附設護理機構，應另發給開業執
照，至原於醫療機構開業執照加註附設護理機構者，應於
異動時，重新核發開業執照。」先予敘明。爰此，貴院醫
療機構與附設護理機構之病歷應予分開管理，並依各該法
律規定，善盡保管、保存之責。",https://drive.google.com/file/d/1IEo7JO0CoxnfXCeiRm87BLzYfexqwZH7/view?usp=drivesdk,,
interp-0461,護理人員法解釋彙編,第 25 條,〔釋例類別〕 第 9 類 其他（輔助病歷處理、協助石膏固定……,96.12.31,2007-12-31,衛署醫字第0960068348號,有關養護機構內之護理人員於執行護理業務時，製作紀錄,336,337,349,350,護理人員、醫療輔助、病歷、給藥,彙編節錄,108年彙編多數未保留正本、副本或署名欄；本筆已依下一封函或下一條文邊界切分。,"96.12.31.衛署醫字第0960068348 號函 
主旨：有關養護機構內之護理人員於執行護理業務時，製作紀錄
是否應簽名或蓋章一案，復請 查照。 
說明： 
一、復 貴局96 年12 月19 日北衛醫字第0960116398號函。 
二、查輔助藥物之投與，係屬護理人員法第 24 條第 1 項第 4
款所稱醫療輔助行為之範圍，護理人員執行該項業務，依
同條第 2 項規定，應在醫師指示下行之。另查同法第 25
條第 1 項規定：「護理人員執行業務時，應製作紀錄。」
即護理紀錄之製作，係屬護理人員執行業務連續過程之一
環；另依醫療法第68 條第 1 項規定： 「醫療機構應督導其
所屬醫事人員於執行業務時，親自記載病歷或製作紀錄，
並簽名或蓋章及加註執行年、月、日。」，即護理人員執 行護理業務所為之紀錄，應有足資辨識執行者之簽名或蓋
章，始為完整、合法之護理紀錄，先予敘明。 
三、爰此，本案所述養護機構內之護理給藥紀錄未有足資辨識
執行者之簽名或蓋章一節，依前揭原則所示，貴局除本於
職權加強所轄護理人員該項法制觀念外，應查明該護理紀
錄未予簽章原因，並予輔導改善。如查該護理紀錄係由未
具護理人員資格者所執行 ， 則依違反護理人員法第37 條規
定論處。是以，本案請依前述規定，就個案事實認定。",https://drive.google.com/file/d/1IEo7JO0CoxnfXCeiRm87BLzYfexqwZH7/view?usp=drivesdk,,
interp-0462,護理人員法解釋彙編,第 25 條,〔釋例類別〕 第 9 類 其他（輔助病歷處理、協助石膏固定……,97.2.20,2008-02-20,衛署照字第0972800522號,所詢病歷記載為主要醫療行為以及醫事人員能否在醫師指,337,338,350,351,護理人員、護理師、專科護理師、病歷、麻醉,彙編節錄,108年彙編多數未保留正本、副本或署名欄；本筆已依下一封函或下一條文邊界切分。,"97.2.20.衛署照字第0972800522 號函 
主旨：所詢病歷記載為主要醫療行為以及醫事人員能否在醫師指
示下書寫病人之病程紀錄於醫師所用之病程紀錄紙上等疑
義乙案，復請 查照。 
說明： 
一、本署96 年 11 月 16 日衛署照字第 0960052768 號函復貴院
96 年 11 月 12 日明醫慶字第 429 號函計達。 
二、所詢「病歷記載為主要醫療行為」究屬何意，及「專科護
理師（或其他醫事人員）在醫師書寫之病程紀錄紙上書寫
病程進展，由專科護理師(或其他醫事人員)署名後再由醫
師副署。」此病歷記載方式有無違反本署 65 年 6 月 14 日
衛署醫字第 116054 號函等情一案，回復如下： 
(一)按醫師法第 28 條所稱「醫療業務」行為，係指凡以
治療、矯正或預防人體疾病、傷害、殘缺或保健為直
接目的，所為的診察、診斷及治療；或基於診察、診
斷結果，以治療為目的，所為的處方、用藥、施術或
處置等行為的全部或一部的總稱。是以，醫療工作之
診斷、處方、手術、病歷記載、施行麻醉等醫療行為
，係屬醫療業務之核心，應由醫師親自為之，其餘醫
療工作得在醫師指示下，由其他醫事人員依其各該專
門職業法律規定依醫囑為之，先予敘明。 
(二)按病程紀錄，係病人於住院中，醫事人員觀察病情發 展及進行各種診斷、治療相關流程與結果之紀錄；至
病程紀錄單(progress note)，法無明文規定屬某類
醫事人員之記載，亦無規定該病程紀錄單張係屬何類
醫事人員專用。專科護理師(或其他醫事人員)執行業
務，依其專門職業法律及醫療法相關規定所製作紀錄
，係屬護理(或所屬類別醫事人員)紀錄。 
(三)查專科護理師係屬護理人員，自不得執行醫師法規定
應由醫師親自為之業務後，再製作所執行之病歷紀錄
。是以，專科護理師依護理人員法規定執行業務後，
製作執業紀錄署名後再由醫師副署，該執業紀錄，仍
係屬護理紀錄而非醫師病歷紀錄；惟醫師親自執行醫
療業務後之病歷紀載，以口述方式，由專科護理師擔
任輔助紀錄人詳實代筆，且於病歷加註「輔助紀錄人
○○○」後，由醫師確認並依醫師法第 12 條規定辦
理，尚無不可。 
三、檢附相關函釋１份，供參。",https://drive.google.com/file/d/1IEo7JO0CoxnfXCeiRm87BLzYfexqwZH7/view?usp=drivesdk,,
interp-0463,護理人員法解釋彙編,第 25 條,〔釋例類別〕 第 9 類 其他（輔助病歷處理、協助石膏固定……,101.9.14,2012-09-14,衛署照字第0962863745號,有關 貴局所詢護理之家內護理人員製作給藥紀錄等相關,338,339,351,352,護理人員、護理機構、護理之家、病歷、給藥,彙編節錄,108年彙編多數未保留正本、副本或署名欄；本筆已依下一封函或下一條文邊界切分。,"101.9.14.衛署照字第0962863745 號函 
主旨：有關 貴局所詢護理之家內護理人員製作給藥紀錄等相關
疑義案，復請 查照。 
說明： 
一、復 貴局101 年8 月15 日嘉衛保字第1010021453號函。 
二、經查依據護理人員法第 25 條第 1 項規定：「護理人員執
行業務時，應製作紀錄」 ， 其紀錄之製作形式，雖然沒有
明文規定，惟執行業務之各該護理人員，仍應依該機構護
理工作手冊內容，詳實記載執行業務之時間及情形，以資
確保護理人員執行業務紀錄之完整性及受照護人員權益，
始符合其規範意旨。 
三、另護理機構之護理人員執行業務，應參照醫療法第 67 條
規定，製作清晰 、詳實、完整之紀錄，及醫療法第68 條
醫事人員於執行業務時，親自記載病歷或製作紀錄，並簽 名或蓋章及加註執行年、月、日等項規定。 
四、爰此，對於護理之家機構護理人員製作紀錄是否有違上開
原則，請依權責就個案事實認定。",https://drive.google.com/file/d/1IEo7JO0CoxnfXCeiRm87BLzYfexqwZH7/view?usp=drivesdk,,
interp-0464,護理人員法解釋彙編,第 25 條,〔釋例類別〕 第 9 類 其他（輔助病歷處理、協助石膏固定……,106.6.3,2017-06-03,衛部照字第1061561406號,有關貴院函詢「護理紀錄」一案，復如說明，請查照。,339,340,352,353,護理人員、護理師、病歷、管路、傷口,彙編節錄,108年彙編多數未保留正本、副本或署名欄；本筆已依下一封函或下一條文邊界切分。,"106.6.3 衛部照字第1061561406 號 
主旨：有關貴院函詢「護理紀錄」一案，復如說明，請查照。 
說明： 
一、復貴院 106 年 5 月 22 日北院隆刑子 105 聲判 143 字第
1060006051 號函。 
二、依來函說明欄二所示事項，本部依序說明如下： 
(一)查醫療法所稱「醫事人員」，依醫療法第 10 條規定， 
係指「領有中央主管機關核發之醫師、…、護理師、… 
及其他醫事專門職業證書之人員。」、同法第 67 條規 
定，略以：「醫療機構應建立清晰、詳實、完整之病歴 
。前項所稱病歷，應包括下列各款資料：(一)醫師依醫 
療法執行業務所製作之病歷。(二)各項檢查、檢驗報告 
資料。(三)其他各類醫事人員執行業務所製作之紀錄。 
……。」，再依護理人員法第 25 條規定：「護理人員 
執行業務，應製作紀錄。前項紀錄應由該護理人員執業 
之機關依醫療法第七十條辦理。」，故護理人員執行業 
務所製作之護理紀錄，係屬病歷一部分，先予敘明。 
(二)所詢「由護理人員所製作護理紀錄其範圍為何？是否包 
含護理人員於觀察、量測病人特定狀況而另行持續性摘 
記之紀錄」一節，如係記載與護理人員照護病人之評估 
及提供護理措施相關之內容(如生命徵象、輸入輸出量 
、傷口或管路護理等資料)應得視為護理紀錄之範圍， 
惟依貴院所附摘錄資料，非完整頁面，尚難判定係屬前 
述護理紀錄範圍，仍請依個案事實及上揭規定認定。 
(三)另本部就護理紀錄其內容格式項目並無另外發布細節 
性規定或規則。",https://drive.google.com/file/d/1IEo7JO0CoxnfXCeiRm87BLzYfexqwZH7/view?usp=drivesdk,,
interp-0465,護理人員法解釋彙編,第 25 條,〔釋例類別〕 第 9 類 其他（輔助病歷處理、協助石膏固定……,106.7.31,2017-07-31,衛部照字第1061562038號,有關貴局函詢「病患點滴脫落及移除點滴等常規內容是否,340,340,353,353,護理人員、病歷,彙編節錄,108年彙編多數未保留正本、副本或署名欄；本筆已依下一封函或下一條文邊界切分。,"106.7.31 衛部照字第1061562038 號 
主旨：有關貴局函詢「病患點滴脫落及移除點滴等常規內容是否
應於病歷中記載」疑義一案，復如說明，請查照。 
說明： 
一、復貴局 106 年 7 月 20 日彰衛醫字第 1060026559 號函。 
二、依醫療法第 67 條第 1 項規定「醫療機構應建立清晰、詳
實、完整之病歷。」及同法第 2 項規定「前項所稱病歷，
應包括下列各款之資料：一、醫師依醫師法執行業務所製
作之病歷。二、各項檢查、檢驗報告資料。三、其他各類
醫事人員執行業務所製作之紀錄。」。 
三、查本部(前行政院生署)101年9 月14 日衛署照字第0962863745
號函，略以： 「二、…依據護理人員法第25 條第 1 項規定
：『護理人員執行業務時，應製作紀錄』，其紀錄之製作
形式，雖然沒有明文規定，惟執行業務之各該護理人員，
仍應依該機構護理工作手冊內容，詳實記載執行業務之時
間及情形，以資確保護理人員執行業務紀錄之完整性及受
照護人員權益，始符合其規範意旨。三、…護理人員執行
業務，應參照醫療法第67 條規定，製作清晰、詳實、完整
之紀錄 ， 及醫療法第 68 條醫事人員於執行業務時 ， 親自記
載病歷或製作紀錄，並簽名或蓋章及加註執行年、月、日
等項規定。……。」合先敘明。 
四、承上，有關貴局所詢醫療機構醫事人員於病歷應記載事 
項，請依前述原則及相關規定辦理。",https://drive.google.com/file/d/1IEo7JO0CoxnfXCeiRm87BLzYfexqwZH7/view?usp=drivesdk,,
interp-0466,護理人員法解釋彙編,第 25 條,〔釋例類別〕 第 9 類 其他（輔助病歷處理、協助石膏固定……,106.9.25,2017-09-25,衛部照字第1060128350號,有關所轄○○○○○○財團法人附設○○產後護理之家是,340,341,353,354,護理人員、護理機構、產後護理、護理之家、病歷,彙編節錄,108年彙編多數未保留正本、副本或署名欄；本筆已依下一封函或下一條文邊界切分。,"106.9.25 衛部照字第1060128350 號 
主旨：有關所轄○○○○○○財團法人附設○○產後護理之家是
否可以申請以電子病歷方式製作病例等相關疑義一案，復
請查照。 
說明： 
一、復貴局 106 年 9 月 15 日北市衛長字第 10639834200 號函
。 二、查護理人員法第 25 條規定：「護理人員執行業務時，應
製作紀錄。前項紀錄應由該護理人員執業之機構依醫療法
第 70 條辦理。」又依本部 105 年 8 月 29 日衛部醫字第
1050125872 號函示， 「醫療機構電子病歷製作及管理辦法 
」 係依據 「醫療法」 第69 條規定訂定，該辦法之適用對象
為醫療機構，護理機構尚非上開辦法之規範對象。 
（註：本函釋產後護理之家之名字以○○表示）",https://drive.google.com/file/d/1IEo7JO0CoxnfXCeiRm87BLzYfexqwZH7/view?usp=drivesdk,,
interp-0467,護理人員法解釋彙編,第 26 條,〔釋例類別〕 第 9 類 其他（輔助病歷處理、協助石膏固定……,100.11.24,2011-11-24,衛署照字第1002863326號,有關金門縣政府函請釋示機構就養住民簽立醫療行為同意,341,342,354,355,護理人員、病歷、麻醉,彙編節錄,108年彙編多數未保留正本、副本或署名欄；本筆已依下一封函或下一條文邊界切分。,"100.11.24.衛署照字第1002863326 號函 
主旨：有關金門縣政府函請釋示機構就養住民簽立醫療行為同意
書及緊急醫療行為之決策權疑義案，復如說明段，請 查
照。 
說明： 
一、復 貴部100 年11 月8 日內授中社字第1000024099號函。 
二、本案關於簽立醫療行為同意書乙事，查醫療法第 63 條規
定，醫療機構實施手術，應向病人或其法定代理人、配偶
、親屬或關係人說明手術原因、手術成功率或可能發生之
併發症及危險，並經其同意，簽具手術同意書及麻醉同意
書，始得為之。但情況緊急者，不在此限。前項同意書之
簽具，病人為未成年人或無法親自簽具者，得由其法定代
理人、配偶、親屬或關係人簽具。另同法第64 條規定，醫
療機構實施中央主管機關規定之侵入性檢查或治療，應向
病人或其法定代理人、配偶、親屬或關係人說明，並經其
同意，簽具同意書，始得為之。但情況緊急者，不在此限
。前項同意書之簽具，病人為未成年人或無法親自簽具者
，得由其法定代理人、配偶、親屬或關係人簽具。 
三、至遇有緊急醫療需求時，有關同意書之簽具，前揭規定已
敘明「情況緊急者，不在此限。」，另醫療法第 60 條亦 規定，醫院、診所遇有危急病人，應先予適當之急救，並
即依其人員及設備能力予以救治或採取必要措施，不得無
故拖延。",https://drive.google.com/file/d/1IEo7JO0CoxnfXCeiRm87BLzYfexqwZH7/view?usp=drivesdk,,
interp-0468,護理人員法解釋彙編,第 26 條,〔釋例類別〕 第 9 類 其他（輔助病歷處理、協助石膏固定……,106.3.10,2017-03-10,衛部照字第1060007622號,有關貴會函詢從事勞工健康服務護理人員協助事業單位員,342,343,355,356,護理人員、醫療輔助、病歷,彙編節錄,108年彙編多數未保留正本、副本或署名欄；本筆已依下一封函或下一條文邊界切分。,"106.3.10 衛部照字第1060007622 號 
主旨：有關貴會函詢從事勞工健康服務護理人員協助事業單位員
工執行糖尿病照護及外傷處理等工作之疑義，復如說明
段，請查照。 
說明： 
一、復貴會106年3月2日台事護(106)滿字第0000022號函。 
二、依護理人員法第24條規定，略以： 「護理人員之業務如下: 
一 、 健康問題之護理評估 、 二 、 預防保健之護理措施 、 三、
護理指導及諮詢、四、醫療輔助行為。前項第四款醫療輔
助行為應在醫師之指示下行之…… 。 」 及同法第26條 ： 「護
理人員執行業務時，遇有病人危急，應立即聯絡醫師。但
必要時，得先行給予緊急救護處理。」，先予敘明。 
三 、 查 本 部( 前 行 政 院 衛 生 署)100 年12 月28 日 衛 署 醫 字 第
1000084017號函，略以： 「……。二、按輔助藥物之投與、
輔助施行侵入性治療、處置，係屬護理人員法第 24條第1
項第4款所稱醫療輔助行為之範圍，護理人員執行該項業
務，依同法第2規定應在醫師指示下行之。……。」；再
查本部 ( 前 行 政 院 衛 生 署)101 年6 月28 日 衛 署 照 字 第
1012862926號函，略以：「按「輔助施行侵入性治療、處
置」及「輔助藥物之投與」屬護理人員法第24條第1項第4
款所稱醫療輔助行為之範疇。爰此，執行胰島素注射、驗
血糖、甘油灌腸及藥品之投與，為醫療輔助行為，由醫師
或護理人員依醫囑為之。……。」。 
四、綜上，從事勞工健康服務護理人員如遇有事業單位內之員
工生命危急，經由護理人員專業評估後，且為當時事業單
位內之員工最適切或必要之照護需求，依護理人員法第26
條規定先予處理，尚無不可。",https://drive.google.com/file/d/1IEo7JO0CoxnfXCeiRm87BLzYfexqwZH7/view?usp=drivesdk,,
interp-0469,護理人員法解釋彙編,第 26 條,〔釋例類別〕 第 9 類 其他（輔助病歷處理、協助石膏固定……,105.3.24,2016-03-24,衛部照字第1051562368號,有關貴局函詢護理人員執行業務時，遇有病人危急，於醫,343,344,356,357,護理人員、病歷、麻醉,彙編節錄,108年彙編多數未保留正本、副本或署名欄；本筆已依下一封函或下一條文邊界切分。,"105.3.24 衛部照字第1051562368 號 
主旨：有關貴局函詢護理人員執行業務時，遇有病人危急，於醫
師不在場，使用非自動體外心臟電擊去顫器，是否符合護
理人員法第 26 條「…必要時，得先行給予緊急救護處理」
之範籌疑義案，復如說明段，請查照。 
說明： 
一、復貴局 104 年 12 月 24 日嘉市衛醫字第 1040503163 號函
。 
二、旨揭函詢本部前已於 104 年 8 月 25 日衛部照字第 
1040125002 號函復在案。今貴局再詢「醫師不再場，護理 
人員無法依醫囑情況下，但以救護為先，先行使用非自動
體外心臟電擊器」之適法性疑義說明如下: 
(一) 依本部(前行政院衛生署)97 年 9 月 5 日衛署醫字第
0970208776 號函略以:「按醫師法第 28 條所稱 『醫療業
務』行為，係指凡以治療、矯正或預防人體疾病、傷害
、殘缺為直接目的，所為之診察、診斷及治療；或基於 
診察、診斷結果，以治療為目的，所為之處方、用藥、 
施術或處置等行為的全部或一部總稱。是以，醫療工作 
之診斷、處方、手術、病歷記載及施行麻醉等醫療行為 
，係屬醫療業務之核心，應由醫師親自為之，其餘醫療 
輔助行為得在醫師就特定病人診察後，由各該醫事人員 
本其專門職業法規所規定之業務，依照醫囑執行之，不 
限於醫師親自在場指示或目視所及範圍以內。」，先予 
敘明。 
(二) 本部(前行政院衛生署)98 年 11 月 19 日衛署醫字第
0980263367 號函釋略以:「…緊急醫療救護法第 17 條第
2 項規定『緊急情況』係指趕赴傷病現場或送醫途中；
至於所謂緊急傷病，參照醫療緊急救護法施行細則第 2
條規定:「指具有急性及嚴重性症狀，如未即時給予醫
療救護處理，將導致個人健康，身體功能嚴重傷害或身
體器官機能嚴重異常之傷病」。 (三) 另依本部醫事司104 年3 月24 日衛部醫字第1041660850
號函復貴局所詢醫療機構 護理人員於值勤時間使用非
自動體外心臟電擊器，得否為緊急醫療救護法，略以 :
「二、……，為鼓勵大眾對傷病患施以幫助，爰擬具『
緊急醫療救護法』第 14 條之 2 條文，救護人員以外之
人，為免除他人生命之急迫危險，使用緊急救護設備或
施予緊急措施者，適用民法、刑法緊急避難免責之規定
，加上為避免救護人員在執行業務與善行義舉間有所爭
議，並提升救護人員伸出援手施救之意願，對於救護人
員下班後使用緊急救護設備或施予急救措施者，亦適用
本條規定，合先敘明。三、醫療機構護理人員係為醫事
專門職業人員，於上班或執勤期間應依相關法令規範執
行業務，本案所詢於值勤時間使用「非自動體外心臟電
擊去顫器」尚非本法第 14 條之 2 所適用對象。」。 
三、綜上所述，護理人員於上班或執勤執行業務時，遇有病人
危急，於醫師不在場，使用非自動體外心臟電擊去顫器，
先行給予緊急救護處理，仍應依相關法令規範辦理。",https://drive.google.com/file/d/1IEo7JO0CoxnfXCeiRm87BLzYfexqwZH7/view?usp=drivesdk,,
interp-0470,護理人員法解釋彙編,第 26 條,〔釋例類別〕 第 9 類 其他（輔助病歷處理、協助石膏固定……,105.7.7,2016-07-07,衛部照字第1059001123號,有關貴部函詢某大專校院軍訓護理教師陳情該校要求執行,344,345,357,358,護理人員、護理師、醫療輔助、執業登記、執業執照、病歷,彙編節錄,108年彙編多數未保留正本、副本或署名欄；本筆已依下一封函或下一條文邊界切分。,"105.7.7 衛部照字第1059001123 號 
主旨：有關貴部函詢某大專校院軍訓護理教師陳情該校要求執行 
換藥及急救處理之適法性案 ， 復如說明段 ， 請查照 。 說明： 
一、復貴部105年7月1日臺教綜(五)字第1050087892號函。 
二、依護理人員法第8條規定略以:「護理人員應向執業所在地
直轄市、縣(市)主管機關申請執業登記，領有執業執照，
始得執業。…。」、第10條:「護理人員非加入所在地護
理人員公會，不得執業。」、第 24條:「護理人員之業務
如下:一、健康問題之護理評估、二、預防保健之護理措
施、三、護理指導及諮詢、四、醫療輔助行為。前項第四
款醫療輔助行為應在醫師之指示下行之。」 及第26條:「護
理人員執行業務時，遇有病人危急，應立即聯絡醫師。但
必要時，得先行給予緊急救護處理。」，先予敘明。 三、爰依上揭法規規定，領有護理師證書者應向執業所在地直
轄縣(市)主管機關申請執業登記，領有執業執照後，始得 
執行護理人員法定業務，另有關大專校院護理人員代理人
之資格，本部前於105年6月16日衛部照字第1050117220號
函復在案，請貴部參酌及本於權責辦理。",https://drive.google.com/file/d/1IEo7JO0CoxnfXCeiRm87BLzYfexqwZH7/view?usp=drivesdk,,
interp-0471,護理人員法解釋彙編,第 26 條,〔釋例類別〕 第 9 類 其他（輔助病歷處理、協助石膏固定……,96.9.18,2007-09-18,衛署照字第0962801437號,有關函詢財政部台灣中區國稅局台中市分局索取護理機構,345,345,358,358,護理人員、護理機構、病歷,彙編節錄,108年彙編多數未保留正本、副本或署名欄；本筆已依下一封函或下一條文邊界切分。,"96.9.18.衛署照字第0962801437 號函 
主旨：有關函詢財政部台灣中區國稅局台中市分局索取護理機構
服務量及住民人數等資料一案，復請 查照。說明： 
一、復 貴局 96 年 8 月 31 日衛醫字第 09600037300 號函。 
二、查「稅捐稽徵機關為調查課稅資料，認為有必要要求醫療
機構提示病歷文件，而透過該醫療機構所在地之衛生主管
機關索取時，地方衛生主管機關自應配合辦理。惟應在不
影響病人隱私權，並以相關之病歷摘要或摘述與醫療機構
收入或支出有關之資料為限。」前經本署 83 年 12 月 23
日衛署醫字第 83074930 號函釋在案。 
三、是以，財政部台灣中區國稅局台中市分局為稽徵業務需要 
，透過護理機構所在地衛生主管機關索取護理機構服務量
及住民人數等資料，如未涉及住民病情及隱私，尚無不可
。",https://drive.google.com/file/d/1IEo7JO0CoxnfXCeiRm87BLzYfexqwZH7/view?usp=drivesdk,,
interp-0472,護理人員法解釋彙編,第 26 條,〔釋例類別〕 第 9 類 其他（輔助病歷處理、協助石膏固定……,99.4.8,2010-04-08,衛署照字第0992860917號,貴院函詢附設護理之家裝設監視器有關事宜乙案，復請查,345,346,358,359,護理人員、護理機構、護理之家、病歷,彙編節錄,108年彙編多數未保留正本、副本或署名欄；本筆已依下一封函或下一條文邊界切分。,"99.4.8.衛署照字第0992860917 號函 
主旨：貴院函詢附設護理之家裝設監視器有關事宜乙案，復請查
照。 說明： 
一、復 貴院99 年 3 月 9 日埔醫行字第 0990001614 號函。 
二、按護理人員法第 28 條規定，護理人員或護理機構及其人
員對於因業務而知悉或持有他人秘密，不得無故洩漏。另
為確保接受長照服務者之隱私權，任何人未徵得接受長照
服務者或其法定代理人之同意，不得對其進行錄影 、錄 
音、攝影或其他涉及侵害個人隱私之行為。",https://drive.google.com/file/d/1IEo7JO0CoxnfXCeiRm87BLzYfexqwZH7/view?usp=drivesdk,,
interp-0473,護理人員法解釋彙編,第 28 條,〔釋例類別〕 第 9 類 其他（輔助病歷處理、協助石膏固定……,102.5.20,2013-05-20,衛署照字第1022863290號,所詢一般護理之家於住房內裝置監視器，是否影響個人隱,346,346,359,359,護理人員、護理機構、護理之家、病歷,彙編節錄,108年彙編多數未保留正本、副本或署名欄；本筆已依下一封函或下一條文邊界切分。,"102.5.20.衛署照字第1022863290 號函 
主旨：所詢一般護理之家於住房內裝置監視器，是否影響個人隱
私或違反相關規定一案，請 查照。 
說明： 
一、復 貴局 102 年 4 月 10 日高市衛長字第 10233359200 號
函。 
二、按護理人員法第 28 條規定：「護理人員或護理機構及其
人員對於因業務而知悉或持有他人秘密，不得無故洩漏。
」，為確保住民隱私，如未徵得住民或其法定代理人之同
意，不得對其進行錄影、錄音、攝影或其他涉及侵害個人
隱 私 之 行 為 ， 本 署 亦 於99 年 4 月 8 日 衛 署 照 字 第
0992860917 號函釋在案。",https://drive.google.com/file/d/1IEo7JO0CoxnfXCeiRm87BLzYfexqwZH7/view?usp=drivesdk,,
interp-0474,護理人員法解釋彙編,第 28 條,〔釋例類別〕 第 9 類 其他（輔助病歷處理、協助石膏固定……,105.7.5,2016-07-05,衛部照字第1050052014號,有關貴機構函詢有關是否可於徵得住民或其法定代理人之,346,347,359,360,護理人員、護理機構、護理之家、評鑑、病歷,彙編節錄,108年彙編多數未保留正本、副本或署名欄；本筆已依下一封函或下一條文邊界切分。,"105.7.5 衛部照字第1050052014 號 
主旨：有關貴機構函詢有關是否可於徵得住民或其法定代理人之
同意下裝設監視器案，復如說明段，請查照。 
說明： 
一、依據社團法人台灣評鑑協會105 年6 月 22 日(105)評鑑發
字第 10510027 號函轉貴機構 105 年 6 月 15 日函辦理。 
二、護理機構如係基於公共安全、維護場所秩序，於公共空間
設有監視裝置，對非特定對象進行一般性之攝影監控，並
於明顯處揭示進行監視攝影等相關文字宣告之原則下，尚
無不可。惟，按隱私權乃為保障個人生活私密領域免於他 人侵擾之基本權利，住民之照護過程內容多涉個人私密事
務，應屬於隱私權之內涵而受憲法之保障。 
三、一般護理之家評鑑基準項目 C1.17「居家情境佈置情形」
主要係基於個人空間隱私之維護，與本部 99 年 4 月 8 日
衛署照字第 0992860917 號函釋意旨並無不同；考量寢室
及浴廁係涉及個人空間隱私，仍不宜裝設監視器；若為住
民安全考量，可安裝其他設備，例如：離床報知器。",https://drive.google.com/file/d/1IEo7JO0CoxnfXCeiRm87BLzYfexqwZH7/view?usp=drivesdk,,
interp-0475,護理人員法解釋彙編,第 29 條,〔釋例類別〕 第 9 類 其他（輔助病歷處理、協助石膏固定……,102.9.25,2013-09-25,衛署照字第1021580475號,有關護理機構網頁廣告公開宣稱住房折扣費，涉及違反護,347,349,360,362,護理人員、護理機構、廣告、病歷,彙編節錄,108年彙編多數未保留正本、副本或署名欄；本筆已依下一封函或下一條文邊界切分。,"102.9.25.衛署照字第1021580475 號函 
主旨：有關護理機構網頁廣告公開宣稱住房折扣費，涉及違反護
理人員法第 18 條之 1 規定，原 102 年 4 月 29 日衛署照字
第 1022861001 號函自即日起停止適用，請 查照。 
說明： 
一、復 貴局 102 年 5 月 24 彰衛醫字第 1020015952 號函。 
二、按護理人員法第 18 條之 1 規定護理機構廣告內容之範疇
，有關護理機構於網頁廣告公開宣稱住房折扣專案，已違
反前述規定，依同法第32 條懲處；至於參觀、簽訂契約時
推出住房折扣專案，非屬廣告，尚無違反護理人員法之規
定。 三、有關護理人員法第 29 條第 1 項所稱「不正當業務」，與
醫療法第 61 條第 1 項所稱 「不正當方法」 ，兩者各自有具
體明確之列舉及例示規定，且規範性質不同，尚不可完全
比照辦理。 
四、原102 年 4 月 29 日衛署照字第 1022861001 號函自即日起
停止適用。",https://drive.google.com/file/d/1IEo7JO0CoxnfXCeiRm87BLzYfexqwZH7/view?usp=drivesdk,,
interp-0476,護理人員法解釋彙編,第 31-2 條,〔釋例類別〕 第 9 類 其他（輔助病歷處理、協助石膏固定……,104.4.1,2015-04-01,衛部照字第1040006456號,有關貴學會申請課予義務函釋「督導考核與評鑑結果不得,349,351,362,364,護理人員、護理機構、評鑑、督導考核、停業、病歷,彙編節錄,108年彙編多數未保留正本、副本或署名欄；本筆已依下一封函或下一條文邊界切分。,"104.4.1 衛部照字第1040006456 號函 
主旨：有關貴學會申請課予義務函釋「督導考核與評鑑結果不得
違反護理人員法第 16 條、第 17 條設置標準」、「護理之
家督導考核與評鑑有何立法與實施差異」及「護理機構督
導考核與評鑑之停業撤業照法律不得溯及既往」等案，本
部回復意見如說明，請查照。 
說明： 
一、復 貴會 104 年 3 月 5 日衛護督評違字第 1040305002 號
函及 104 年 3 月 4 日護鑑廢字第 1040304002 號函。 
二、旨案貴學會針對護理人員法修正公布後之相關疑義，本部
回復說明如下： 
(一)依據護理人員法第 23 條之 1 第 1 項規定，中央主管機
關應辦理護理機構評鑑，地方主管機關定期辦理督導考
核，同法第 23 條之 2 第 2 項規定，護理機構於評鑑合
格效期內，如有違法情事，經限期改善，屆期未改善者
得調降其評鑑合格格類;鬥或廢止評鑑合格資格；又，
同法第 31 條之 2 規定，護理機構接受評鑑，經評鑑不
合格者之處分。同法施行細則第 17 條規定，直轄市或
縣(市)主管機關應訂定計畫實施，每年至少辦理1 次護
理機構業務督導考核。 
(二)護理機構設置，依護理人員法第 16 條辦理，該條文亦
授權中央主管機關訂定相關子法(護理機構設置或擴充
許可辦法及護理機構分類設置標準)，爰主管機關據此
作為機構申准設立之依據。機構如違反設置標準，則依
護理人員法第 31 條之 1 規定處分。 
(三)然，護理機構之管理，依護理人員法規定，由中央主管
機關辦理評鑑 ， 地方主管機關辦理督導考核 ， 該法第23
條之 2 第 3 項亦授權中央主管機關訂定評鑑辦法，該法
施行細則第 17 條則規定地方主管機關應訂定督導考核
計畫實施。又，護理機構應依法令規定或依主管機關之
通知，配合相關檢查及資料蒐集等。評鑑結果如不合格 者，逕依護理人員法第 31 條之 2 規定進行處分。此外
，基於護理機構管理之責及減少機構同一年度同時接受
評鑑與督導考核之負擔，並減少機構準備程序及公文書
作業，地方主管機關辦理督考得結合本部之評鑑工作共
同辦理。 
(四)承上，護理機構申准設立，依照護理人員法等相關規定
許可設置，其設立之標準則依護理機構分類設置標準配
置；然護理機構評鑑及督導考核，旨為提升護理機構照
護品質，以保障入住民眾之權益，故機構之申准設立及
接受評鑑及督導考核，各依法辦理，互不扞格；且如有
違反設置標準或評鑑不合格者，亦需依法辦理相關處分
。 
(五)有關護理機構評鑑不得溯及既往或信賴保護原則 ， 護理
人員法所規定之評鑑等事項，乃指新法公告後所辦理之
訪查等事項，惟如有違反本法或依本法所發布之命令者
，仍得依法處分。",https://drive.google.com/file/d/1IEo7JO0CoxnfXCeiRm87BLzYfexqwZH7/view?usp=drivesdk,,
interp-0477,護理人員法解釋彙編,第 35 條,〔釋例類別〕 第 9 類 其他（輔助病歷處理、協助石膏固定……,84.7.12,1995-07-12,衛署醫字第8404555號,護理人員兩地執業登錄，如涉及租照行為，應以違反護理,351,351,364,364,護理人員、病歷,彙編節錄,108年彙編多數未保留正本、副本或署名欄；本筆已依下一封函或下一條文邊界切分。,"84.7.12.衛署醫字第8404555 號函 
主旨：護理人員兩地執業登錄，如涉及租照行為，應以違反護理
人員法第 35 條之業務上不正當行為論處，請 查照。 
說明：依據本署於84 年 4 月 14 日召開之「護理行政業務研討會
」會議紀錄辦理。",https://drive.google.com/file/d/1IEo7JO0CoxnfXCeiRm87BLzYfexqwZH7/view?usp=drivesdk,,
interp-0478,護理人員法解釋彙編,第 35 條,〔釋例類別〕 第 9 類 其他（輔助病歷處理、協助石膏固定……,87.11.6,1998-11-06,衛署醫字第87056158號,函詢貴轄○○婦產科診所護士傅○○涉嫌販嬰案，現仍在,351,351,364,364,護理人員、護士、病歷,彙編節錄,108年彙編多數未保留正本、副本或署名欄；本筆已依下一封函或下一條文邊界切分。,"87.11.6.衛署醫字第87056158 號函 
主旨：函詢貴轄○○婦產科診所護士傅○○涉嫌販嬰案，現仍在
偵查期間，應如何給予適當行政處分乙案，復請 查照。
說明： 
一、復 貴局87 年9 月22 日北市衛五字第872509930號函。 
二、本案該護士利用業務上機會涉嫌販嬰，不論判決結果為何
， 依其案情已屬護理人員法第35 條所稱 「於業務上有違法
或不正當行為」，為正視聽，應予從重論處，撤銷其執業
執照。 
（註：本函釋所述之診所名稱及護士名字均以○○表示）",https://drive.google.com/file/d/1IEo7JO0CoxnfXCeiRm87BLzYfexqwZH7/view?usp=drivesdk,,
interp-0479,護理人員法解釋彙編,第 35 條,〔釋例類別〕 第 9 類 其他（輔助病歷處理、協助石膏固定……,92.7.23,2003-07-23,衛署醫字第0920029219號,92.7.23.衛署醫字第0920029219 號函,351,352,364,365,護理人員、執業執照、停業、病歷,彙編節錄,108年彙編多數未保留正本、副本或署名欄；本筆已依下一封函或下一條文邊界切分。,"92.7.23.衛署醫字第0920029219 號函 
主旨 ： 有關護理人員法第35 條之意旨疑義乙案 ， 復如說明，請 查 
照。 
說明： 
一、復 貴局92 年5 月28 日北市衛五字第09232590000號函。 
二、護理人員法第 35 條規定：「護理人員於於業務上有違法
或不正當行為，得處一個月以上一年以下之停業處分或撤
銷其執業執照」，所稱業務上違法或不正當行為之認定原 則，得適用本署 85 年 11 月 16 日衛署醫字第 85061891 號
函及90 年3 月23 日衛署醫字第0900001839 號函之意旨認
定處理。 
三、至於建議參照醫師法解釋彙編乙節，查本署所編印之護 
理人員法及其相關規定，業已收錄護理人員法解釋彙編，
該彙編本署將持續收錄彙整，以分送各衛生主管機關參考
。 
（註 ： 本函釋說明二所敘本署85.11.16.衛署醫字第85061891 號函及",https://drive.google.com/file/d/1IEo7JO0CoxnfXCeiRm87BLzYfexqwZH7/view?usp=drivesdk,,
interp-0480,護理人員法解釋彙編,第 35 條,〔釋例類別〕 第 9 類 其他（輔助病歷處理、協助石膏固定……,90.3.23,2001-03-23,衛署醫字第0900001839號,90.3.23.衛署醫字第0900001839 號函，其內容如下：,352,352,365,365,護理人員、病歷,參照摘要,彙編中此筆為短摘要或參照其他頁碼，非完整公文全文。,90.3.23.衛署醫字第0900001839 號函，其內容如下：,https://drive.google.com/file/d/1IEo7JO0CoxnfXCeiRm87BLzYfexqwZH7/view?usp=drivesdk,,
interp-0481,護理人員法解釋彙編,第 35 條,〔釋例類別〕 第 9 類 其他（輔助病歷處理、協助石膏固定……,85.11.16,1996-11-16,衛署醫字第85061891號,有關台北縣○○牙醫診所涉嫌病歷記載不實疑義一案，復請查,352,352,365,365,護理人員、病歷,彙編節錄,108年彙編多數未保留正本、副本或署名欄；本筆已依下一封函或下一條文邊界切分。,"85.11.16.衛署醫字第85061891 號 
主旨：有關台北縣○○牙醫診所涉嫌病歷記載不實疑義一案，復請查
照。 
說明： 
一、復貴處85 年 10 月 28 日衛三字第850078423 號函。 
二、按醫療機構承辦全民健康保險醫療業務，若涉有違反合約規定
，經中央健康保險局停止特約處分，此乃違約行為所衍生之效
果。至於該違規事實若同時構成違反醫療管理相關法規，當地
主管機構自應查明違規情節，依法另予行政處分。 
三、醫師法第25 條所定醫師於「業務」上不正當行為，所稱 「業務
」，並不僅限於醫療業務，凡與該醫療業務有關之事務事項均
屬之。全民健康保險特約醫療院所醫師如無醫療之事實，而利
用業務上機會，捏造病人就醫事實，詐領全民健康保險醫療給
付，獲取個人不正當利益，該行為核屬不當，應依醫師法第25
條醫師業務上不正當行為論處。 
四、本案台北○○牙醫診所是否違反醫療管理相關法規？應由當地
衛生局參酌一切事證查明處理。",https://drive.google.com/file/d/1IEo7JO0CoxnfXCeiRm87BLzYfexqwZH7/view?usp=drivesdk,,
interp-0482,護理人員法解釋彙編,第 35 條,〔釋例類別〕 第 9 類 其他（輔助病歷處理、協助石膏固定……,90.3.23,2001-03-23,衛署醫字第0900001839號,有關醫師法第25 條之意旨、適用範圍，以及保險特約醫事服務,352,354,365,367,護理人員、執業執照、繼續教育、停業、病歷,彙編節錄,108年彙編多數未保留正本、副本或署名欄；本筆已依下一封函或下一條文邊界切分。,"90.3.23 衛署醫字第0900001839 號函 
主旨：有關醫師法第25 條之意旨、適用範圍，以及保險特約醫事服務
機構之違法或違背特約，為可歸責於醫師時之處理原則乙案，
復請查照。 說明： 
一、依貴秘書長90 年 1 月 9 日(90)秘台大 1 字第00902 號函。 
二、關於醫師法第25 條所定醫師業務上違法或不正當行為之立法 
意旨及適用範圍乙節： 
（一）醫療行為之施行，直接涉及人體，與生命安全息息相關。以
醫師身分，藉業務之執行，從事違法或不正當行為，將直接
侵害民眾生命安全及身體之健康，故醫師之醫療行為，興一
般服務業之服務行為，確有不同，應予特別規範。該條即為
督促醫師尊重病人，重視醫療倫理，維護醫療品質所為之規
定。 
（二）所稱業務上違法行為，係指醫師藉由執行醫療業務之便，從
事違法行為而言。易言之，該行為違反法律之禁止或應為之
規定，固於各該法律均已定有罰則，惟在行政管理上，仍應
予以懲處，以期矯正。民國75 年修正醫師法時，有鑑於此，
爰增列「違法」一詞，以資明確。 
（三）所稱業務上不正當行為，係指其行為雖不違法，但在醫療品
質與醫學倫理上不具正當之行為，其情節有輕重之別，情節
重大者，可對病人生命安全及身體健康造成不良影響。例如
：對患者過度用藥、中藥攙加西藥、藉業務之便騷擾病人、
以絨毛膜採檢術從事胎兒性別鑑定等等，該等涉及醫德之行 
為，多係醫師在診療行為上之個別喜好或長期蓄積之診療習
慣，對該行為處以罰鍰處分，並無法產生矯正之效果，故先
進國家亦多以暫行停止其執行業務之方式，使該醫師得有重
新學習或檢討改進之機會。至於輕微之不正當行為，則可透
過宣導、輔導、繼續教育之方式，提昇其品質，予以糾正或
導正。 
（四）醫師於業務上如有違法或不正當行為，該條規定係「得」處
1 個月以上１年以下停業處分或撤銷其執業執照，其立法目
的，即係授權主管機關本於前述立法意旨，得衡量違反情節
之輕重，而作適當之量處，並非一律均予處１個月以上１年
以下停業處分或撤銷其執業執照。 三、醫師法第25 條具體適用類別情形如下： 
（一）非法使用管制藥品。 
（二）偽製病歷及診斷書、出生證明書、死亡證明書等醫療證明文
件。 
（三）容留密醫。 
（四）將醫師證書、專科醫師證書租供他人使用。 
（五）使用禁止使用之藥品或醫療器材治療病人。 
（六）中醫師超越其專業範圍使用西藥治療病人。 
四、保險特約醫事服務機構之違法或違背特約，為可歸責於醫師時
之處理原則： 
依全民健康保險醫事服務機構特約及管理辦法第 36 條規
定，保險醫事服務機構受停止特約、停止指定或依第35 條第 1
項第 1 款至第 9 款規定受終止特約或終止指定者，其負責醫事
人員或負有行為責任之醫事人員，於停止特約、停止指定期間
或終止特約、終止指定之日起 1 年內，對保險對象提供之醫療 
保健服務，不予支付。其效果僅止於不予支付之特約關係，至
其行為違反醫師法時，係屬行政罰之範疇，其情形如下： 
（一）於病歷記載不實之診斷、處方或其他醫療處置。 
（二）收治非保險對象，而以保險對象之名義、申報醫療費用。 
（三）簽註保險對象保險憑證，換給非對症之藥品營養品或其他物
品。 
（四）容留密醫為保險對象診療、處方。 
五、檢送日本「醫師法」、「公共衛生護士助產士護士法」、「齒
科衛生士法」及「關於按摩、推拿、指壓師、針師、灸師的法
律」譯影本各乙份，請參考。）",https://drive.google.com/file/d/1IEo7JO0CoxnfXCeiRm87BLzYfexqwZH7/view?usp=drivesdk,,
interp-0483,護理人員法解釋彙編,第 35 條,〔釋例類別〕 第 9 類 其他（輔助病歷處理、協助石膏固定……,102.5.20,2013-05-20,衛署照字第1022863282號,所詢有關醫院附設護理機構擬予員工眷屬及特定對象給予,354,355,367,368,護理人員、護理機構、廣告、病歷,彙編節錄,108年彙編多數未保留正本、副本或署名欄；本筆已依下一封函或下一條文邊界切分。,"102.5.20.衛署照字第1022863282 號函 
主旨：所詢有關醫院附設護理機構擬予員工眷屬及特定對象給予
優惠折扣計畫方案，是否合法妥適乙案，復請 查照。 
說明： 
一、復 貴局102 年 4 月 19 日北衛醫字第 1021674152 號函。 二、按護理人員法第 18 條之 1 規定，護理機構廣告不得宣傳
折扣方案，因考量優惠折扣係以該機構之員工眷屬及特定
對象作為對象，爰如其無針對一般社會大眾宣傳機構業務
， 以達招徠住民之主觀意圖 ， 則尚無違反護理人員法第35
條之處罰要件。 
三、本案請貴局依上開原則，就個案之事實予以查明認定。",https://drive.google.com/file/d/1IEo7JO0CoxnfXCeiRm87BLzYfexqwZH7/view?usp=drivesdk,,
interp-0484,護理人員法解釋彙編,第 35 條,〔釋例類別〕 第 9 類 其他（輔助病歷處理、協助石膏固定……,102.7.25,2013-07-25,衛部照字第1021580037號,有關貴轄護理之家負責人因犯業務侵占罪，處有期徒刑八,355,355,368,368,護理人員、護理之家、執業執照、負責人、停業、病歷,彙編節錄,108年彙編多數未保留正本、副本或署名欄；本筆已依下一封函或下一條文邊界切分。,"102.7.25.衛部照字第1021580037 號函 
主旨：有關貴轄護理之家負責人因犯業務侵占罪，處有期徒刑八
個月 ， 得否依護理人員法第35 條處一個月以上一年以下停
業處分，或依情節重大，廢止其執業執照乙案，請 查照
。 
說明： 
一、復 貴局102 年7 月8 日屏衛醫字第10232081200號函。 
二、依據護理人員法第 35 條規定：「護理人員於業務上有違 
法或不正當行為，得處一個月以上一年以下之停業處分；
其情節重大者，得廢止其執業執照…」。 
三、查旨案業經臺灣屏東地方法院刑事判決 (102 年度易字第
225 號)在案 ， 本案當事人(萬丹護理之家陳姓負責人)屬護
理人員，至護理之家老人慶生經費應屬捐贈款項，係屬其
業務範圍無誤，成立業務侵占罪。護理人員法第 35 條規
範主體為業務上有違法或不正當行為之護理人員，前揭判
決已經刑事判決認定，核屬業務上違法行為。",https://drive.google.com/file/d/1IEo7JO0CoxnfXCeiRm87BLzYfexqwZH7/view?usp=drivesdk,,
interp-0485,護理人員法解釋彙編,第 35 條,〔釋例類別〕 第 9 類 其他（輔助病歷處理、協助石膏固定……,105.8.19,2016-08-19,衛部照字第1050124459號,有關貴局函詢「護理人員依法執行同法第35條於業務上有,355,356,368,369,護理人員、執業執照、停業、病歷,彙編節錄,108年彙編多數未保留正本、副本或署名欄；本筆已依下一封函或下一條文邊界切分。,"105.8.19 衛部照字第1050124459 號 
主旨：有關貴局函詢「護理人員依法執行同法第35條於業務上有
不正當行為之疑義」一案，復如說明段，請查照。 
說明： 
一、復貴局105年8月11日投衛局醫字第1050016826號函。 
二、依護理人員法第35條規定:「護理人員於業務上有違法或
不正當行為者，處一個月以上一年以下之停業處分；其情 節重大者，得廢止其執業執照；其涉及刑事責任者，並應
移送該管檢察機關依法辦理。」。 
三 、 查 本 部( 前 行 政 院 衛 生 署)92 年7 月23 日 衛 署 醫 字 第
0920029219號函，略以:「二、……，所稱業務上違法或
不正當行為之認定原則，得適用本署85年11月16日衛署醫
字第85061891號函及90年3月23日衛署醫字第0900001839
號函之意旨認定處理。…。」；再依本部 (前行政院衛生
署)90年3月23日衛署醫字第0900001839號函 ， 略以:「……
(三)所稱業務上不正當行為，係指其行為雖不違法，但在
醫療品質與醫學倫理上不具正當之行為，其情節有輕重之
別，情節重大者，可對病人生命安全及身體健康造成不良
影響。……。」，先予敘明。 
四、本案請貴局依上開原則，就個案之事實予以查明認定。",https://drive.google.com/file/d/1IEo7JO0CoxnfXCeiRm87BLzYfexqwZH7/view?usp=drivesdk,,
interp-0486,護理人員法解釋彙編,第 35 條,〔釋例類別〕 第 9 類 其他（輔助病歷處理、協助石膏固定……,84.9.7,1995-09-07,衛署醫字第84053676號,貴市○○診所涉嫌留用他人所申請聘僱之二位外籍勞工，,356,357,369,370,護理人員、醫療輔助、病歷,彙編節錄,108年彙編多數未保留正本、副本或署名欄；本筆已依下一封函或下一條文邊界切分。,"84.9.7.衛署醫字第84053676 號函 
主旨：貴市○○診所涉嫌留用他人所申請聘僱之二位外籍勞工，
為病患注射藥物等醫療行為 ， 應如何論處乙案 ， 復請 查照
。 
說明： 
一、復 貴局 84 年 8 月 18 日 84 高市衛五字第26134 號函。 
二、護理人員法第 37 條規定，未取得護理人員資格，執行護
理人員業務者，本人及其雇主各處新台幣 1 萬 5 千元以上 15 萬元以下罰鍰。上開罰則對於外籍勞工亦應一體適用。 
三、本案○○診所涉嫌留用他人所申請聘僱之二位外籍勞工，
為病患注射藥物等醫療行為，該診所負責醫師除應依護理
人員法第 37 條論處外 ， 併請將其非法留用外籍勞工之事實 
及外籍勞工從事醫療輔助行為等相關證卷，送請行政院勞
工委員會依就業服務法及其相關法規規定，就外籍勞工、
原雇主及非法雇主等分別予以處分。 
（註：本函釋所敍之診所名稱以○○表示）",https://drive.google.com/file/d/1IEo7JO0CoxnfXCeiRm87BLzYfexqwZH7/view?usp=drivesdk,,
interp-0487,護理人員法解釋彙編,第 37 條,〔釋例類別〕 第 9 類 其他（輔助病歷處理、協助石膏固定……,86.3.12,1997-03-12,衛署醫字第86009030號,台北縣衛生局函為未取得護士證書而在醫院執業之護校畢,357,358,370,371,護理人員、護理師、護士、病歷,彙編節錄,108年彙編多數未保留正本、副本或署名欄；本筆已依下一封函或下一條文邊界切分。,"86.3.12.衛署醫字第86009030 號函 
主旨：台北縣衛生局函為未取得護士證書而在醫院執業之護校畢
業生 ， 是否得以違反護理人員法第37 條之規定處分乙案，
請 查照。 
說明： 
一、依據台北縣衛生局86 年 2 月 3 日 86 北衛五字第 07280 號
函辦理。 
二、依護理人員法第1 條規定，中華民國人民經護理人員考試
及格，並依本法領有護理人員證書者，得充護理人員。第
37 條規定，未取得護理人員資格，執行護理人員業務者，
本人及其雇主各處新台幣1 萬5 千元以上15 萬元以下罰鍰
。依上開規定，僅持有考試院護理師或護士檢覈及格證書
，而未領取護理師或護士證書者，仍未具備護理人員資格
， 其若執行護理業務 ， 應依違反護理人員法第37 條規定論
處。惟因此等人員已經考試及格，具備取得護理人員資格
之要件，祇是程序尚未完成，可依法從輕處罰。 
三、○○醫院經台北縣衛生局 85 年 12 月 16 日前往稽查，發
現有護士經考試及格但尚未取得護士證書 （於85 年 9 月中
旬到職，85 年 11 月 26 日方領有護理人員證書） ，期間均
於病房工作，並無護理人員指導，該院經台北縣政府衛生
局行政處分後向台灣省政府提出訴願申請乙節，應請就上
開事實詳細答辯，並提供相關事證，俾利台灣省政府訴願 委員會審查。 
（註：本函釋所敍之醫院名稱以○○表示）",https://drive.google.com/file/d/1IEo7JO0CoxnfXCeiRm87BLzYfexqwZH7/view?usp=drivesdk,,
interp-0488,護理人員法解釋彙編,第 37 條,〔釋例類別〕 第 9 類 其他（輔助病歷處理、協助石膏固定……,87.9.14,1998-09-14,衛署醫字第87052680號,雲林縣衛生局函詢醫院或診所僱用護理學校應屆畢業生或,358,358,371,371,護理人員、執業執照、病歷,彙編節錄,108年彙編多數未保留正本、副本或署名欄；本筆已依下一封函或下一條文邊界切分。,"87.9.14.衛署醫字第87052680 號函 
主旨：雲林縣衛生局函詢醫院或診所僱用護理學校應屆畢業生或
已畢業尚未取得護理人員證書及執業執照者，在護理人員
指導下從事護理工作，針對該護理人員及上述尚未取得護
理人員證書及執業執照者，是否該處以行政罰鍰乙案，請 
查照。 
說明： 
一、依據雲林縣衛生局87 年 8 月 28 日雲衛五字第14223 號函
辦理。 
二、按護理人員法第 37 條規定，未取得護理人員資格，執行
護理人員業務者，本人及其雇主各處新台幣 1 萬 5 千元以
上 15 萬元以下罰鍰 。 但在護理人員指導下實習之高級護理
職業以上學校之學生或畢業生，不在此限。爰此，護理學
校應屆畢業生或已畢業尚未取得護理人員證書者，並未具
護理人員資格，依前揭規定，若該等人員確係在護理人員
指導下從事護理工作，尚難謂涉有違反護理人員法情事。",https://drive.google.com/file/d/1IEo7JO0CoxnfXCeiRm87BLzYfexqwZH7/view?usp=drivesdk,,
interp-0489,護理人員法解釋彙編,第 37 條,〔釋例類別〕 第 9 類 其他（輔助病歷處理、協助石膏固定……,89.7.4,2000-07-04,衛署醫字第89038062號,未取得護理人員資格者，依醫囑執行醫療輔助行為，應以,358,359,371,372,護理人員、護士、醫療輔助、病歷、麻醉,彙編節錄,108年彙編多數未保留正本、副本或署名欄；本筆已依下一封函或下一條文邊界切分。,"89.7.4.衛署醫字第89038062 號函 
主旨：未取得護理人員資格者，依醫囑執行醫療輔助行為，應以
違反護理人員法第 37 條規定處罰 ； 若無醫囑擅自為之 ， 則
應受醫師法第 28 條之約束，請 查照。 
說明： 
一、醫療業務係指以醫療行為為職業而言。不問是主要業務或
附屬業務，凡職業上予以機會，為非特定多數人之醫療行
為均屬之。且醫療業務之認定，並不以收取報酬為其要件
。上揭所稱醫療行為係指凡以治療、矯正或預防人體疾病
、傷害、殘缺為目的，所為的診察、診斷及治療；或基於
診察、診斷結果，以治療為目的，所為的處方、用藥、施 術或處置等行為的全部或一部，均屬之。 
二、又醫療工作之診斷、處方、手術、病歷記載、施行麻醉等
醫療行為，應由醫師親自執行，其餘行為得由輔助人員依
醫囑行之。上述所稱輔助人員，其資格應符合各該類醫事
人員管理法規之規定。資格不符規定之人員，若依醫囑執
行前開醫療輔助行為，應分別依違反各該醫事人員管理法
規規定處罰 ； 若無醫囑擅自為之 ， 則應受醫師法第28 條之
約束。 
三、護理人員法於 80 年 5 月 17 日公布施行，未取得護理人員
資格者執行醫療輔助行為，若依醫囑行之，應以違反護理
人員法第 37 條規定處罰 ； 若無醫囑擅自為之 ， 則應受醫師
法第28 條之約束 。 本署76 年12 月2 日衛署醫字第666362
號函說明三後段「未具護士資格之行為人，亦將受醫師法
及有關法令之約束」，意旨未明，應予補充。",https://drive.google.com/file/d/1IEo7JO0CoxnfXCeiRm87BLzYfexqwZH7/view?usp=drivesdk,,
interp-0490,護理人員法解釋彙編,第 37 條,〔釋例類別〕 第 9 類 其他（輔助病歷處理、協助石膏固定……,89.12.18,2000-12-18,衛署醫字第0890031707號,所詢貴轄○○耳鼻喉科診所聘用護理學校畢業尚未取得護,359,360,372,373,護理人員、護理師、護士、病歷,彙編節錄,108年彙編多數未保留正本、副本或署名欄；本筆已依下一封函或下一條文邊界切分。,"89.12.18.衛署醫字第0890031707 號函 
主旨：所詢貴轄○○耳鼻喉科診所聘用護理學校畢業尚未取得護
理師(士)證書之人員，從事護理相關業務，是否違反護理
人員法規規定乙案，復請 查照。 
說明： 
一、復 貴局 89 年 11 月 20 日 89 北衛醫字第73989 號函。 
二、依護理人員法第1 條規定，中華民國人民經護理人員考試
及格，並依本法領有護理人員證書者，得充護理人員。同
法第 37 條並規定 ， 未取得護理人員資格 ， 執行護理人員業
務者 ， 本人及其雇主各處新台幣1 萬5 千元以上 15 萬元以
下罰鍰。依上開規定，僅護理學校畢業，而未領取護理師
或護士證書者，仍未具護理人員資格，其若無合格護理人
員之指導， 執行護理業務應依違反護理人員法第37 條論處
。 
（註：本函釋所敍之診所名稱以○○表示）",https://drive.google.com/file/d/1IEo7JO0CoxnfXCeiRm87BLzYfexqwZH7/view?usp=drivesdk,,
interp-0491,護理人員法解釋彙編,第 37 條,〔釋例類別〕 第 9 類 其他（輔助病歷處理、協助石膏固定……,90.6.11,2001-06-11,衛署醫字第0900030930號,所詢貴轄○○醫院聘僱未經護理人員考試及格之護校畢業,360,360,373,373,護理人員、病歷,彙編節錄,108年彙編多數未保留正本、副本或署名欄；本筆已依下一封函或下一條文邊界切分。,"90.6.11.衛署醫字第0900030930 號函 
主旨：所詢貴轄○○醫院聘僱未經護理人員考試及格之護校畢業
生，執行抽痰及更換導尿管等行為，應如何適法處分案，
復請 查照。 
說明： 
一、復 貴局 90 年 5 月 23 日 90 北衛醫字第30638 號函。 
二、依護理人員法第1 條規定，中華民國人民經護理人員考試
及格，並依本法領有護理人員證書者，得充護理人員。同
法第 37 條並規定 ， 未取得護理人員資格 ， 執行護理人員業
務者 ， 本人及其雇主各處新台幣1 萬5 千元以上 15 萬元以
下罰鍰，但在護理人員指導下實習之高級護理職業以上學
校之學生或畢業生，不在此限。本案請依上揭規定辦理。 
（註：本函釋所敍之醫院名稱以○○表示）",https://drive.google.com/file/d/1IEo7JO0CoxnfXCeiRm87BLzYfexqwZH7/view?usp=drivesdk,,
interp-0492,護理人員法解釋彙編,第 37 條,〔釋例類別〕 第 9 類 其他（輔助病歷處理、協助石膏固定……,91.5.29,2002-05-29,衛署醫字第0910032199號,所詢有關應屆護理系畢業生無法立即取得證照，可否比照,360,361,373,374,護理人員、護士、評鑑、病歷,彙編節錄,108年彙編多數未保留正本、副本或署名欄；本筆已依下一封函或下一條文邊界切分。,"91.5.29.衛署醫字第0910032199 號函 
主旨：所詢有關應屆護理系畢業生無法立即取得證照，可否比照
實習醫師以契約實習護士僱用乙案，復請 查照。 
說明： 
一、復 貴會 91 年 5 月 17 日輔陸字第 0912068 號函。 
二、查「實習護士實施要點」第2 點規定，本要點所稱之實習
護士，係指在國內公立或立案之私立高級職業以上學校，
修習護理學科系畢業學生依志願繼續從事實習者。又護理
人員法第 37 條規定 ： 未取得護理人員資格 ， 執行護理人員
業務者 ， 本人及其雇主各處新台幣1 萬 5 千元以上 15 萬元
以下罰鍰。但在護理人員指導下實習之高級護理職業以上
學校之學生或畢業生，不在此限。 
三、按「實習護士實施要點」第3 點、第4 點規定，經中央衛
生主管機關評鑑合格之地區以上之醫院，得進用實習護士
，惟其進用人數以不超過該院護士人數之五分之一為限。 
四、隨函檢附「實習護士實施要點」乙份供參。",https://drive.google.com/file/d/1IEo7JO0CoxnfXCeiRm87BLzYfexqwZH7/view?usp=drivesdk,,
interp-0493,護理人員法解釋彙編,第 37 條,〔釋例類別〕 第 9 類 其他（輔助病歷處理、協助石膏固定……,94.6.30,2005-06-30,衛署醫字第0940050047號,所詢尚未取得專業證照之護理學校應屆畢業生其任用資格,361,361,374,374,護理人員、護理師、護士、病歷,彙編節錄,108年彙編多數未保留正本、副本或署名欄；本筆已依下一封函或下一條文邊界切分。,"94.6.30.衛署醫字第0940050047 號函 
主旨：所詢尚未取得專業證照之護理學校應屆畢業生其任用資格
等疑義，復請 查照。 
說明： 
一、復 貴院 94 年 6 月 3 日宜醫秘字第 2852 號函。 
二、按護理人員法第 37 條規定：「未取得護理人員資格，執
行護理人員業務者，本人及其雇主各處新台幣 1 萬 5 千元
以上 15 萬元以下罰鍰 。 但在護理人員指導下實習之高級護
理職業以上學校之學生或畢業生，不在此限。」爰此，護
理學校應屆畢業生或已畢業尚未取得護理人員證書者，並
未具護理人員資格，依前揭規定，若該等人員確係在護理
人員指導下從事護理工作，尚難謂涉有違反護理人員法情
事。 
三、次按護理師與護士等醫事人員，須經護理師或護士之專門
職業考試，取得各該專業資格後，方得任用。依護理人員
法第 37 條但書規定 ， 實習之護理學校之學生或已畢業尚未
取得護理人員證書者，其任用方式，宜由任用機關依相關
法規辦理。 
四、另按護理人員法第1 條第 1 項規定，中華民國人民經護理
人員考試及格，並依本法領有護理人員證書者，得充護理
人員。爰此，持有考試院護理師或護士檢覈及格證書，而
未領取護理師或護士證書前，僅具備取得護理人員資格之
要件，因其程序尚未完成，依前開規定，仍未具備護理人
員資格。",https://drive.google.com/file/d/1IEo7JO0CoxnfXCeiRm87BLzYfexqwZH7/view?usp=drivesdk,,
interp-0494,護理人員法解釋彙編,第 37 條,〔釋例類別〕 第 9 類 其他（輔助病歷處理、協助石膏固定……,94.12.8,2005-12-08,衛署醫字第0940062813號,所陳報越南籍護理人員○○○擬至貴院從事臨床護理研修,361,362,374,375,護理人員、病歷,彙編節錄,108年彙編多數未保留正本、副本或署名欄；本筆已依下一封函或下一條文邊界切分。,"94.12.8.衛署醫字第0940062813 號函 
主旨：所陳報越南籍護理人員○○○擬至貴院從事臨床護理研修
一案，復請 查照。 
說明： 
一、復 貴院94 年11 月21 日校附醫國字第0941140083號函。 
二、查護理人員法第1 條第 1 項規定：「中華民國人民經護理 人員考試及格，並依本法領有護理人員證書者，得充護理
人員。」另同法第37 條規定： 「未取得護理人員資格，執
行護理人員業務者，本人及其雇主各處新台幣 1 萬 5 千元
以上 15 萬元以下罰鍰 。 但在護理人員指導下實習之高級護
理職業以上學校之學生或畢業生，不在此限。」。 
三、前揭護理人員法第 37 條但書規定，並未限制實習者應具
之學歷需在我國學校完成，爰如基於加強國際合作、促進
學術交流或交換學生計畫之實際需要，該越南籍護理人員
如係高級護理職業以上學校之學生或畢業生，經我駐外單
位、政府機關或國際組織推薦至本國醫療機構從事臨床護
理研修，尚符護理人員法第 37 條之相關規定。 
（註：本函釋當事人之姓名以○○○表示）",https://drive.google.com/file/d/1IEo7JO0CoxnfXCeiRm87BLzYfexqwZH7/view?usp=drivesdk,,
interp-0495,護理人員法解釋彙編,第 37 條,〔釋例類別〕 第 9 類 其他（輔助病歷處理、協助石膏固定……,95.12.28,2006-12-28,衛署醫字第0950066615號,所詢醫療機構任用實習護士之相關疑義一案，復請 查照,362,363,375,376,護理人員、護士、評鑑、病歷,彙編節錄,108年彙編多數未保留正本、副本或署名欄；本筆已依下一封函或下一條文邊界切分。,"95.12.28.衛署醫字第 0950066615 號書函 
主旨：所詢醫療機構任用實習護士之相關疑義一案，復請 查照
。 
說明： 
一、復 貴診所 95 年 9 月 29 日、12 月21 日相署保字第 
09510902600 號及相署衛字第 09511201810 號函。 
二、查「實習護士實施要點」第2 點規定，本要點所稱之實習
護士，指在國內公立或立案之私立高級職業以上學校，修
習護理學科系畢業，領有畢業證書，繼續從事實習者；同
要點第 3 點、第 4 點規定，經中央衛生主管機關評鑑合格
之醫院，得進用實習護士，惟其進用人數以不超過該院護
理人員人數之五分之一為限。 
三、另按護理人員法第 37 條規定：「未取得護理人員資格，
執行護理人員業務者，本人及其雇主各處新台幣 1 萬 5 千
元以上 15 萬元以下罰鍰 。 但在護理人員指導下實習之高級
護理職業以上學校之學生或畢業生，不在此限。」是以，
護理學校應屆畢業生或已畢業尚未取得護理人員證書者，
並未具護理人員資格，不得獨立執行護理業務；其若執行 護理業務，應在護理人員指導下為之，而其所為之護理紀
錄，並應經指導護理人員簽名或蓋章，始符合法；未依前
述規定執行護理業務者 ， 則依違反護理人員法第37 條規定
論處。 
四、爰此，貴診所任用實習護士，應依前揭規定辦理。",https://drive.google.com/file/d/1IEo7JO0CoxnfXCeiRm87BLzYfexqwZH7/view?usp=drivesdk,,
interp-0496,護理人員法解釋彙編,第 37 條,〔釋例類別〕 第 9 類 其他（輔助病歷處理、協助石膏固定……,96.6.5,2007-06-05,衛署照字第0960021848號,有關台灣護理學會函請澳門鏡湖護理學院 4 名護生於 96,363,363,376,376,護理人員、病歷,彙編節錄,108年彙編多數未保留正本、副本或署名欄；本筆已依下一封函或下一條文邊界切分。,"96.6.5.衛署照字第0960021848 號函 
主旨：有關台灣護理學會函請澳門鏡湖護理學院 4 名護生於 96
年 6 月 25 日起至 7 月 6 日止為期 12 天至貴院參訓一案，
復請 查照。 
說明： 
一、復 貴院96 年5 月18 日中榮教研字第0960006749號函。 
二、查護理人員法第1 條第 1 項規定：「中華民國人民經護理
人員考試及格，並依本法領有護理人員證書者，得充護理
人員。」。另同法第 37 條規定： 「未取得護理人員資格，
執行護理人員業務者，本人及其雇主各處新台幣 1 萬 5 千
元以上 15 萬元以下罰鍰 。 但在護理人員指導下實習之高級
護理職業以上學校之學生或畢業生，不在此限。」。前揭
護理人員法第 37 條但書規定 ， 並未限制實習者應具之學歷
需在我國學校完成，爰此，經我駐外單位、政府機關或國
際組織推薦至本國醫療機構從事臨床護理研修，尚符護理
人員法第 37 條之相關規定。另查 ， 本案4 名澳門籍護理學
院在校護生，係以學生身分至本國醫療機構從事臨床護理
研修，因涉及學生實習場所及課程規劃等相關權益，宜由
學校具文，與貴院達成合作共識為之。 
三、至該護生於貴院從事臨床護理研修期間，應遵守訓練機構
內部管理相關規範，並依護理人員法之相關規定執行護理
業務。",https://drive.google.com/file/d/1IEo7JO0CoxnfXCeiRm87BLzYfexqwZH7/view?usp=drivesdk,,
interp-0497,護理人員法解釋彙編,第 37 條,〔釋例類別〕 第 9 類 其他（輔助病歷處理、協助石膏固定……,96.7.16,2007-07-16,衛署醫字第0960030659號,所詢 貴轄私立醫療機構僱用密護違反護理人員法第 37 條規定，依法處分對象疑義一案，復請 查照。,363,364,376,377,護理人員、開業、病歷,彙編節錄,108年彙編多數未保留正本、副本或署名欄；本筆已依下一封函或下一條文邊界切分。,"96.7.16.衛署醫字第0960030659 號函 
主旨：所詢 貴轄私立醫療機構僱用密護違反護理人員法第 37 條規定，依法處分對象疑義一案，復請 查照。 
說明： 
一、復 貴局 96 年 7 月 6 日北衛醫字第 0960060392 號函。 
二、依醫療法規定，私立醫療機構並未具法人資格，係屬醫師
自然人之開業場所。是以，醫療法第18 條規定，私立醫療
機構由醫師設立者，應以醫師為申請人並為該機構之負責
醫師，即由醫師設立之私立醫療機構，係以其負責醫師為
權利義務主體，故有關私立醫療機構之處分(罰鍰部分)，
按同法第 115 條規定處罰其負責醫師。本案請依前揭規定
辦理。 
（註：醫療法第115 條第 1 項規定：本法所定之罰鍰，於私立醫療機構 
，處罰其負責醫師。）",https://drive.google.com/file/d/1IEo7JO0CoxnfXCeiRm87BLzYfexqwZH7/view?usp=drivesdk,,
interp-0498,護理人員法解釋彙編,第 37 條,〔釋例類別〕 第 9 類 其他（輔助病歷處理、協助石膏固定……,103.2.21,2014-02-21,衛部照字第1031560264號,有關 貴會所詢護理人員法第 37 條所謂指導之定義是否,364,365,377,378,護理人員、醫療輔助、病歷,彙編節錄,108年彙編多數未保留正本、副本或署名欄；本筆已依下一封函或下一條文邊界切分。,"103.2.21 衛部照字第1031560264 號函 
主旨：有關 貴會所詢護理人員法第 37 條所謂指導之定義是否
包括各項紀錄之複核乙案，復如說明，請 查照。 
說明： 
一、復 貴會103 年 1 月 22 日全聯護會盧字第 103034 號函。 
二、依據護理人員法第 37 條規定：「未取得護理人員資格，
執行護理人員業務者，本人及其雇主各處新台幣一萬五千
元以上十五萬元以下罰鍰。但在護理人員指導下實習之高
級護理職業以上學校之學生或畢業生，不在此限。」對所
稱「指導」，得由護理人員自行斟酌指導之方式，並不以
現場指導為要件，惟實習之學生或畢業生，於實習執行護
理業務過程中對所為之護理業務，應經指導護理人員確認
後，始得執行。 
三、另查，護理人員法第 24 條規定：「護理人員之業務如左
：一、健康問題之護理評估。二、預防保健之護理措施。
三、護理指導及諮詢。四、醫療輔助行為。前項第四款醫
療輔助行為應在醫師之指示下行之」。同法第 25 條規定
亦指出，護理人員執行業務時，應製作紀錄。 四、是以，護理人員除業務執行，亦應製作紀錄，故對於實習
之學生或畢業生從事上述事項亦應由護理人員指導及確
認。",https://drive.google.com/file/d/1IEo7JO0CoxnfXCeiRm87BLzYfexqwZH7/view?usp=drivesdk,,
interp-0499,護理人員法解釋彙編,第 37 條,〔釋例類別〕 第 9 類 其他（輔助病歷處理、協助石膏固定……,103.7.7,2014-07-07,衛部照字第1030015654號,有關貴局所詢護理人員未考取護理人員證書前，於醫療機,365,366,378,379,護理人員、護士、醫療輔助、評鑑、病歷,彙編節錄,108年彙編多數未保留正本、副本或署名欄；本筆已依下一封函或下一條文邊界切分。,"103.7.7 衛部照字第1030015654 號函 
主旨：有關貴局所詢護理人員未考取護理人員證書前，於醫療機
構執行「跟診」一案，復如說明，請查照。 
說明： 
一、復 貴局 103 年 6 月 24 日桃衛醫字第 1030056710 號函。 
二、查護理人員法第 24 條規定：「護理人員之業務如左：一
、健康問題之護理評估。二、預防保健之護理措施。三、
護理指導及諮詢。四、醫療輔助行為。前項第四款醫療輔
助行為應在醫師之指示下行之」。而上述所稱醫療輔助行
為之範圍包括：輔助施行侵入性檢查；輔助施行侵入性治
療、處置；輔助各項手術；輔助分娩；輔助施行放射線檢
查、治療；輔助施行化學治療；輔助施行氧氣療法 (含吸
入療法)、光線療法；輔助藥物之投與；輔助心理、行為
相關治療；病人生命徵象之監測與評估；其他經中央主管
機關認定之醫療輔助行為。前經本部90 年 3 月 12 日衛署
醫字第 0900017655 號函示在案。 
三、次查護理人員法第 37 條規定：「未取得護理人員資格，
執行護理人員業務者，本人及其雇主各處新台幣一萬五千
元以上十五萬元以下罰鍰。但在護理人員指導下實習之高
級護理職業以上學校之學生或畢業生，不在此限。」。 
四、另查「實習護士實施要點」第3 點及第 5 點規定略以，經
中央衛生主管機關評鑑合格之醫院，得進用實習護士，在
護理人員指導下，執行護理業務。而實習護士之實習期間
，以自畢業之日起至次年 9 月 30 日止。 
五、是以，所詢醫療機構內未考取護理人員證書之人員執行「
跟診」是否違法疑義，仍請貴局應先釐清前揭人員目前身
分資格、執業地點，並就其實際執業內容是否涉及護理業 務範疇，據以查處認定。",https://drive.google.com/file/d/1IEo7JO0CoxnfXCeiRm87BLzYfexqwZH7/view?usp=drivesdk,,
interp-0500,護理人員法解釋彙編,第 37 條,〔釋例類別〕 第 9 類 其他（輔助病歷處理、協助石膏固定……,106.3.28,2017-03-28,衛部照字第1061560718號,有關貴局所詢醫療機構聘僱或容留未具護理人員資格者執,366,367,379,380,護理人員、病歷,彙編節錄,108年彙編多數未保留正本、副本或署名欄；本筆已依下一封函或下一條文邊界切分。,"106.3.28 衛部照字第1061560718 號 
主旨：有關貴局所詢醫療機構聘僱或容留未具護理人員資格者執
行護理業務之行政罰法相關疑義一案 ， 復如說明 ， 請查照。 
說明： 
一、復貴局106年3月1日新北衛醫字第1060371766號函。 
二、按「一行為違反數個行政法上義務規定而應處罰鍰者，依
法定罰鍰額最高之規定裁處。但裁處之額度，不得低於各
該規定之罰鍰最低額。」、「數行為違反同一或不同行政
法上義務之規定者，分別處罰之。」行政罰法第 24條第1
項及第25條分別定有明文。準此，行為人違法之行為如評
價為一行為 （包括 「自然一行為」 與 「法律上一行為」 ） ，
縱違反數個行政法上義務規定，亦僅能依同法第24條規定
裁罰；如認係數行為則應依同法第25條規定分別處罰；至
違法之行為究應評價為「一行為」抑或「數行為」乃個案
判斷之問題，並非僅就法規與法規間之關連或抽象事實予
以抽象判斷，必須就具體個案之事實情節依據行為人主觀
犯意 、 構成要件之事實 、 受侵害法益及所侵害之法律效果，
斟酌被違反行政法上義務條文之文義、立法意旨、制裁之
意義、期待可能性與社會通念等因素綜合判斷決定之（法
務部102年1月23日法律字第 10100258120號函釋意旨參
考）。 
三、據上，貴局應先判斷該未具護理人員資格者執行護理人員
業務之醫療機構與其雇主是否為同一主體，倘非同一主體
，應依違反醫療法第 57 條第 2 項及護理人員法第 37 條規
定，分別處罰之；倘為同一主體，則須進一步依上開說明
，依具體個案情節，判斷依療機構之行為屬一行為或數行
為，如為一行為，應有行政罰法第 24 條規定之適用。 
四、是以，貴局所詢，請依上開規定，並就個案事實認定。",https://drive.google.com/file/d/1IEo7JO0CoxnfXCeiRm87BLzYfexqwZH7/view?usp=drivesdk,,
interp-0501,護理人員法解釋彙編,第 37 條,〔釋例類別〕 第 9 類 其他（輔助病歷處理、協助石膏固定……,106.6.19,2017-06-19,衛部照字第1061561542號,有關貴局函詢「未取得護理人員資格，是否可執行護理人,367,371,380,384,護理人員、護士、病歷,彙編節錄,108年彙編多數未保留正本、副本或署名欄；本筆已依下一封函或下一條文邊界切分。,"106.6.19 衛部照字第1061561542 號 
主旨：有關貴局函詢「未取得護理人員資格，是否可執行護理人
員業務之疑義」案，復如說明段，請查照。 
說明： 
一、復貴局 106 年 5 月 16 日中市衛醫字第 1060046353 號函。
二、依護理人員法第 37 條規定：「未取得護理人員資格，執
行護理人員業務者，本人及其雇主各處新台幣一萬五千元
以上十五萬元以下罰鍰。但在護理人員指導下實習之高級
護理職業以上學校之學生或畢業生，不在此限。」。 
三、查本部(前行政院衛生署)95 年 12 月 28 日衛署醫字第
0950066615 號書函，略以：「三、……，護理學校應屆畢
業生或已畢業尚未取得護理人員證書者，並未具護理人員
資格，不得獨立執行護理業務；其若執行護理業務，應在
護理人員指導下為之，而其所為之護理紀錄，並應經指導
護理人員簽名或蓋章，始符合法；未依前述規定執行護理
業務者，則依違反護理人員法第37 條規定論處。」 。又對
於前述所稱之 「指導」 ，按本部103 年 2 月 21 日衛部照字
第 1031560264 號函，略以： 「二、……對所稱『指導』，
得由護理人員自行斟酌指導之方式，並不以現場指導為要
件，惟實習之學生或畢業生，於實習執行護理業務過程中
對所為之護理業務，應經指導護理人員確認後，始得執行
。」合先敘明。 
四、綜上，就護理人員法第 37 條之但書所定高級護理職業以
上學校畢業生，條文並未規定實習場所、年限等條件，亦
未授權行政機關訂定法規命令予以補充。爰如該等實習學
生或畢業生於實習執行護理業務過程符合前述規定，尚難
以其違反護理人員法第 37 條規定裁罰 。 另為強化護理人員
管理，並有效運用人力，本部業訂有「實習護士實施要點
」(94 年 9 月 28 日修正)，建議醫院於進用護理科系畢業
生時參照該要點第 3 至 5 點辦理(如附件)。 
五、至所提若符合護理人員法第 37 條之但書規定，則無違反 法令規範恐有助長醫療機構規避稽查之疑慮，本部將再收
集相關意見研議修法之可行性。",https://drive.google.com/file/d/1IEo7JO0CoxnfXCeiRm87BLzYfexqwZH7/view?usp=drivesdk,,
interp-0502,護理人員法解釋彙編,第 55-1 條,〔釋例類別〕 第 9 類 其他（輔助病歷處理、協助石膏固定……,97.9.11,2008-09-11,衛署醫字第0970215426號,所陳有關外國人領有工作證可否從事「家庭看護IN HOUSE,371,371,384,384,護理人員、病歷,彙編節錄,108年彙編多數未保留正本、副本或署名欄；本筆已依下一封函或下一條文邊界切分。,"97.9.11.衛署醫字第0970215426 號函
主旨：所陳有關外國人領有工作證可否從事「家庭看護IN HOUSE 
NURSE」職業案，就 CARE GIVER 可否從事醫療行為及法定
護理工作等乙案，復請 查照。 
說明： 
一、依據行政院秘書處 97 年 8 月 22 日臺衛字第 0970037194
號函及 97 年 8 月 5 日院臺衛移字第 0970034026 號移文單
、外交部 97 年 8 月 13 日外亞太二字第 09712007610 號函
及 97 年 8 月 5 日外亞太二字第 09703105050 號函 、 監察院",https://drive.google.com/file/d/1IEo7JO0CoxnfXCeiRm87BLzYfexqwZH7/view?usp=drivesdk,,
interp-0503,護理人員法解釋彙編,第 55-1 條,〔釋例類別〕 第 9 類 其他（輔助病歷處理、協助石膏固定……,97 年 8 月 5 日,2008-08-05,(97)院臺業貳字第0970161410號,97 年 8 月 5 日(97)院臺業貳字第 0970161410 號函、內政,371,373,384,386,護理人員、照顧服務員、醫療輔助、病歷、麻醉,參照摘要,彙編中此筆為短摘要或參照其他頁碼，非完整公文全文。,"97 年 8 月 5 日(97)院臺業貳字第 0970161410 號函、內政
部 97 年 8 月 12 日台內社字第 0970127629 號函辦理 ， 兼復 
台端 97 年 7 月 28 日陳情書。 
二、按醫療業務係指以醫療行為為職業而言，不問是主要業務
或附屬業務，凡職業上予以機會，為非特定多數人所為之
醫療行為均屬之。又醫療工作之診斷、處方、手術、病歷 記載、施行麻醉等醫療行為，應由醫師親自執行，其餘行
為得由輔助人員依醫囑行之。上述所稱輔助人員，其資格
應符合各該類醫事人員管理法規之規定。資格不符規定之
人員，若依醫囑執行前開醫療輔助行為，應分別依違反各
該醫事人員管理法規規定處罰；若無醫囑擅自為之，則應
受醫師法第 28 條之約束。再予敘明。 
三、復按我國護理人員法第 55 條之 3 規定，外國人及華僑得
依中華民國法律，應護理人員考試及格，並依法領有護理
人員證書及經中央主管機關許可者，始得執行我國護理人
員法所定護理人員之業務。併予敘明。 
四、另查導尿及抽痰等工作，係屬醫療業務行為，應由醫師親
自為之，或依護理人員法，得由護理人員依醫師指示為之
。未具護理人員資格者，若依醫囑執行前述業務，係屬違
反護理人員法第 37 條規定，本人及其雇主各處新台幣 1
萬 5 千元以上 15 萬元以下罰鍰 ； 若無醫囑擅自為之 ， 則應
受醫師法第 28 條之約束。 
五、又鼻胃管初次置入仍有相當程度之危險性，宜由醫師親自
為之；至鼻胃管全管拔除及需長期鼻胃管留置患者之定期
更換，如經醫師診察、判斷後，得指示護理人員協助為之
；至為維持個案生理機能所需，及維護身體清潔及衛生以
增加舒適感，由未具護理人員資格之照顧服務員執行鼻胃
管灌食，及因置入鼻胃管所引發之分泌物簡易照顧處理，
如不涉及醫療專業判斷、醫療行為等，僅係個案身體照顧
服務，尚無不可。前經本署 96 年 4 月 27 日衛署照字第
0962800730 號函釋在案。 
六、至單純之量血壓、脈搏及體溫，如未涉及診斷，尚難認屬
醫療業務，一般民眾均可為之；惟如涉及疾病檢查、診斷
與治療等醫療業務之整體連貫作業，係屬醫療行為，應由
醫師或由護理人員依醫囑行之。 
七、是以，本案就 CARE GIVER 可否從事醫療行為及法定護理
工作乙事，請參酌上開原則及規定辦理。 （註：本函釋說明五所敘本署 96.4.27.衛署照字第 0962800730 號函
，請參閱P.392）",https://drive.google.com/file/d/1IEo7JO0CoxnfXCeiRm87BLzYfexqwZH7/view?usp=drivesdk,,
interp-0504,護理人員法解釋彙編,第 55-3 條,〔釋例類別〕 第 9 類 其他（輔助病歷處理、協助石膏固定……,102.5.30,2013-05-30,衛署照字第1022863283號,有關所詢臺北市私立○○○長期照顧中心申請聘雇緬甸籍,373,374,386,387,護理人員、護理師、護理機構、執業登記、執業執照、病歷,彙編節錄,108年彙編多數未保留正本、副本或署名欄；本筆已依下一封函或下一條文邊界切分。,"102.5.30.衛署照字第1022863283 號函 
主旨：有關所詢臺北市私立○○○長期照顧中心申請聘雇緬甸籍
○○○君從事專門性、技術性工作乙案，復請 查照。 
說明： 
一、復 貴會102 年4 月29 日勞職許字第1020504630號函。 
二、依據護理人員法第 55-3 條規定：「外國人及華僑得依中
華民國法律，應護理人員考試。前項考試及格，領有護理
人員證書之外國人與華僑，在中華民國執行護理業務，應
經中央主管機關許可，並應遵守中華民國關於護理與醫療
之相關法令及護理人員公會章程；其執業之許可及管理辦
法，由中央主管機關定之。」同法第 8 條：「護理人員應
向執業所在地直轄市、縣(市)主管機關申請執業登記，領
有執業執照，始得執業。」。 
三、外國人及華僑領有合格護理人員證書者，須經執業登記並
領有執業執照，始得執行護理業務，又，護理人員之執業
場所包括醫療機構、護理機構、安養護機構及其他醫事機
構（如捐血中心）、學校…等場所。查旨案緬甸籍○○○
君已領有護理師證書，惟應經執業登記領有執業執照後，
始得執行護理業務。 
四、次查 「外國人從事就業服務法第46 條第 1 項第 1 款至第 6
款工作資格及審查標準」 第28 條第 5 款規定 「所稱其他經
中央主管機關會商『中央目的事業主管機關』認定得聘僱
前條外國人之機構」乙節，有關護理人員執登管理等事項
係受護理人員法規範，按護理人員法第 5 條規定，本法所
稱主管機關在中央為本署，又本案申請機構為老人長期照
顧中心，其屬內政部權責，故前開規定所稱「中央目的事
業主管機關」，仍應由貴會予以認定。 
（註：本函釋長期照顧中心、當事人之姓名以○○○表示）",https://drive.google.com/file/d/1IEo7JO0CoxnfXCeiRm87BLzYfexqwZH7/view?usp=drivesdk,,
interp-0505,護理人員法解釋彙編,第 55-3 條,〔釋例類別〕 第 9 類 其他（輔助病歷處理、協助石膏固定……,103.2.14,2014-02-14,衛部照字第1030103595號,有關 貴局所詢外籍人士得否以外國合格護士資格來台從,374,374,387,387,護理人員、護士、執業登記、執業執照、病歷,彙編節錄,108年彙編多數未保留正本、副本或署名欄；本筆已依下一封函或下一條文邊界切分。,"103.2.14 衛部照字第 1030103595 號函 
主旨：有關 貴局所詢外籍人士得否以外國合格護士資格來台從
事相關工作乙案，復如說明，請 查照。 
說明： 
一、復 貴局103 年 2 月 5 日領二字第 1035104521 號函。 
二、依據護理人員法第 55-3 條規定：「外國人及華僑得依中
華民國法律，應護理人員考試。前項考試及格，應經中央
主管機關許可，並應遵守中華民國關於護理與醫療之相關
法令及護理人員公會章程；其執業之許可及管理辦法，由
中央主管機關定之」。同法第8 條：「護理人員應向執業
所在地直轄市、縣(市)主管機關申請執業登記，領有執業
執照，始得執業」。 
三、另外國學歷報考本國護理人員考試之相關訊息，請參考考
試院考選部網站相關訊息(http://www.moex.gov.tw)。 
四、是以，所詢對象如依法取得本國護理人員證書，尚須經執
業登記並領有執業執照始得執業。",https://drive.google.com/file/d/1IEo7JO0CoxnfXCeiRm87BLzYfexqwZH7/view?usp=drivesdk,,
interp-0506,護理人員法解釋彙編,第 55-3 條,〔釋例類別〕 第 9 類 其他（輔助病歷處理、協助石膏固定……,80.6.19,1991-06-19,衛署保字第954621號,公告護理人員法第 37 條於民國 82 年 6 月 30 日前分區實,374,377,387,391,護理人員、評鑑、病歷,彙編節錄,108年彙編多數未保留正本、副本或署名欄；本筆已依下一封函或下一條文邊界切分。,"80.6.19.衛署保字第954621 號公告 
主旨：公告護理人員法第 37 條於民國 82 年 6 月 30 日前分區實
施範圍。 
依據：護理人員法第 57 條。 
公告事項： 
一、經醫院評鑑合格之醫學中心（含準醫學中心）自民國 81
年元月 1 日起列為護理人員法第 37 條之實施範圍。 
二、經醫院評鑑合格之區域醫院（含準區域醫院）自民國 81
年 7 月 1 日起列為護理人員法第 37 條之實施範圍。 
（註：護理人員法第57 條原條文（96.1.29.修正）：本法自公布日施行 。但第三十七條之施行，中央主管機關得於民國八十二年六月三
十日前審酌實際情況分區實行。）",https://drive.google.com/file/d/1IEo7JO0CoxnfXCeiRm87BLzYfexqwZH7/view?usp=drivesdk,,
interp-0507,護理機構分類設置標準解釋彙編,第 11 條,〔釋例類別〕 第 9 類 其他（輔助病歷處理、協助石膏固定……,86.5.19,1997-05-19,衛署醫字第86020319號,護理機構設置標準第3 條至第 8 條所稱之醫師，依該標準,377,378,391,392,護理人員、護理機構、病歷,彙編節錄,108年彙編多數未保留正本、副本或署名欄；本筆已依下一封函或下一條文邊界切分。,"86.5.19.衛署醫字第86020319 號函 
主旨：護理機構設置標準第3 條至第 8 條所稱之醫師，依該標準
規定 ， 並無限制須為護理人員法第20 條所定契約醫院之醫
師，復請 查照。 說明：復 貴會 86 年 4 月 2 日(86)長期阮字第066 號函。",https://drive.google.com/file/d/1IEo7JO0CoxnfXCeiRm87BLzYfexqwZH7/view?usp=drivesdk,,
interp-0508,護理機構分類設置標準解釋彙編,第 4 條,〔釋例類別〕 第 9 類 其他（輔助病歷處理、協助石膏固定……,93.1.30,2004-01-30,衛署醫字第0930001230號,所詢安養機構商請醫院醫師定期至該機構為不便老人看診,378,378,392,392,護理機構、病歷,彙編節錄,108年彙編多數未保留正本、副本或署名欄；本筆已依下一封函或下一條文邊界切分。,"93.1.30.衛署醫字第0930001230 號書函 
主旨：所詢安養機構商請醫院醫師定期至該機構為不便老人看診
，是否可行？及看診場所之限制、設備標準等規定乙案，
復如說明，請 查照。 
說明： 
一、復 貴局 93 年 1 月 6 日苗衛醫字第 0930300035 號函。 
二、有關安養機構之病人如須接受醫療照顧，得依醫療法規定
設立醫務室，及依醫師法第 8 條之 2 但書規定，由依法登
記之執業醫師，經事先報准定時前往診療。",https://drive.google.com/file/d/1IEo7JO0CoxnfXCeiRm87BLzYfexqwZH7/view?usp=drivesdk,,
interp-0509,護理機構分類設置標準解釋彙編,第 4 條,〔釋例類別〕 第 9 類 其他（輔助病歷處理、協助石膏固定……,103.7.28,2014-07-28,衛部照字第1031500136號,所詢護理之家是否有護理人員應固定時間巡房之規定一案,378,379,392,393,護理人員、護理機構、護理之家、病歷,彙編節錄,108年彙編多數未保留正本、副本或署名欄；本筆已依下一封函或下一條文邊界切分。,"103.7.28 衛部照字第1031500136 號函 
主旨：所詢護理之家是否有護理人員應固定時間巡房之規定一案
，復如說明段，請查照。 
說明： 
一、復 貴署103 年7 月17 日北檢治崑103 相247 字第48475號
函。 
二、查護理人員法係規範護理人員執業條件、業務範疇及護理",https://drive.google.com/file/d/1IEo7JO0CoxnfXCeiRm87BLzYfexqwZH7/view?usp=drivesdk,,
interp-0510,護理機構分類設置標準解釋彙編,第 8 條,〔釋例類別〕 第 1 類 護理、社工及其他醫事人員之設置,91.1.17,2002-01-17,衛署醫字第0900075119號,有關護理機構相關法規疑義乙案，復請 查照。,379,380,393,394,護理人員、護理師、護士、護理機構、護理之家、收費,彙編節錄,108年彙編多數未保留正本、副本或署名欄；本筆已依下一封函或下一條文邊界切分。,"91.1.17.衛署醫字第0900075119 號函 
主旨：有關護理機構相關法規疑義乙案，復請 查照。 
說明： 
一、復台端 90 年 11 月 27 日書函。 
二、按護理人員法第 21 條規定：護理機構之收費標準，由直
轄市、縣(市)主管機關核定之。爰此，各財團法人護理之
家應依其所屬地方主管機關訂定之收費標準收取費用。 
三、查護理機構設置標準所訂之護理人員，係指依法領有護理
人員證書者，包括護士及護理師。依上開規定：護理之家
每 15 床至少應有 1 名護理人員，且24 小時均應有護理人
員值班。病患服務人員每5 床至少應有 1 人，且須取得訓
練證明。又病患服務人員如經完成訓練取得證明，即可認
定，並未特別區分本國籍或外國籍。",https://drive.google.com/file/d/1IEo7JO0CoxnfXCeiRm87BLzYfexqwZH7/view?usp=drivesdk,,
interp-0511,護理機構分類設置標準解釋彙編,第 8 條,〔釋例類別〕 第 1 類 護理、社工及其他醫事人員之設置,95.9.22,2006-09-22,衛署醫字第0950040365號,所詢服務於醫院社會服務員(社工人員)資格認定及應否辦,380,380,394,394,護理機構、執業登記,彙編節錄,108年彙編多數未保留正本、副本或署名欄；本筆已依下一封函或下一條文邊界切分。,"95.9.22.衛署醫字第0950040365 號函 
主旨：所詢服務於醫院社會服務員(社工人員)資格認定及應否辦
理執業登記疑義一案，復請 查照。 
說明： 
一、復 貴局 95 年 9 月 11 日東衛醫字第 0950011177 號函。 
二、查醫療機構及護理機構之設置標準規定及所服務對象，不
論人力配置或相關設施，均以身體罹患器質性疾病者之醫
療及照護為主要考量，至社政單位所設之相關社會福利機
構係對其所服務對象促進、發展或恢復其社會功能或提供
相關福利措施等為主；是以，醫療保健機構與社會福利機
構屬性不同，所賦予之社會責任、功能亦不相同，先予敘
明。 
三、次查「醫療機構設置標準」附表二、三，有關社會工作人
員資格之相關規定，係指大專院校社會工作學系、所、組
畢業者而言；另查「護理機構設置標準」附表，關於社會
工作人員資格除前述人員外，實務上於認定時尚包括醫學
社會學系、所、組畢業者。是以，目前醫療機構及護理機
構有關社會工作人員任用資格，請依前述規定辦理。",https://drive.google.com/file/d/1IEo7JO0CoxnfXCeiRm87BLzYfexqwZH7/view?usp=drivesdk,,
interp-0512,護理機構分類設置標準解釋彙編,第 8 條,〔釋例類別〕 第 1 類 護理、社工及其他醫事人員之設置,98.3.4,2009-03-04,衛署照字第0982800807號,「護理機構大夜班護理人員採值班制於休息室休息是否違,380,381,394,395,護理人員、護理機構,彙編節錄,108年彙編多數未保留正本、副本或署名欄；本筆已依下一封函或下一條文邊界切分。,"98.3.4.衛署照字第0982800807 號函 
主旨：「護理機構大夜班護理人員採值班制於休息室休息是否違
反護理機構設置標準規定」一案，復請 查照。 
說明： 
一、復 貴局 98 年 1 月 17 日衛醫字第 0970304116 號函。 
二、按護理機構分類及設置標準表明定「護理機構 24 小時均
應有護理人員值班」，揆其規定意旨，應係護理機構內之",https://drive.google.com/file/d/1IEo7JO0CoxnfXCeiRm87BLzYfexqwZH7/view?usp=drivesdk,,
interp-0513,護理機構分類設置標準解釋彙編,第 8 條,〔釋例類別〕 第 1 類 護理、社工及其他醫事人員之設置,101.4.18,2012-04-18,衛署照字第1012861991號,所詢關於一般護理之家收住呼吸器依賴個案之護理人力配,381,382,395,396,護理人員、護理機構、護理之家,彙編節錄,108年彙編多數未保留正本、副本或署名欄；本筆已依下一封函或下一條文邊界切分。,"101.4.18.衛署照字第1012861991 號函 
主旨：所詢關於一般護理之家收住呼吸器依賴個案之護理人力配
置疑義案，請 查照。 
說明： 
一、復 貴局101 年3 月16 日新縣衛醫字第1010003083號函。 
二、所詢貴轄某護理之家，許可床數 60 床，開放床數 60 床，
其中收住呼吸器依賴個案4 床之護理人力配置案例 ， 查100
年12 月2 日發布修正之護理機構分類設置標準第8 條附表
（護理機構設置標準表）修正規定，一般護理之家護理人
員設置標準 1、15 床至少應有 1 人。設置標準 4、24 小時
均應有護理人員值班。爰此，依上開規定，其一般護理之
家 56 床之護理人力配置應設 4 人以上，24 小時均應有護
理人員值班。 
三、另再查一般護理之家護理人員設置標準 5、收住呼吸器依
賴個案達 4 床以上者，其人員應符合下列規定：(1)每 10
床應有 1 人 ， 不足10 床以 10 床計 。(2)至少有 1 位護理人
員具備呼吸照護臨床經驗 2 年。(3)24 小時均應有護理人
員上班 ， 收住呼吸器依賴個案以24 床為計算單位 ， 每超過
24 床應再增加 1 人。爰此，所詢案例收住呼吸器依賴個案
4 床之護理人力配置，依上開規定應設有 1 人以上，且 24
小時均應有護理人員在班。",https://drive.google.com/file/d/1IEo7JO0CoxnfXCeiRm87BLzYfexqwZH7/view?usp=drivesdk,,
interp-0514,護理機構分類設置標準解釋彙編,第 8 條,〔釋例類別〕 第 1 類 護理、社工及其他醫事人員之設置,101.7.12,2012-07-12,衛署照字第1012863124號,所詢關於「護理機構分類設置標準」疑義案，復如說明段,382,383,396,397,護理人員、護理機構、護理之家,彙編節錄,108年彙編多數未保留正本、副本或署名欄；本筆已依下一封函或下一條文邊界切分。,"101.7.12.衛署照字第1012863124 號函 
主旨：所詢關於「護理機構分類設置標準」疑義案，復如說明段
，請 查照。 
說明： 
一、復 貴局 101 年 6 月 29 日苗衛醫字第 1010016155 號函。 
二、所詢一般護理之家收住呼吸器依賴個案與一般住床是否明
顯空間區隔一節 ， 查100 年 12 月 2 日發布修正之護理機構
分類設置標準第 8 條附表（護理機構設置標準表）修正規
定，一般護理之家病房設置標準 3、收住呼吸器依賴個案
達四床以上者 ， 其病房應符合下列規定 ：(1)應為獨立隔間
或區域有明顯區隔，每一隔間區域不超過六床。 
三、另若機構收住呼吸器依賴個案30 床，一般住床 32 床，則
該機構護理人力如下： 
(一)查一般護理之家護理人員設置標準 1、15 床至少應有 1 
人。設置標準4、24 小時均應有護理人員值班。爰此 
，依上開規定，其一般護理之家32 床之護理人力配置 
應設 3 人以上，24 小時均應有護理人員值班。 
(二)再查一般護理之家護理人員設置標準 5、 收住呼吸器依 
賴個案達4 床以上者，其人員應符合下列規定：(1)每 
10 床應有1 人，不足 10 床以 10 床計。(2)至少有 1 
位護理人員具備呼吸照護臨床經驗 2 年。(3)24 小時均 
應有護理人員上班，收住呼吸器依賴個案以24 床為計 
算單位，每超過24 床應再增加 1 人。爰此，所詢案例 
收住呼吸器依賴個案30 床之護理人力配置，依上開規 
定應設有4 人以上，且24 小時均應有護理人員在班。 
(三)綜上，該機構之護理人力配置應設有 7 人以上，並應 
依規定24 小時有護理人員在班，收住呼吸器依賴個案 
床與一般住床應為獨立隔間或區域有明顯區隔，每一",https://drive.google.com/file/d/1IEo7JO0CoxnfXCeiRm87BLzYfexqwZH7/view?usp=drivesdk,,
interp-0515,護理機構分類設置標準解釋彙編,第 8 條,〔釋例類別〕 第 1 類 護理、社工及其他醫事人員之設置,101.7.30,2012-07-30,衛署照字第1012863239號,所詢關於一般護理之家護理人員設置標準之疑義案，復請,383,384,397,398,護理人員、護理機構、護理之家、執業執照、開業,彙編節錄,108年彙編多數未保留正本、副本或署名欄；本筆已依下一封函或下一條文邊界切分。,"101.7.30.衛署照字第1012863239 號函 
主旨：所詢關於一般護理之家護理人員設置標準之疑義案，復請 
查照。 
說明： 
一、復 貴局 101 年 7 月 13 日北市衛醫護字第 10137142500
號函。 
二、有關本署 100 年 12 月 2 日發布修正之護理機構分類設置
標準第 8 條附表（護理機構設置標準表）修正規定，說明
如下： 
(一)一般護理之家護理人員設置標準 1、15 床至少應有 1 
人。設置標準 4、24 小時均應有護理人員值班。 
(二)再查一般護理之家護理人員設置標準 5、收住呼吸器 
依賴個案達 4 床以上者，其人員應符合下列規定： 
1.每 10 床應有 1 人，不足 10 床以10 床計。 
2.至少有 1 位護理人員具備呼吸照護臨床經驗 2 年。 
3.24 小時均應有護理人員上班 ， 收住呼吸器依賴個案以 
24 床為計算單位，每超過 24 床應再增加1 人。 
三、爰此，護理機構應依申請設置之床數，其所聘用之護理人
員數不少於上開規定之數。至其所配置人力是否足敷輪班
所需人力，應於審查機構設立時提出審查意見。 
四、至於護理人員執業登錄，則係指護理人員依護理人員法規
定，應向執業所在地直轄市、縣(市)主管機關申請執業登
記，領有執業執照，始得執業。執業人員可做為前款說明
查核時之參考。 
五、無論護理機構所聘之護理人員數，其工時均應依勞動基準
法相關規定辦理。 
六、另有關一般護理之家收住呼吸器依賴個案之設置標準相關
規定公告施行後，許可核發及開業登記之處理方式，本署",https://drive.google.com/file/d/1IEo7JO0CoxnfXCeiRm87BLzYfexqwZH7/view?usp=drivesdk,,
interp-0516,護理機構分類設置標準解釋彙編,第 8 條,〔釋例類別〕 第 1 類 護理、社工及其他醫事人員之設置,101.11.21,2012-11-21,衛署照字第1012864123號,有關貴院所詢護理機構分類設置標準相關疑義及所送案件,384,385,398,399,護理人員、護理機構、護理之家、照顧服務員、開業,彙編節錄,108年彙編多數未保留正本、副本或署名欄；本筆已依下一封函或下一條文邊界切分。,"101.11.21.衛署照字第1012864123 號函 
主旨：有關貴院所詢護理機構分類設置標準相關疑義及所送案件
本署查察結果，請 查照。 
說明： 
一、復 貴院 101 年 10 月 12 日新院千刑仁 101 訴 151 字第 
22954 號函。 
二、依據護理機構分類設置標準表規定： 
(一)護理人員 15 床至少應有 1 人，照顧服務員每5 床應有
1 人以上 ， 所稱床數係該機構申請開業之床數核計 ， 經
查○○護理之家 98 年 12 月 4 日申請開業 168 床，又
於101 年4 月27 日變更開業床數為166 床 （一般床143
床、收住呼吸器依賴個案床23 床） ，依據本署100 年
12 月 2 日修正發布之護理機構分類設置標準，該機構
護理人員至少應有12 人 （至少有一位護理人員具備呼
吸照護臨床經驗二年） ，且24 小時均應有護理人員值
班；照顧服務員至少應有34 人。 
(二)護理機構合法引進之外籍看護工之工作內容，為家務
、日常生活及身體照顧服務，應符合「護理機構設置
標準表」所規範之照顧服務員，惟須向衛生主管機關
登錄為照顧服務員，應檢具經行政院勞工委員會聘僱
許可函及聘僱名冊之證明文件辦理登錄作業，始可核
算照顧服務員人力，且合法引進之外籍看護工 不得逾
機構照顧服務員二分之一，該等人員每年應接受至少
20 小時在職訓練。",https://drive.google.com/file/d/1IEo7JO0CoxnfXCeiRm87BLzYfexqwZH7/view?usp=drivesdk,,
interp-0517,護理機構分類設置標準解釋彙編,第 8 條,〔釋例類別〕 第 1 類 護理、社工及其他醫事人員之設置,101.12.6,2012-12-06,衛署照字第1012864522號,有關貴局所詢所轄某護理之家申請設立之護理人力設置標,385,386,399,400,護理人員、護理機構、護理之家,彙編節錄,108年彙編多數未保留正本、副本或署名欄；本筆已依下一封函或下一條文邊界切分。,"101.12.6.衛署照字第1012864522 號函 
主旨：有關貴局所詢所轄某護理之家申請設立之護理人力設置標
準疑義案，復請 查照。 
說明： 
一、復 貴局 101 年 11 月 15 日新縣衛醫字第 1010024239 號
函。 
二、所詢貴轄某護理之家，許可床數194 床，其中收住呼吸器
依賴個案 48 床之護理人力配置案例，依據 100 年 12 月 2
日發布修正之護理機構分類設置標準第 8 條附表（護理機
構設置標準表）修正規定，則該機構護理人力應符合： 
(一)一般護理之家護理人員設置標準 15 床至少應有 1 人
，24 小時均應有護理人員值班。 
(二)另若收住呼吸器依賴個案達 4 床以上者，其護理人員
應符合下列規定 ：(1)每 10 床應有 1 人 ， 不足10 床以",https://drive.google.com/file/d/1IEo7JO0CoxnfXCeiRm87BLzYfexqwZH7/view?usp=drivesdk,,
interp-0518,護理機構分類設置標準解釋彙編,第 8 條,〔釋例類別〕 第 2 類 照顧服務員、嬰兒照顧人員之設置及業,86.5.17,1997-05-17,衛署醫字第86021923號,持外國護照居留本國之外籍人士，如接受護理機構病患服,386,386,400,400,護理機構、照顧服務員,彙編節錄,108年彙編多數未保留正本、副本或署名欄；本筆已依下一封函或下一條文邊界切分。,"86.5.17.衛署醫字第86021923 號函 
主旨：持外國護照居留本國之外籍人士，如接受護理機構病患服
務員訓練之完整課程，訓練單位得依規定發給病患服務員
結業證書，復請 查照。 
說明：復貴處 86 年 4 月 21 日衛五字第 860022798 號函。",https://drive.google.com/file/d/1IEo7JO0CoxnfXCeiRm87BLzYfexqwZH7/view?usp=drivesdk,,
interp-0519,護理機構分類設置標準解釋彙編,第 8 條,〔釋例類別〕 第 2 類 照顧服務員、嬰兒照顧人員之設置及業,86.12.11,1997-12-11,衛署醫字第86069131號,護理之家病患服務人員由護校畢業未取得護理人員證書者,386,387,400,401,護理人員、護理機構、護理之家、照顧服務員,彙編節錄,108年彙編多數未保留正本、副本或署名欄；本筆已依下一封函或下一條文邊界切分。,"86.12.11.衛署醫字第86069131 號函 
主旨：護理之家病患服務人員由護校畢業未取得護理人員證書者
擔任，是否得免接受病患服務人員訓練；又非護校畢業且
未受病患服務人員訓練者 ， 能否於日後補正乙案 ，復請 查
照。 
說明： 
一、復 貴處 86 年 11 月 22 日衛五字第 860070634 號函。 
二、依護理機構設置標準表規定，病患服務人員應有適當之訓",https://drive.google.com/file/d/1IEo7JO0CoxnfXCeiRm87BLzYfexqwZH7/view?usp=drivesdk,,
interp-0520,護理機構分類設置標準解釋彙編,第 8 條,〔釋例類別〕 第 2 類 照顧服務員、嬰兒照顧人員之設置及業,89.2.19,2000-02-19,衛署醫字第88078720號,所詢本署樂生療養院擬僱用具護理專長之外籍勞工，得否,387,387,401,401,護理機構、照顧服務員,彙編節錄,108年彙編多數未保留正本、副本或署名欄；本筆已依下一封函或下一條文邊界切分。,"89.2.19.衛署醫字第88078720 號函 
主旨：所詢本署樂生療養院擬僱用具護理專長之外籍勞工，得否
不受「本署所屬醫院病患服務人員管理要點」第 6 點第 3
款規定限制乙案，復請 查照。 
說明： 
一、復 貴辦公室 88 年 12 月 28 日衛署中管字第 0041212 號
函。 
二、按依「本署所屬醫院病患服務人員管理要點」第2 點規定
，所稱病患服務人員，係指基於協助照顧住院病患之需要
，於其住院期間，由病患或其家屬所僱用經醫院認定之合
格人員。應非由該療養院僱用，合先敘明。 
三、至於該院之病患或其家屬擬僱用具護理專長之外籍勞工，
得否不受「本署所屬醫院病患服務人員管理要點」第 6 點
第 3 款所定之資格限制，請本於訂定該要點之意旨，自行
依權責處理。",https://drive.google.com/file/d/1IEo7JO0CoxnfXCeiRm87BLzYfexqwZH7/view?usp=drivesdk,,
interp-0521,護理機構分類設置標準解釋彙編,第 8 條,〔釋例類別〕 第 2 類 照顧服務員、嬰兒照顧人員之設置及業,90.4.11,2001-04-11,衛署醫字第0900015936號,有關「看護員」之工作內容是否涉及醫療行為？其技術是,387,388,401,402,護理機構、照顧服務員,彙編節錄,108年彙編多數未保留正本、副本或署名欄；本筆已依下一封函或下一條文邊界切分。,"90.4.11.衛署醫字第0900015936 號函 
主旨：有關「看護員」之工作內容是否涉及醫療行為？其技術是
否適合以技能檢定方式予以認證，並實施該業證照制度乙
案，復請 查照。 
說明： 
一、復 貴會90 年3 月13 日台90 勞職檢字第0200129號函。 
二、按「看護員」應係指家屬自行聘請協助照顧病患之人員，
其工作內容主要在協助照顧病患的衣食起居，如協助沐浴
、更衣、服藥、上下床等，應不涉及醫療行為。",https://drive.google.com/file/d/1IEo7JO0CoxnfXCeiRm87BLzYfexqwZH7/view?usp=drivesdk,,
interp-0522,護理機構分類設置標準解釋彙編,第 8 條,〔釋例類別〕 第 2 類 照顧服務員、嬰兒照顧人員之設置及業,90.6.16,2001-06-16,衛署醫字第0900027144號,所詢醫療院所對看護工之管理權責乙案，復請 查照。,388,388,402,402,護理機構、照顧服務員,彙編節錄,108年彙編多數未保留正本、副本或署名欄；本筆已依下一封函或下一條文邊界切分。,"90.6.16.衛署醫字第0900027144 號函 
主旨：所詢醫療院所對看護工之管理權責乙案，復請 查照。 
說明： 
一、復 貴局90 年4 月27 日北市衛五字第9021840100號函。 
二、按「病患服務員」係護理機構設置標準規定需配置之服務
人力，且所稱病患服務員，需完成地方衛生機關指定或委
託單位所辦理之一百小時訓練，並取得結業證書，始得為
之。 
三、至於目前因社會變遷，雙薪家庭工作繁忙，無暇親自照顧
住院家屬，故常有家屬或病人自行聘請所稱看護工前往醫
院協助照顧病人，醫院基於內部安全及保障病人得到適當
之照顧，訂定內部管理規章，對於病人家屬或病人自行聘
請之看護工，作適度之規範，應無不可。",https://drive.google.com/file/d/1IEo7JO0CoxnfXCeiRm87BLzYfexqwZH7/view?usp=drivesdk,,
interp-0523,護理機構分類設置標準解釋彙編,第 8 條,〔釋例類別〕 第 2 類 照顧服務員、嬰兒照顧人員之設置及業,90.7.10,2001-07-10,衛署醫字第0900036874號,有關貴部對醫院管理看護人員之相關建議乙案，復請 查,388,389,402,403,護理機構、照顧服務員,彙編節錄,108年彙編多數未保留正本、副本或署名欄；本筆已依下一封函或下一條文邊界切分。,"90.7.10.衛署醫字第0900036874 號函 
主旨：有關貴部對醫院管理看護人員之相關建議乙案，復請 查
照。 
說明： 
一、復 貴部 90 年 6 月 18 日台審部參字第 902340 號函。 
二、按「病患服務員」係護理機構設置標準規定需配置之服務
人力，且所稱病患服務員，需完成地方衛生機關指定或委
託單位所辦理之一百小時訓練，並取得結業證書，始得為
之 。 至於醫院內由家屬自行聘僱協助照顧病患之看護人員(
即看護或看護工)，並無資格上之限制，且係病人(或病人
家屬)與看護人員之私契約關係 。 惟為醫療服務管理之需要
，醫院可訂定輔導管理措施，予以規範。",https://drive.google.com/file/d/1IEo7JO0CoxnfXCeiRm87BLzYfexqwZH7/view?usp=drivesdk,,
interp-0524,護理機構分類設置標準解釋彙編,第 8 條,〔釋例類別〕 第 2 類 照顧服務員、嬰兒照顧人員之設置及業,90.10.2,2001-10-02,衛署醫字第0900051408號,有關漢銘醫院擬辦理病患服務人員訓練，訓練課程是否可,389,389,403,403,護理機構、照顧服務員,彙編節錄,108年彙編多數未保留正本、副本或署名欄；本筆已依下一封函或下一條文邊界切分。,"90.10.2.衛署醫字第0900051408 號函 
主旨：有關漢銘醫院擬辦理病患服務人員訓練，訓練課程是否可
教導抽痰技術及其同一梯次之受訓人數有無規範乙案，復
請 查照。 
說明： 
一、復 貴局 90 年 8 月 9 日彰衛醫字第 90192289 號函。 
二、查本署 82 年 12 月 29 日衛署醫字第 8203825 號公告護理
機構病房服務人員之訓練及其相關事項，對於同一梯次受
訓之人數並無特別限制。又依上開公告，訓練課程雖未涵
括抽痰技術，惟為增進病患服務人員知識，其訓練課程安
排抽痰法及技術講解，尚無不可。",https://drive.google.com/file/d/1IEo7JO0CoxnfXCeiRm87BLzYfexqwZH7/view?usp=drivesdk,,
interp-0525,護理機構分類設置標準解釋彙編,第 8 條,〔釋例類別〕 第 2 類 照顧服務員、嬰兒照顧人員之設置及業,91.6.5,2002-06-05,衛署醫字第0910040436號,有關中華看護病患服務聯盟，逕引用本署衛署醫字第,389,390,403,404,護理機構、照顧服務員,彙編節錄,108年彙編多數未保留正本、副本或署名欄；本筆已依下一封函或下一條文邊界切分。,"91.6.5.衛署醫字第0910040436 號函 
主旨：有關中華看護病患服務聯盟，逕引用本署衛署醫字第
0900019473 號函文號 ， 函請醫院協助其辦理病患服務員培
訓乙案，有誤導醫院之虞，請惠予糾正。 
說明： 
一、依據中華看護病患服務聯盟 91 年 4 月 18 日護聯進字第
910418 號函辦理（檢附該函影本供參）。 
二、查本署90 年 4 月 2 日衛署醫字第 0900019473 號函，係本
署回復貴部對該團體籌組設立，有關章程草案之修正意見
，與病患服務員培訓辦理事項無涉，本案該團體引用上開
文號函請醫院協助其辦理病患服務員培訓計畫，顯為不當
使用本署公文文號，有誤導醫院之虞，爰請貴部惠予糾正
。 
三、副本送中華看護病患服務聯盟，貴團體擬辦理病房服務人",https://drive.google.com/file/d/1IEo7JO0CoxnfXCeiRm87BLzYfexqwZH7/view?usp=drivesdk,,
interp-0526,護理機構分類設置標準解釋彙編,第 8 條,〔釋例類別〕 第 2 類 照顧服務員、嬰兒照顧人員之設置及業,92.5.20,2003-05-20,衛署醫字第0920026735號,有關 貴府函詢醫院看護工是否需接受照顧服務員訓練或,390,390,404,404,護理機構、照顧服務員,彙編節錄,108年彙編多數未保留正本、副本或署名欄；本筆已依下一封函或下一條文邊界切分。,"92.5.20.衛署醫字第0920026735 號函 
主旨：有關 貴府函詢醫院看護工是否需接受照顧服務員訓練或
有其他相關規定乙案，復如說明，請 查照。 
說明： 
一、復 貴府 92 年 5 月 9 日屏府衛字第 0920077196 號函。 
二、按「照顧服務員」係護理機構設置標準規定需配置之服務
人力，且所稱照顧服務員，需完成地方衛生機關指定或委
託單位所辦理 90 小時訓練，並取得結業證書，始得為之。
至於醫院內家屬自行聘請協助照顧病患之人員(即看護工)
，並無資格上之限制，其工作內容主要在協助照顧病患的
衣食起居，如協助沐浴、更衣、服藥、上下床等，應不涉
及醫療行為，且係病人(或病人家屬)與看護工之私契約關
係。惟為醫療服務管理之需要，醫院可訂定輔導管理措施
，予以規範。",https://drive.google.com/file/d/1IEo7JO0CoxnfXCeiRm87BLzYfexqwZH7/view?usp=drivesdk,,
interp-0527,護理機構分類設置標準解釋彙編,第 8 條,〔釋例類別〕 第 2 類 照顧服務員、嬰兒照顧人員之設置及業,92.11.27,2003-11-27,衛署醫字第0920058049號,所詢「護理機構設置標準」中設置之「病患服務人員」其,390,391,404,405,護理機構、照顧服務員,彙編節錄,108年彙編多數未保留正本、副本或署名欄；本筆已依下一封函或下一條文邊界切分。,"92.11.27.衛署醫字第 0920058049 號書函 
主旨：所詢「護理機構設置標準」中設置之「病患服務人員」其
服務範圍可否擴及醫療機構等情乙案，復如說明，請 查
照。 
說明： 
一、復 貴局 92 年 10 月 27 日北市衛五字第 09236872400 號
函。 
二、按「護理機構設置標準」中設置之「照顧服務員」，係為
因應我國長期照護人力需求，針對日常生活活動功能或維
持獨立自主生活能力不足，需他人協助者，提供照顧服務
。 內政部92 年 2 月 13 日台內社字第 0920069151 號暨同日
本署衛署醫字第 0920201712 號會銜公告照顧服務員訓練",https://drive.google.com/file/d/1IEo7JO0CoxnfXCeiRm87BLzYfexqwZH7/view?usp=drivesdk,,
interp-0528,護理機構分類設置標準解釋彙編,第 8 條,〔釋例類別〕 第 2 類 照顧服務員、嬰兒照顧人員之設置及業,93.1.30,2004-01-30,衛署醫字第0930002637號,所詢護理機構設置標準有關「產後護理機構得視業務需要,391,391,405,405,護理機構、產後護理、護理之家、照顧服務員,彙編節錄,108年彙編多數未保留正本、副本或署名欄；本筆已依下一封函或下一條文邊界切分。,"93.1.30.衛署醫字第0930002637 號函 
主旨：所詢護理機構設置標準有關「產後護理機構得視業務需要
設置照顧服務員」中所指「照顧服務員」是否可以「保母
人員」取代？並於取得保母人員受訓結業證書後，可受雇
於產後護理機構工作乙案，查產後護理機構因服務對象與
護理之家機構不同，得視業務需要設置照顧服務員，至於
產後護理機構依業務需要任用保母人員 ， 應無不可 ，請 查
照。 
說明：復 貴局93 年1 月15 日北市衛五字第09330022000號函。",https://drive.google.com/file/d/1IEo7JO0CoxnfXCeiRm87BLzYfexqwZH7/view?usp=drivesdk,,
interp-0529,護理機構分類設置標準解釋彙編,第 8 條,〔釋例類別〕 第 2 類 照顧服務員、嬰兒照顧人員之設置及業,93.6.30,2004-06-30,衛署醫字第0930025497號,所詢護理人員已取得國家考試證照者，如從事看護工作是,391,392,405,406,護理人員、護理機構、照顧服務員,彙編節錄,108年彙編多數未保留正本、副本或署名欄；本筆已依下一封函或下一條文邊界切分。,"93.6.30.衛署醫字第 0930025497 號書函 
主旨：所詢護理人員已取得國家考試證照者，如從事看護工作是
否需參加照顧服務員技術士技能檢定乙案，復如說明，請 
查照。 
說明： 
一、依據行政院勞工委員會中部辦公室93 年 6 月 17 日勞中二
字第 0930200490 號書函轉台端陳情書辦理。 
二、按護理人員係屬專門職業資格，而技術士係屬技能檢定，
兩種屬性不同。依護理人員法第 1 條規定：中華民國人民
經護理人員考試及格，並依本法領有護理人員證書者，得
充護理人員。至台端所詢「看護工作」之工作性質未明，
惟依護理機構設置標準規定，護理機構之照顧服務員需符
合本署與內政部於 92 年 2 月 13 日會銜公告照顧服務員訓
練實施計畫之規定，凡經參加照顧服務員訓練，經考評及
格領有結業證書者，即得擔任護理機構照顧服務員。至領",https://drive.google.com/file/d/1IEo7JO0CoxnfXCeiRm87BLzYfexqwZH7/view?usp=drivesdk,,
interp-0530,護理機構分類設置標準解釋彙編,第 8 條,〔釋例類別〕 第 2 類 照顧服務員、嬰兒照顧人員之設置及業,96.3.5,2007-03-05,衛署照字第0962800481號,所詢外籍監護工如何得認列為護理之家人力案，復請 查,392,392,406,406,護理人員、護理機構、護理之家、照顧服務員,彙編節錄,108年彙編多數未保留正本、副本或署名欄；本筆已依下一封函或下一條文邊界切分。,"96.3.5.衛署照字第0962800481 號函 
主旨：所詢外籍監護工如何得認列為護理之家人力案，復請 查
照。 
說明： 
一、復 貴部 96 年 1 月 18 日護協字第 096009 號函。 
二、按「護理機構設置標準」中設置之「照顧服務員」，係為
因應我國長期照顧人力需求，針對日常生活活動功能或維
持獨立自主生活能力不足，需他人協助者，提供家務及日
常生活照顧服務、身體照顧服務及在護理人員指導下執行
病患照顧之輔助服務，但服務範疇不得涉及醫療及護理行
為；另按護理機構設置標準規定，護理機構之照顧服務員
須符合本署與內政部於 92 年 2 月 13 日會銜公告照顧服務
員訓練計畫之規定，凡經參加照顧服務員訓練，經考評及
格領有結業證書者，即得擔任護理機構照顧服務員，先予
敘明。 
三、至所述外籍監護工於來台前，已接受 90 小時照顧服務員
專長訓練，持有專長證明且實際從事老人日常照顧服務者
，得否認列護理之家之人力一節，查護理機構設置標準之
關於照顧服務員資格認定已如前所述，如該護理機構為提
昇照顧品質，依相關法規聘僱受有照顧服員專長訓練之外
籍監護工，協助照顧住民的衣食起居，尚無不可，惟該外
籍監護工未領有本國認證單位訓練考評及格領取結業證書
前，尚不得列計為護理機構設置有關照顧服務員應置之人
數。",https://drive.google.com/file/d/1IEo7JO0CoxnfXCeiRm87BLzYfexqwZH7/view?usp=drivesdk,,
interp-0531,護理機構分類設置標準解釋彙編,第 8 條,〔釋例類別〕 第 2 類 照顧服務員、嬰兒照顧人員之設置及業,96.4.27,2007-04-27,衛署照字第0962800730號,關於照顧服務員得否執行鼻胃灌食疑義案，復請 查照。,392,393,406,407,護理人員、護理機構、照顧服務員、醫療輔助、病歷、麻醉,參照摘要,彙編中此筆為短摘要或參照其他頁碼，非完整公文全文。,"96.4.27.衛署照字第0962800730 號函 
主旨：關於照顧服務員得否執行鼻胃灌食疑義案，復請 查照。 
說明： 一、復 貴局 96 年 4 月 11 日衛醫字第 0960014310 號函。 
二、按醫療業務係指以醫療行為為職業而言。不問是主要業務
或附屬業務，凡職業上予以機會，為非特定多數人之醫療
行為均屬之。且醫療業務之認定，並不以收取報酬為其要
件。前揭所稱醫療行為係指凡以治療、矯正或預防人體疾
病、傷害、殘缺為目的，所為的診察、診斷及治療；或基
於診察、診斷結果，以治療為目的，所為的處方、用藥、
施術或處置等行為的全部或一部的總稱。又醫療工作之診
斷、處方、手術、病歷記載、施行麻醉等醫療行為，應由
醫師親自執行，其餘行為得由相關醫事人員依其各該專門
職業法律之規定，依醫師指示行之，先予敘明。 
三、查「輔助施行侵入性治療、處置」係屬護理人員法第 24
條第 1 項第 4 款所稱醫療輔助行為之範圍，另查有關執行
鼻胃管置入之醫療輔助行為人員資格，前經本署 93 年 12
月 28 日衛署醫字第 0930052157 號書函函釋在案略以：「
……三、…。因鼻胃管初次置入仍有相當程度之危險性，
宜由醫師親自為之；至鼻胃管全管拔除及需長期鼻胃管留
置患者之定期更換，如經醫師診察、判斷後，得可指示護
理人員協助為之。」。 
四、至為維持個案生理機能所需、及維護身體清潔及衛生以增
加舒適感，由未具護理人員資格之照顧服務員執行鼻胃管
灌食，及因置入鼻胃管所引發之分泌物簡易照顧處理，如
不涉及醫療專業判斷、醫療輔助行為及醫療行為等，僅係
個案身體照顧服務，尚無不可。 
（註：本函釋說明三所敘本署93.12.28.衛署醫字第0930052157 號書
函，請參閱P.272）",https://drive.google.com/file/d/1IEo7JO0CoxnfXCeiRm87BLzYfexqwZH7/view?usp=drivesdk,,
interp-0532,護理機構分類設置標準解釋彙編,第 8 條,〔釋例類別〕 第 2 類 照顧服務員、嬰兒照顧人員之設置及業,96.8.13,2007-08-13,衛署醫字第0960203358號,所詢國內護理學校畢業未取得護理人員證書者，得否以畢,393,395,407,409,護理人員、護理機構、護理之家、照顧服務員,參照摘要,彙編中此筆為短摘要或參照其他頁碼，非完整公文全文。,"96.8.13.衛署醫字第0960203358 號函 
主旨：所詢國內護理學校畢業未取得護理人員證書者，得否以畢
業證書取代照顧服務員訓練證書，擔任護理之家照顧服務
員等情疑義一案，復請 查照。 說明： 
一、復 貴會 96 年 8 月 2 日(96)長期林字第280 號函。 
二、按「照顧服務員」係護理機構設置標準規定需配置之服務
人力，且所稱照顧服務員，需符合本署與內政部於92 年 2
月 13 日會銜公告照顧服務員訓練實施計畫之規定 ， 參加地
方衛生機關指定或委託單位辦理之照顧服務員 90 小時訓
練，經考評及格領有結業證書者，即得擔任護理機構照顧
服務員，前經本署多次函釋在案。另依護理機構設置標準
表規定，照顧服務員得由具護理人員資格者擔任並計列其
人數，併予敘明。 
三、至護理學校畢業未取得護理人員證書者，得否以畢業證書
取代照顧服務員訓練證書，擔任護理之家照顧服務員一節
，查護理人員係屬專門職業資格，而照顧服務員丙級技術
士係屬技能檢定，兩者屬性不同；又查，護理學校畢業證
書係為學歷證明，並非照顧服務員訓練證書，亦非等同技
術檢定證書，僅該養成教育背景，具備取得照顧服務員丙
級技術士資格之要件，先予敘明。惟護理學校畢業未取得
護理人員證書者，因業已完成護理之正規養成教育，得免
接受照顧服務員之技術訓練 ， 前經本署86 年 12 月 11 日衛
署醫字第 86069131 號函釋在案 ， 至本案關於照顧服務員結
業證書之取得，仍需依「照顧服務員訓練實施計畫」之規
定參訓，並經考評合格後始得為之。 
四、副本抄送各縣市政府，有關護理學校畢業未取得護理人員
證書者，依「照顧服務員訓練實施計畫」之規定參訓時，
因業已完成護理之正規養成教育，得免接受照顧服務員之
技術訓練，轉請依權責抵免相關受訓課程及費用。 
（註 ： 本函釋嗣經本署97.10.29.衛署照字第0972801896 號函補充說
明，國內護理學校畢業，免再受照顧服務員該項訓練，如以「
照顧服務員」任用，可依護理學校畢業證書向地方衛生機關登
錄「照顧服務員」，請參閱P.397）",https://drive.google.com/file/d/1IEo7JO0CoxnfXCeiRm87BLzYfexqwZH7/view?usp=drivesdk,,
interp-0533,護理機構分類設置標準解釋彙編,第 8 條,〔釋例類別〕 第 2 類 照顧服務員、嬰兒照顧人員之設置及業,97.3.4,2008-03-04,衛署照字第0970009178號,所詢合法引進外籍機構看護工，完成國內照顧服務員訓練,395,395,409,409,護理人員、護理機構、護理之家、照顧服務員,參照摘要,彙編中此筆為短摘要或參照其他頁碼，非完整公文全文。,"97.3.4.衛署照字第 0970009178 號函 
主旨：所詢合法引進外籍機構看護工，完成國內照顧服務員訓練
課程取得證明或取得照顧服務員丙級技術士證照，可否認
列護理之家人力及相關法令規定案，請查照。 
說明： 
一、復 貴公司 97 年 1 月 28 日台護第 097012801 號函兼復內
政部 97 年1 月25 日內授中社字第0970001596號書函。 
二、按「護理機構設置標準」中設置之「照顧服務員」，係為
因應我國長期照顧人力需求，針對日常生活活動功能或維
持獨立自主生活能力不足，需他人協助者，提供家務及日
常生活照顧服務、身體照顧服務及在護理人員指導下執行
病患照顧之輔助服務，但服務範疇不得涉及醫療及護理行
為；另按護理機構設置標準規定，護理機構之照顧服務員
須符合本署與內政部於 92 年 2 月 13 日會銜公告照顧服務
員訓練計畫之規定，凡經參加照顧服務員訓練，經考評及
格領有結業證書者，即得擔任護理機構照顧服務員，先予
敘明。 
三、依「外國人從事就業服務法第 46 條第 1 項第 8 款至第 11
款工作資格及審查標準」 第21 條規定 ， 護理之家得聘僱外
籍看護工人數，以其依法登記之床位數，每 5 床聘僱 1 人
計算，又受聘僱外國人人數合計不得超過本國看護工之人
數（檢附行政院勞工委員會函及附件影本）。 
（註 ：1.本函釋嗣經本署97.10.29.衛署照字第0972801896 號函補充說 
明，請參閱P.397。 
2.本函釋說明三所敍行政院勞工委員會函，其內容如下：",https://drive.google.com/file/d/1IEo7JO0CoxnfXCeiRm87BLzYfexqwZH7/view?usp=drivesdk,,
interp-0534,護理機構分類設置標準解釋彙編,第 8 條,〔釋例類別〕 第 2 類 照顧服務員、嬰兒照顧人員之設置及業,97.2.21,2008-02-21,勞職審字第0970003674號,有關護理之家合法引進外籍看護工人數之法令規定，復如說明,395,396,409,410,護理機構、護理之家、照顧服務員,彙編節錄,108年彙編多數未保留正本、副本或署名欄；本筆已依下一封函或下一條文邊界切分。,"97.2.21.勞職審字第0970003674 號函 
主旨：有關護理之家合法引進外籍看護工人數之法令規定，復如說明
，請 查照。 
說明： 
一、復 貴署97 年 2 月4 日衛署照字第0970005429 號函。 
二、依「外國人從事就業服務法第 46 條第 1 項第 8 款至第 11 款工",https://drive.google.com/file/d/1IEo7JO0CoxnfXCeiRm87BLzYfexqwZH7/view?usp=drivesdk,,
interp-0535,護理機構分類設置標準解釋彙編,第 8 條,〔釋例類別〕 第 2 類 照顧服務員、嬰兒照顧人員之設置及業,97.7.17,2008-07-17,衛署醫字第0978900273號,有關行政院勞工委員會職業訓練局核發招募外國人在國內,396,397,410,411,護理機構、照顧服務員、醫療輔助、病歷、麻醉,彙編節錄,108年彙編多數未保留正本、副本或署名欄；本筆已依下一封函或下一條文邊界切分。,"97.7.17.衛署醫字第0978900273 號函 
主旨：有關行政院勞工委員會職業訓練局核發招募外國人在國內
擔任「家庭看護」職位，從事醫療行為及法定看護 Nurse
工作疑義一案，復如說明，請 查照。 
說明： 
一、依 台端 97 年 6 月 24 日陳情書辦理。 
二、按醫療業務係指以醫療行為為職業而言。不問是主要業務
或附屬業務，凡職業上予以機會，為非特定多數人之醫療
行為均屬之。又醫療工作之診斷、處方、手術、病歷記載
、施行麻醉等醫療行為，應由醫師親自執行，其餘行為得
由輔助人員依醫囑行之。上述所稱輔助人員，其資格應符
合各該類醫事人員管理法規之規定。資格不符規定之人員
，若依醫囑執行前開醫療輔助行為，應分別依違反各該醫
事人員管理法規規定處罰；若無醫囑擅自為之，則應受醫
師法第 28 條之約束。先予敘明。 
三、按「病患服務員」係護理機構設置標準規定需配置之服務
人力，且所稱病患服務員，需完成地方衛生機關指定或委
託單位辦理之一百小時訓練，並取得結業證書，始得為之
。至醫院內或家庭內由家屬自行聘僱協助照顧病患之看護
人員(即看護或看護工)，其工作內容因主要在協助照顧病
患的衣食起居，如協助沐浴、更衣、服藥、上下床等，應
不涉及醫療行為，是以，並無資格上之限制。 
四、另為因應人口老化之趨勢及我國長期照護人力需求，提昇
照顧服務品質，促進居家服務員、病患服務人員就業市場
相互流通，增加就業機會，並整合居家服務員、病患服務
人員訓練課程為照顧服務員訓練課程，前於 92 年 2 月 13
日即以衛署醫字第 0920201712 號函與內政部會銜公告 「照",https://drive.google.com/file/d/1IEo7JO0CoxnfXCeiRm87BLzYfexqwZH7/view?usp=drivesdk,,
interp-0536,護理機構分類設置標準解釋彙編,第 8 條,〔釋例類別〕 第 2 類 照顧服務員、嬰兒照顧人員之設置及業,97.10.29,2008-10-29,衛署照字第0972801896號,為國內護理學校畢業，免再受照顧服務員該項訓練，如以,397,397,411,411,護理機構、照顧服務員,彙編節錄,108年彙編多數未保留正本、副本或署名欄；本筆已依下一封函或下一條文邊界切分。,"97.10.29.衛署照字第0972801896 號函 
主旨：為國內護理學校畢業，免再受照顧服務員該項訓練，如以
「照顧服務員」任用，可依護理學校畢業證書向地方衛生
主管機關登錄「照顧服務員」，核算護理機構照顧服務員
人力，請 查照。 
說明：補充說明本署 96 年 8 月 13 日衛署醫字第 0960203358 號
函。",https://drive.google.com/file/d/1IEo7JO0CoxnfXCeiRm87BLzYfexqwZH7/view?usp=drivesdk,,
interp-0537,護理機構分類設置標準解釋彙編,第 8 條,〔釋例類別〕 第 2 類 照顧服務員、嬰兒照顧人員之設置及業,97.11.27,2008-11-27,衛署照字第0972802796號,有關合法引進之外籍看護工，是否符合「護理機構設置標,397,398,411,412,護理機構、照顧服務員,彙編節錄,108年彙編多數未保留正本、副本或署名欄；本筆已依下一封函或下一條文邊界切分。,"97.11.27.衛署照字第0972802796 號函 
主旨：有關合法引進之外籍看護工，是否符合「護理機構設置標
準表」規範之照顧服務員案，請 查照。 
說明： 
一、修正本署96 年 3 月 5 日衛署照字第 0962800481 號函及補
充說明本署 97 年 3 月 4 日衛署照字第 0970009178 號函。 
二、為因應我國長期照護人力需求，提昇照顧服務品質，內政
部與本署於 92 年 2 月 13 日會銜公告「照顧服務員訓練實
施計畫」，惟其受訓對象不包括合法引進之外籍看護工。
又依內政部 97 年 6 月 19 日「研商照顧服務員培訓相關事
宜會議紀錄」陸、報告案第二案：行政院勞工委員會 92
年 10 月 20 日職外字第 0920053865 號函以 ： 合法引進之機
構外籍看護工，因引進時已受訓合格並持有專長證明書，",https://drive.google.com/file/d/1IEo7JO0CoxnfXCeiRm87BLzYfexqwZH7/view?usp=drivesdk,,
interp-0538,護理機構分類設置標準解釋彙編,第 8 條,〔釋例類別〕 第 2 類 照顧服務員、嬰兒照顧人員之設置及業,98.1.15,2009-01-15,衛署照字第0980060730號,有關外籍看護工受僱「護理之家」須具備何種證明文件一,398,398,412,412,護理機構、護理之家、照顧服務員,彙編節錄,108年彙編多數未保留正本、副本或署名欄；本筆已依下一封函或下一條文邊界切分。,"98.1.15.衛署照字第0980060730 號函 
主旨：有關外籍看護工受僱「護理之家」須具備何種證明文件一
案，復請 查照。 
說明： 
一、復 貴局98 年1 月12 日高市衛保字第098001320號函。 
二、外籍看護工受僱「護理之家」，向衛生主管機關登錄為照
顧服務員，應檢具經行政院勞工委員會聘僱許可函及聘僱
名冊之證明文件辦理登錄作業，始可核算照顧服務員人力
。",https://drive.google.com/file/d/1IEo7JO0CoxnfXCeiRm87BLzYfexqwZH7/view?usp=drivesdk,,
interp-0539,護理機構分類設置標準解釋彙編,第 8 條,〔釋例類別〕 第 2 類 照顧服務員、嬰兒照顧人員之設置及業,101.3.12,2012-03-12,衛署照字第1012860714號,所詢關於居家服務提供單位聘用醫護等相關科系學歷者，,398,399,412,413,護理人員、護理機構、照顧服務員、執業登記、公共衛生,彙編節錄,108年彙編多數未保留正本、副本或署名欄；本筆已依下一封函或下一條文邊界切分。,"101.3.12.衛署照字第1012860714 號函 
主旨：所詢關於居家服務提供單位聘用醫護等相關科系學歷者，
擔任居家服務督導員之執業登記乙案 ， 復如說明段 ，請 查
照。 
說明： 
一、復 貴聯盟 100 年 11 月 22 日 100 居盟(函)字第 021 號函
。 
二、查「居家服務提供單位營運管理規範」，所稱居家服務督
導員係專職負責督導照顧服務員提供適切之居家服務業務
，非以執行護理人員業務為其職業，縱具護理人員資格者
，於社區從事民眾照顧指導、公共衛生教育，可免辦理執
業登記。 
三、又「居家服務提供單位營運管理規範」所稱居家服務提供
單位，指直轄市、縣(市)政府，或經直轄市、縣(市)政府",https://drive.google.com/file/d/1IEo7JO0CoxnfXCeiRm87BLzYfexqwZH7/view?usp=drivesdk,,
interp-0540,護理機構分類設置標準解釋彙編,第 8 條,〔釋例類別〕 第 2 類 照顧服務員、嬰兒照顧人員之設置及業,101.4.30,2012-04-30,衛署照字第1012862341號,所詢身心障礙者居家照顧服務，照顧服務員得否執行身心,399,400,413,414,護理人員、護理機構、照顧服務員、醫療輔助、病歷、麻醉,彙編節錄,108年彙編多數未保留正本、副本或署名欄；本筆已依下一封函或下一條文邊界切分。,"101.4.30.衛署照字第1012862341 號函 
主旨：所詢身心障礙者居家照顧服務，照顧服務員得否執行身心
障礙者排便前置作業乙事，復如說明段，請 查照。 
說明： 
一、復內政部101 年 3 月 29 日授中社字第 1015931628 號函暨
高 雄 市 政 府 衛 生 局101 年 4 月 20 日 高 市 衛 長 字 第
10133902400 號函。 
二、按醫療工作之診斷、處方、手術、病歷記載、施行麻醉等
醫療行為，應由醫師親自執行，其餘醫療輔助行為在醫師
就特定病人診察後，得指示其他醫事人員依其各該專門職
業法規之業務，依醫囑行之，合先敘明。 
三、查使用「需由醫師處方使用」之浣腸劑，為病人執行清潔
灌腸，係屬侵入性治療、處置；另查「輔助施行侵入性治
療 、 處置」 係屬護理人員法第 24 條第1 項第 4 款所稱醫療
輔助行為之範圍，應由護理人員依醫師指示下執行該項業
務；至於照顧服務員提供身心障礙者居家照顧服務，從事
個案身體之照顧，使用成藥類別之甘油球浣腸劑，對個案
肛門口周遭糞便所為之簡易、少量甘油灌腸，以維持個案",https://drive.google.com/file/d/1IEo7JO0CoxnfXCeiRm87BLzYfexqwZH7/view?usp=drivesdk,,
interp-0541,護理機構分類設置標準解釋彙編,第 8 條,〔釋例類別〕 第 2 類 照顧服務員、嬰兒照顧人員之設置及業,102.2.27,2013-02-27,衛署照字第1022860492號,有關 貴會詢問外籍家庭看護工從事是項工作是否涉及專,400,400,414,414,護理機構、照顧服務員、採血,參照摘要,彙編中此筆為短摘要或參照其他頁碼，非完整公文全文。,"102.2.27.衛署照字第1022860492 號函 
主旨：有關 貴會詢問外籍家庭看護工從事是項工作是否涉及專
業醫療行為乙事，復請 查照。 
說明： 
一、復 貴會102 年1 月31 日勞職管字第1010038868號函。 
二、按外國人從事就業服務法第46 條第1 項第 8 款至第 11 款
工作資格及審查標準第 4 款規定，家庭看護工作係在私人
家庭從事身心障礙者或病患日常生活照顧等相關事務工作
。是以，家庭看護工作人員非屬醫事專門職業人員，爰工
作範疇不可涉及醫療行為，合先敘明。 
三、旨案 貴會所詢外籍家庭看護工可否對被看護者使用市售
one touch 血糖機採血及測血糖，以及鼻胃管灌食一案，
為維持被照顧者生理機能所需、維護身體清潔及衛生，及
協助日常生活保健所需 ， 得依照本署101 年 6 月 28 日衛署
照字第1012862926 號函(如附件1)及96 年4 月27 日衛署
照字第0962800730 號函(如附件2)說明段意旨之精神辦理
，尚無不可。 
四、另，基於照護品質，外籍家庭看護工是否具有國內照顧服
務員資格，亦或接受與國內照顧服務員相當之照護專業訓
練，亦請一併考量。 
（註：本函釋說明三所敘本署101.6.28.衛署照字第1012862926 號函
， 請參閱P.260；96.4.27.衛署照字第0962800730 號函 ， 請參閱P.392
）",https://drive.google.com/file/d/1IEo7JO0CoxnfXCeiRm87BLzYfexqwZH7/view?usp=drivesdk,,
interp-0542,護理機構分類設置標準解釋彙編,第 8 條,〔釋例類別〕 第 2 類 照顧服務員、嬰兒照顧人員之設置及業,103.3.14,2014-03-14,衛部照字第1031560270號,有關產後護理機構嬰兒照顧人員之工作內容疑義，復如說 明段，請查照。,400,401,414,415,護理人員、護理機構、產後護理、照顧服務員、醫療輔助,彙編節錄,108年彙編多數未保留正本、副本或署名欄；本筆已依下一封函或下一條文邊界切分。,"103.3.14.衛部照字第1031560270 號 
主旨：有關產後護理機構嬰兒照顧人員之工作內容疑義，復如說 明段，請查照。 
說明： 
一、復貴局 102 年 10 月 9 日北市衛醫護字第 10238132300 號
函。 
二、依據「護理機構分類設置標準」第八條附表「嬰兒照顧人
員資格自中華民國 103 年 7 月 1 日起適用」，係指自該日
起，產後護理機構人員配置應符合「每五床嬰兒床配置嬰
兒照顧人員一人」之規定。 
三、另有關嬰兒照顧人員之工作內容，尚僅得提供嬰兒之基本
照顧，包括嬰兒之飲食、衣物及洗滌等，而未涉及依護理
人員法第 24 條規定： 「護理人員之業務如左：一、健康問
題之護理評估。二、預防保健之護理措施。三、護理指導
及諮詢。四、醫療輔助行為。」之有關嬰兒醫療及護理等
業務。",https://drive.google.com/file/d/1IEo7JO0CoxnfXCeiRm87BLzYfexqwZH7/view?usp=drivesdk,,
interp-0543,護理機構分類設置標準解釋彙編,第 8 條,〔釋例類別〕 第 2 類 照顧服務員、嬰兒照顧人員之設置及業,104.12.28,2015-12-28,衛部照字第1041562773號,所詢有關護理之家聘用照顧服務員時薪疑義案，本部回復,401,402,415,416,護理機構、護理之家、照顧服務員、負責人,彙編節錄,108年彙編多數未保留正本、副本或署名欄；本筆已依下一封函或下一條文邊界切分。,"104.12.28 衛部照字第1041562773 號 
主旨：所詢有關護理之家聘用照顧服務員時薪疑義案，本部回復
說明，請查照。 
說明： 
一、復貴局104年12月4日東衛長字第1040029185號函暨依據本
部社會及家庭署 104年12月10日社家老字第 10400110092
號移文單辦理。 
二、查護理之家聘用照顧人力，係依據護理機構分類設置標準
規定之人床比，機構應依規定及實際照護需求聘用人員。
至機構內各類照護人力薪資均由機構負責人依其管理制
度敘薪。現行多數護理機構對專職人力大都採月薪方式敘
薪。 
三、來函所提居家照顧服務員時薪計算發放，其為「我國長期
照顧十年計畫」中對於居家服務之照顧服務費之補助基
準，故前項係屬「補助」之費用，非指聘用照顧服務員之
時薪。",https://drive.google.com/file/d/1IEo7JO0CoxnfXCeiRm87BLzYfexqwZH7/view?usp=drivesdk,,
interp-0544,護理機構分類設置標準解釋彙編,第 8 條,〔釋例類別〕 第 2 類 照顧服務員、嬰兒照顧人員之設置及業,104.12.28,2015-12-28,衛部照字第1041562776號,所詢有關為提升本國照顧服務員就業機會，能否放寬公立,402,403,416,417,護理機構、護理之家、照顧服務員,彙編節錄,108年彙編多數未保留正本、副本或署名欄；本筆已依下一封函或下一條文邊界切分。,"104.12.28 衛部照字第1041562776 號 
主旨：所詢有關為提升本國照顧服務員就業機會，能否放寬公立
護理之家禁止聘僱外藉看護工規定疑義一案，復請查照。 
說明： 
一、復貴局104年12月16日東衛長字第1040029997號函。 
二、按外國人從事就業服務法第46條第1項第8款至第11款工作
資格及審查標準第3條及第20條規定，外國人受聘僱於護
理之家機構，從事該法第46條第1項第8款及第9款規定之
工作，其工作內容包括機構看護工作。另，同法第21條規
定，外藉看護工受聘僱於護理之家之人數，則依護理之家
登記之床位數計，每5床聘僱1人，且不得超過本國看護工
之人數。 
三、爰此，依上開規定，公立或私立護理之家聘用外藉看護工
均可適用。建請貴局再次釐清建議事項之意旨。 
四、檢附說明二之「外國人從事就業服務法第46條第1項第8款
至第11款工作資格及審查標準」第3條、第20條及第21條
規定供參。",https://drive.google.com/file/d/1IEo7JO0CoxnfXCeiRm87BLzYfexqwZH7/view?usp=drivesdk,,
interp-0545,護理機構分類設置標準解釋彙編,第 8 條,〔釋例類別〕 第 2 類 照顧服務員、嬰兒照顧人員之設置及業,107 年 5 月 9 日,2018-05-09,衛部顧字第1071960347號,107 年 5 月 9 日衛部顧字第1071960347 號公告,403,423,417,437,護理人員、護理機構、照顧服務員、評鑑,彙編節錄,108年彙編多數未保留正本、副本或署名欄；本筆已依下一封函或下一條文邊界切分。,"107 年 5 月 9 日衛部顧字第1071960347 號公告 

一、為因應我國長期照顧人力需求，提升照顧服務品質，促進 
居家服務員、病患服務人員就業市場相互流通，增加就業 
機會，並整合居家服務員、病患服務人員訓練課程為照顧 
服務員訓練課程，特訂定本計畫。 
二、本計畫之主管機關，在中央為衛生福利部，在地方為直轄 
市、縣(市)政府。 
三、服務對象：日常生活活動功能或維持獨立自主生活能力不 
足，需他人協助者。 
四、服務項目： 
（一）家務及日常生活照顧服務。 
（二）身體照顧服務。 
（三） 服務範疇不得涉及醫療及護理行為，但在護理人員指導 
下 ， 得協助執行技術性之照護工作(指臨床實習所列項目 
三內容)。 
五、實施要項： 
（一）受訓對象：年滿十六歲以上、身體健康狀況良好，具擔
任照顧服務工作熱忱者。 
（二）訓練單位： 
1. 接受直轄市 、 縣(市)政府補助或委託辦理本計畫者，或
符合下列資格之單位且具合格實習訓練場所，或與合格
實習訓練場所定有合作計畫者，得擬具計畫，以核心課程訓
練地之所在為準，送當地直轄市、縣(市)政府審查核定： 
(1)依法設立之公益、醫療、護理社團法人，財團法人 
及公益、醫療、護理人民團體，或設有醫學、護理 
學、社 會 工 作 、老人照顧或長期照顧相關科系所之大 
專院校。 
(2)經衛生福利部或直轄市 、 縣(市)政府評鑑合格之醫療
機構、護理機構、老人福利、身心障礙福利機構。",https://drive.google.com/file/d/1IEo7JO0CoxnfXCeiRm87BLzYfexqwZH7/view?usp=drivesdk,,
interp-0546,護理機構分類設置標準解釋彙編,第 8 條,〔釋例類別〕 第 3 類 硬體空間,105.12.5,2016-12-05,衛部照字第1050134319號,有關貴局所詢產後護理機構工作人員照顧比例是否符合法,423,423,437,437,護理人員、護理機構、產後護理,彙編節錄,108年彙編多數未保留正本、副本或署名欄；本筆已依下一封函或下一條文邊界切分。,"105.12.5 衛部照字第1050134319 號 
主旨：有關貴局所詢產後護理機構工作人員照顧比例是否符合法
規疑義案，復請查照。 
說明： 
一、復貴局 105 年 11 月 10 日中市衛醫字第 1050112572 號函
。 
二、依本部103 年 7 月 25 日衛部照字第 1031561246 號函示略
以，按「護理機構分類設置標準」第八條附表規定，產後
護理機構每 15 床(含嬰兒床)至少應有護理人員 1 人，且
24 小時均應有護理人員值班 ， 嬰兒照顧人員每5 床應設置
1 人；附表備註第三項「高於設置標準聘用之護理人員人
數可採計為應聘嬰兒照顧人員數」，係指該機構高於設置
標準聘用之護理人員人數，得列入設置標準嬰兒照顧人員
應採計之人員數。 
三、按護理機構分類設置標準係護理機構得以設立之最低要求
，爰護理機構應至少聘足人員數需符床人比之標準，且需
在人員派班可符 24 小時均應有護理人員值班之規定 ， 惟其
三班輪值人力分配，係為機構內部管理事項，人員派班之
工時及休息休假等均應符勞動基準法之規定，且機構須視
各班別之工作內容增加適當人力，依其規模及業務需要逕
行調配。 

〔釋例類別〕 第 3 類 硬體空間",https://drive.google.com/file/d/1IEo7JO0CoxnfXCeiRm87BLzYfexqwZH7/view?usp=drivesdk,,
interp-0547,護理機構分類設置標準解釋彙編,第 8 條,〔釋例類別〕 第 3 類 硬體空間,84.11.16,1995-11-16,衛署醫字第84067519號,有關蔡○○女士詢問護理之家機構應如何設置物理治療室,423,424,437,438,護理機構、護理之家,彙編節錄,108年彙編多數未保留正本、副本或署名欄；本筆已依下一封函或下一條文邊界切分。,"84.11.16.衛署醫字第84067519 號函 
主旨：有關蔡○○女士詢問護理之家機構應如何設置物理治療室
及職能治療室，請查照轉知。 
說明： 
一、復 貴局 84 年 10 月 28 日 84 衛五字第26972 號函。 
二、依護理機構設置標準規定，護理之家機構得視需要設置物",https://drive.google.com/file/d/1IEo7JO0CoxnfXCeiRm87BLzYfexqwZH7/view?usp=drivesdk,,
interp-0548,護理機構分類設置標準解釋彙編,第 8 條,〔釋例類別〕 第 3 類 硬體空間,85.12.27,1996-12-27,衛署醫字第85070702號,有關省立雲林醫院擬將該院現有醫療大樓2 樓病房規劃為,424,424,438,438,護理機構、產後護理、護理之家,彙編節錄,108年彙編多數未保留正本、副本或署名欄；本筆已依下一封函或下一條文邊界切分。,"85.12.27.衛署醫字第 85070702 號函 
主旨：有關省立雲林醫院擬將該院現有醫療大樓2 樓病房規劃為
護理之家，是否符合護理機構設置標準總樓地板面積平均
每床應有 20 平方公尺以上之規定一案，復請 查照。 
說明： 
一、復 貴處 85 年 12 月 16 日衛五字第 850091665 號函。 
二、醫療機構附設產後護理之家服務部門，其與急性病房及慢
性病房之病房區，應獨立設置。至於其樓地板面積除該獨
立部門之樓地板面積外，其分攤之公共使用樓地板面積，
應併入核計。 
三 、 本案省立雲林醫院將該院現有醫療大樓2 樓病房規劃為 20
床之護理之家 ， 該獨立區域(原 2 樓病房)面積 378.88 平方
公尺，及該區域分攤 2 樓之公共使用樓地板面積 271.3 平
方公尺 ， 合計為650.18 平方公尺 ， 核已符合護理機構設置
標準之規定。",https://drive.google.com/file/d/1IEo7JO0CoxnfXCeiRm87BLzYfexqwZH7/view?usp=drivesdk,,
interp-0549,護理機構分類設置標準解釋彙編,第 8 條,〔釋例類別〕 第 3 類 硬體空間,87.2.12,1998-02-12,衛署醫字第87004043號,雲林縣衛生局函詢所屬省立雲林醫院附設護理之家服務部,424,425,438,439,護理機構、護理之家、開業,彙編節錄,108年彙編多數未保留正本、副本或署名欄；本筆已依下一封函或下一條文邊界切分。,"87.2.12.衛署醫字第87004043 號函 
主旨：雲林縣衛生局函詢所屬省立雲林醫院附設護理之家服務部
門申請開業，是否符合護理機構設置標準乙案，復請 查
照。 
說明： 
一、依據雲林縣衛生局 87 年 1 月 23 日雲衛五字第 1335 號函
辦理。 
二、台灣省立雲林醫院附設護理之家服務部門病房門寬1 公尺
，核已符合護理機構設置標準規定，至其病床寬度大於 1",https://drive.google.com/file/d/1IEo7JO0CoxnfXCeiRm87BLzYfexqwZH7/view?usp=drivesdk,,
interp-0550,護理機構分類設置標準解釋彙編,第 8 條,〔釋例類別〕 第 3 類 硬體空間,89.2.16,2000-02-16,衛署醫字第88078055號,有關護理之家其病房走道之淨寬，應依建築法相關規定或,425,425,439,439,護理機構、護理之家,彙編節錄,108年彙編多數未保留正本、副本或署名欄；本筆已依下一封函或下一條文邊界切分。,"89.2.16.衛署醫字第88078055 號函 
主旨：有關護理之家其病房走道之淨寬，應依建築法相關規定或
依護理機構設置標準表規定審查乙案，復請 查照。 
說明： 
一、復 貴局 88 年 12 月 22 日南市衛五字第 22752 號函。 
二、依護理機構設置標準規定：護理之家，其一般設施應符合
建築法及其有關規定，至於病房走道淨寬，基於考量推床
使用之需要，特別予以明定，應至少有 1.4 公尺。爰此，
護理之家病房走道之淨寬應依該標準之特別規定辦理。 
三、至於該規定一體適用於新建及既有建築物是否合理乙節，
已錄案，擬併本署刻正研議中之護理機構設置標準修正案
中研議。",https://drive.google.com/file/d/1IEo7JO0CoxnfXCeiRm87BLzYfexqwZH7/view?usp=drivesdk,,
interp-0551,護理機構分類設置標準解釋彙編,第 8 條,〔釋例類別〕 第 3 類 硬體空間,89.5.18,2000-05-18,衛署醫字第89011744號,醫院其嬰兒室、調奶室設置現狀若與產後護理機構設置標,425,425,439,439,護理機構、產後護理、護理之家,參照摘要,彙編中此筆為短摘要或參照其他頁碼，非完整公文全文。,"89.5.18.衛署醫字第89011744 號函 
主旨：醫院其嬰兒室、調奶室設置現狀若與產後護理機構設置標
準規定相符，則院方與其附設產後護理之家共用嬰兒室、
調奶室，尚無不可，請 查照。 
說明：復 貴局 89 年 2 月 29 日 89 衛保字第04850 號函。 
（註：本函釋業經本署 102.8.8.衛署照字第 1021580188 號函補充解 
釋：新設置或擴充（102.8.8.之後）之產後護理機構並不宜與
醫療機構共用嬰兒室、調奶室及相關設備，請參閱P.434）",https://drive.google.com/file/d/1IEo7JO0CoxnfXCeiRm87BLzYfexqwZH7/view?usp=drivesdk,,
interp-0552,護理機構分類設置標準解釋彙編,第 8 條,〔釋例類別〕 第 3 類 硬體空間,89.10.4,2000-10-04,衛署醫字第0890017043號,所詢貴轄民雄鄉成功醫院申請附設護理之家，其設於該院,425,426,439,440,護理機構、護理之家,彙編節錄,108年彙編多數未保留正本、副本或署名欄；本筆已依下一封函或下一條文邊界切分。,"89.10.4.衛署醫字第0890017043 號函 
主旨：所詢貴轄民雄鄉成功醫院申請附設護理之家，其設於該院
三樓，而日常活動場所含文康活動室及會議室則分開設於 不同棟之一樓，是否能同意設立乙案，復請 查照。 
說明： 
一、復 貴局 89 年 9 月 20 日 89 衛五字第8914770 號函。 
二、按護理機構設置標準表規定：護理之家病床，其日常活動
場所，按病床數計，平均每床應有 4 平方公以上。 
三、申請護理之家地點與日常活動場所位於不同棟之建築物，
若該日常活動場所能為護理之家病患方便利用，則計列入
日常活動場所面積，尚無不可。",https://drive.google.com/file/d/1IEo7JO0CoxnfXCeiRm87BLzYfexqwZH7/view?usp=drivesdk,,
interp-0553,護理機構分類設置標準解釋彙編,第 8 條,〔釋例類別〕 第 3 類 硬體空間,89.11.16,2000-11-16,衛署醫字第0890026172號,有關貴轄康福護理之家及覺民護理之家擬設於同一棟大廈,426,426,440,440,護理機構、護理之家,彙編節錄,108年彙編多數未保留正本、副本或署名欄；本筆已依下一封函或下一條文邊界切分。,"89.11.16.衛署醫字第0890026172 號函 
主旨：有關貴轄康福護理之家及覺民護理之家擬設於同一棟大廈
之不同樓層，並共用出入口及電梯乙案，應可同意，復請 
查照。 
說明：復 貴署 89 年 10 月 30 日 89 衛署醫字第31703 號函。",https://drive.google.com/file/d/1IEo7JO0CoxnfXCeiRm87BLzYfexqwZH7/view?usp=drivesdk,,
interp-0554,護理機構分類設置標準解釋彙編,第 8 條,〔釋例類別〕 第 3 類 硬體空間,90.3.5,2001-03-05,衛署醫字第0900001195號,貴機構申請護理之家開業，有關衛浴設備之門寬，仍應依,426,426,440,440,護理機構、護理之家、開業,參照摘要,彙編中此筆為短摘要或參照其他頁碼，非完整公文全文。,"90.3.5.衛署醫字第0900001195 號函 
主旨：貴機構申請護理之家開業，有關衛浴設備之門寬，仍應依
現行護理機構設置標準規定辦理，復請 查照。 
說明： 
一、復 貴家 90 年 1 月 5 日深字第 0118 號函。 
二、至於護理機構設置標準，護理之家機構其病房、病室及衛
浴設備，至少應各有 1 扇門，且寬度至少為 0.8 公尺之規
定，是否酌予放寬，本署已錄案，俟修正該標準時，納入
參考。 
（註：本函釋業經本署97.11.28.衛署照字第0972802859 號函補充解 
釋 ，該門寬係指「淨寬」，請參閱P.430）",https://drive.google.com/file/d/1IEo7JO0CoxnfXCeiRm87BLzYfexqwZH7/view?usp=drivesdk,,
interp-0555,護理機構分類設置標準解釋彙編,第 8 條,〔釋例類別〕 第 3 類 硬體空間,93.6.8,2004-06-08,衛署醫字第0930211113號,所詢護理機構可從事哪些相關業務等乙案，復如說明，請,426,427,440,441,護理機構、護理之家,彙編節錄,108年彙編多數未保留正本、副本或署名欄；本筆已依下一封函或下一條文邊界切分。,"93.6.8.衛署醫字第 0930211113 號書函 
主旨：所詢護理機構可從事哪些相關業務等乙案，復如說明，請 
查照。 
說明： 一、復 貴護理之家 93 年 5 月 19 日 93 年永護(愛)字第 028
號函。 
二、查依護理機構設置標準規定，護理之家機構得視需要設置
物理治療室、職能治療室，不需獨立申請。 
三、藥師依前開設置標準規定，不得執業於護理機構。 
四、護理之家之醫療診療部分，得由醫院之醫師依規定報備支
援。",https://drive.google.com/file/d/1IEo7JO0CoxnfXCeiRm87BLzYfexqwZH7/view?usp=drivesdk,,
interp-0556,護理機構分類設置標準解釋彙編,第 8 條,〔釋例類別〕 第 3 類 硬體空間,94.8.9,2005-08-09,衛署醫字第0940028242號,所詢貴轄劉嘉修醫院(為醫療法公布前已開設之醫療機構),427,427,441,441,護理機構、護理之家,彙編節錄,108年彙編多數未保留正本、副本或署名欄；本筆已依下一封函或下一條文邊界切分。,"94.8.9.衛署醫字第0940028242 號函 
主旨：所詢貴轄劉嘉修醫院(為醫療法公布前已開設之醫療機構)
申請附設護理之家樓層建築用途為住家，其建築物之設計
、構造與設備(包括空調設備、消防設備、安全設備、一般
設施等)之認定為何一案，復請 查照。 
說明： 
一、復 貴局94 年6 月27 日衛局醫字第09400179460號函。 
二、按護理機構建築物之設計、構造與設備，應符合護理機構
設置標準之規定；至其建築物之空調設備、消防設備、安
全設備及一般設施等，應符合建築法及其有關法規規定，
依建築及消防之規定辦理。",https://drive.google.com/file/d/1IEo7JO0CoxnfXCeiRm87BLzYfexqwZH7/view?usp=drivesdk,,
interp-0557,護理機構分類設置標準解釋彙編,第 8 條,〔釋例類別〕 第 3 類 硬體空間,95.11.30,2006-11-30,衛署照字第0952802161號,有關 台端詢問護理機構設置標準之病房與病室定義及設,427,428,441,442,護理機構,彙編節錄,108年彙編多數未保留正本、副本或署名欄；本筆已依下一封函或下一條文邊界切分。,"95.11.30.衛署照字第0952802161 號函 
主旨：有關 台端詢問護理機構設置標準之病房與病室定義及設
衛浴設備疑義一案，請 查照。 
說明： 
一、依據 台端 95 年 11 月 15 日電子郵件辦理。 
二、查「護理機構設置標準表」之設置標準項目二、護理服務
設施(一)病房：…2.應設病室並符合下列規定：…… (6)
每一病室以八床為限。爰此，依前所示，病房係護理機構
服務設施之一，病房為包含數個病室之單位，病室係指設
有病床之房間。至設衛浴設備，請依護理機構設置標準表
之二、護理服務設施(五)衛浴設備項下規定設置。",https://drive.google.com/file/d/1IEo7JO0CoxnfXCeiRm87BLzYfexqwZH7/view?usp=drivesdk,,
interp-0558,護理機構分類設置標準解釋彙編,第 8 條,〔釋例類別〕 第 3 類 硬體空間,95.12.22,2006-12-22,衛署照字第0950060538號,護理之家機構總樓地板面積是否包含日常活動場所、戶外,428,428,442,442,護理機構、護理之家,彙編節錄,108年彙編多數未保留正本、副本或署名欄；本筆已依下一封函或下一條文邊界切分。,"95.12.22.衛署照字第0950060538 號函 
主旨：護理之家機構總樓地板面積是否包含日常活動場所、戶外
庭園、頂樓、樓梯、護理站、會談室、職能治療室面積等
疑義一案，請 查照。 
說明： 
一、按護理機構建築物之設計、構造與設備，應符合建築法及
其有關法規之規定。至建築物之總樓地板面積之計算，應
依地政及建築類相關法律規定，依建築物使用權狀區間所
載，合法登記及權利範圍為限。 
二、查護理機構總樓地板面積，一般護理之家平均每床應有16
平方公尺以上(不包括車庫及宿舍面積）， 精神護理之家平
均每床應有 20 平方公尺以上(不包括車庫及宿舍面積)，而
該總樓地板面積包含日常活動場所空間；又日常活動場所
，係指住民餐廳、交誼活動休閒所需之空間而言。",https://drive.google.com/file/d/1IEo7JO0CoxnfXCeiRm87BLzYfexqwZH7/view?usp=drivesdk,,
interp-0559,護理機構分類設置標準解釋彙編,第 8 條,〔釋例類別〕 第 3 類 硬體空間,96.1.17,2007-01-17,衛署照字第0962800130號,貴局函詢所轄「悠之家產後護理之家」因原申設之配膳室,428,428,442,442,護理機構、產後護理、護理之家,彙編節錄,108年彙編多數未保留正本、副本或署名欄；本筆已依下一封函或下一條文邊界切分。,"96.1.17.衛署照字第0962800130 號函 
主旨：貴局函詢所轄「悠之家產後護理之家」因原申設之配膳室
空間不足，擅自將部分配膳設備設置於陽台處等一案，復
請 查照。 
說明： 
一、復 貴局 95 年 8 月 24 日北衛醫字第 0950068782 號函。 
二、按護理機構建築物之設計、構造與設備，應符合建築法及
其有關法規之規定；至建築物之空調設備、消防設備、安
全設備及一般設備等，應符合建築法及其有關法規規定，
依建築及消防之規定辦理。 
三、是以，本案護理機構因原配膳室空間不足，擅自將部分配
膳設備設置於陽台，其變更空間使用用途一節，涉及消防
、建築法相關規定，係屬消防、建築主管機關權責。",https://drive.google.com/file/d/1IEo7JO0CoxnfXCeiRm87BLzYfexqwZH7/view?usp=drivesdk,,
interp-0560,護理機構分類設置標準解釋彙編,第 8 條,〔釋例類別〕 第 3 類 硬體空間,96.10.29,2007-10-29,衛署醫字第0960049243號,有關護理機構設置於不連續樓層及病室隔間疑義一案，復 請 查照。,428,429,442,443,護理人員、護理機構、護理之家、開業,參照摘要,彙編中此筆為短摘要或參照其他頁碼，非完整公文全文。,"96.10.29.衛署醫字第0960049243 號函 
主旨：有關護理機構設置於不連續樓層及病室隔間疑義一案，復 請 查照。 
說明： 
一、復 貴局96 年10 月22 日北衛醫字第0960093626號函。 
二、按護理機構之設立，應依護理人員法之規定申請許可，並
符合護理機構設置標準之相關規定，始予准許開業。查本
署 88 年 8 月 16 日衛署醫字第 88044734 號函釋略以 ： 「…
……三、本署花蓮醫院擬於不同棟大樓之三、四、五樓擴
充設置護理之家，如符護理機構設置標準規定，應無不可
。」是以，本案所述擬於同棟電梯大樓之 3 樓及 5 樓申請
設置護理之家，而該同址 4 樓為安養護機構，如其申請執
業場所使用空間及公共場所與安養護機構明顯區隔，並各
有獨立動線，且符合護理機構設置標準之相關規定，得予
准許。本案請依此原則辦理。 
三、至護理機構病房內之病室隔間高度，是否應與天花板密接
等情一節，按護理機構建築物之設計、構造與設備，應符
合護理機構設置標準之規定；至其建築物之空調設備、消
防設備、安全設備及一般設備等，則應符合建築法及消防
法等有關規定。 
（註：本函釋說明二所敘本署 88.8.16.衛署醫字第 88044734 號函，
請參閱 P.191）",https://drive.google.com/file/d/1IEo7JO0CoxnfXCeiRm87BLzYfexqwZH7/view?usp=drivesdk,,
interp-0561,護理機構分類設置標準解釋彙編,第 8 條,〔釋例類別〕 第 3 類 硬體空間,97.3.5,2008-03-05,衛署醫字第0970006126號,有關護理機構設置疑義一案，復請 查照。,429,430,443,444,護理機構、開業,彙編節錄,108年彙編多數未保留正本、副本或署名欄；本筆已依下一封函或下一條文邊界切分。,"97.3.5.衛署醫字第0970006126 號函 
主旨：有關護理機構設置疑義一案，復請 查照。 
說明： 
一、復 貴局 97 年 1 月 31 苗衛醫字第 0970300221 號函。 
二、所詢護理機構依傳染病防治法規定所設之隔離病房之病床
數，是否涵蓋於核發機構之開業床數內一節，查護理機構
服務對象係為罹患慢性病、病情穩定，需長期護理之病人
或產後需護理之產婦及嬰幼兒，是以，以急性醫療需求為
目的設置之隔離病房(床)，並不適用於護理機構。至護理
機構依「人口密集機構傳染病防治及監視作業注意事項」",https://drive.google.com/file/d/1IEo7JO0CoxnfXCeiRm87BLzYfexqwZH7/view?usp=drivesdk,,
interp-0562,護理機構分類設置標準解釋彙編,第 8 條,〔釋例類別〕 第 3 類 硬體空間,97.6.20,2008-06-20,衛署照字第0970027400號,有關貴機構詢問護理機構設置標準之病房與病室定義疑義,430,430,444,444,護理機構,彙編節錄,108年彙編多數未保留正本、副本或署名欄；本筆已依下一封函或下一條文邊界切分。,"97.6.20.衛署照字第0970027400 號函 
主旨：有關貴機構詢問護理機構設置標準之病房與病室定義疑義
一案，請 查照。 
說明： 
一、復 貴機構 97 年 6 月 4 日安親護字第 97-0604 號函。 
二、查「護理機構設置標準表」之設置標準項目二、護理服務
設施(一)病房 ： …2.應設病室並符合下列規定 ： …(6)每一
病室以八床為限。爰此，依前所示，病房係護理機構服務
設施之一，病房為包含數個病室之單位，病室係設有病床
之房間。",https://drive.google.com/file/d/1IEo7JO0CoxnfXCeiRm87BLzYfexqwZH7/view?usp=drivesdk,,
interp-0563,護理機構分類設置標準解釋彙編,第 8 條,〔釋例類別〕 第 3 類 硬體空間,97.11.28,2008-11-28,衛署照字第0972802859號,貴轄弘光科技大學附設老人醫院有關「醫院床數變更為護,430,431,444,445,護理機構、護理之家,彙編節錄,108年彙編多數未保留正本、副本或署名欄；本筆已依下一封函或下一條文邊界切分。,"97.11.28.衛署照字第0972802859 號函 
主旨：貴轄弘光科技大學附設老人醫院有關「醫院床數變更為護
理之家，原醫院病室之衛浴設備門寬可否放寬標準」一案 ，請 查照。 
說明： 
一、復 貴局 97 年 11 月 5 日衛醫字第 0970049023 號函。 
二、查護理機構設置標準規定，護理之家，其一般設施應符合
建築法及其有關規定，其中病房、病室及衛浴設備，至少
應各有一扇門，且寬度至少為0.8 公尺(80 公分)部分，核
其立法意旨，主要係為考量護理機構收治之病患或住民多
屬行動不便者，爰在顧及收治對象使用病床或輪椅出入時
之方便性及安全性考量，所為合理門寬需要，特別予以明
定。是以，護理機構設置之病房、病室及供住民衛浴使用
設備之門寬(係指淨寬)應符合上開規定。 
三、有關以現有醫院建築物變更設置為護理之家，其原醫院建
物之衛浴門寬不符規定，是否予以放寬一節，請參照內政
部 97 年 4 月 10 日台內營字第 0970802190 號函發布 「建築
物無障礙設施設計規範」辦理。",https://drive.google.com/file/d/1IEo7JO0CoxnfXCeiRm87BLzYfexqwZH7/view?usp=drivesdk,,
interp-0564,護理機構分類設置標準解釋彙編,第 8 條,〔釋例類別〕 第 3 類 硬體空間,97.12.23,2008-12-23,衛署照字第0970091075號,有關護理人員法「護理之家」護理機構設置標準表內病房,431,431,445,445,護理人員、護理機構、護理之家,彙編節錄,108年彙編多數未保留正本、副本或署名欄；本筆已依下一封函或下一條文邊界切分。,"97.12.23.衛署照字第0970091075 號函 
主旨：有關護理人員法「護理之家」護理機構設置標準表內病房
病室應有自然採光之窗戶認定標準一案，請 查照。 
說明： 
一、復 貴局 97 年 12 月 17 日高市衛保字第 0970050309 號函
。 
二、查護理機構設置標準規定，護理之家，其一般設施應符合
建築法及其有關規定，其中病房、病室應有可資自然採光
之窗戶及病室應通風光線充足，先予敘明。 
三、考量護理機構收治之病患或住民多屬行動不便，更應重視
病房、病室的環境安全與健康。爰此，病房、病室仍應符
合有可資採光之窗戶及病室應通風光線充足之設置標準規
定。",https://drive.google.com/file/d/1IEo7JO0CoxnfXCeiRm87BLzYfexqwZH7/view?usp=drivesdk,,
interp-0565,護理機構分類設置標準解釋彙編,第 8 條,〔釋例類別〕 第 3 類 硬體空間,99.10.20,2010-10-20,衛署照字第0992862869號,所詢護理機構設置標準表─日常活動場所之空間是否包含,431,432,445,446,護理機構、護理之家,彙編節錄,108年彙編多數未保留正本、副本或署名欄；本筆已依下一封函或下一條文邊界切分。,"99.10.20.衛署照字第0992862869 號函 主旨：所詢護理機構設置標準表─日常活動場所之空間是否包含
走道、樓梯等疑義一案，復請 查照。 
說明： 
一、復 貴局99 年10 月14 日花衛醫字第0990019160號函。 
二、按護理機構建築物之設計、構造與設備，應符合建築法及
其有關規定。至建築物之總樓地板面積之計算，應依地政
及建築類相關法律規定，依建築物使用權狀區間所載，合
法登記及權利範圍為限。 
三、查護理機構總樓地板面積，一般護理之家平均每床應有16
平方公尺以上(不包括車庫及宿舍面積)，而該總樓地板面
積包含日常活動場所空間；又日常活動場所，係指住民餐
廳、交誼活動休閒所需之空間而言，爰此未含樓梯之空間
。 
四、另查內政部公告之建築物無障礙設施設計規範，走道應符
合第二章無障礙通路，有關室內通路走廊其坡度、寬度、
迴轉空間之規定，至可否為住民之日常活動場所，請依前
揭規定認定。",https://drive.google.com/file/d/1IEo7JO0CoxnfXCeiRm87BLzYfexqwZH7/view?usp=drivesdk,,
interp-0566,護理機構分類設置標準解釋彙編,第 8 條,〔釋例類別〕 第 3 類 硬體空間,100.10.11,2011-10-11,衛署照字第1000022956號,所詢獨立型護理機構附設居家護理所辦公室樓地板面積可,432,433,446,447,護理機構、居家護理,彙編節錄,108年彙編多數未保留正本、副本或署名欄；本筆已依下一封函或下一條文邊界切分。,"100.10.11.衛署照字第1000022956 號函 
主旨：所詢獨立型護理機構附設居家護理所辦公室樓地板面積可
否列入該護理機構總樓地板面積，及室外活動空間可否納
入日常活動場所空間疑義案，復如說明段，請 查照。 
說明： 
一、復 貴局100 年9 月29 日東衛醫字第1000017152號函。 
二、獨立型護理機構附設居家護理所之辦公室，其用途應係供
該居家護理所業務執行需要使用，爰此，於檢討獨立型護
理機構總樓地板面積時，應不宜將所附設之居家護理所辦
公室面積列入。 
三、本署99 年 10 月 20 日衛署照字第 0992862869 號函釋略以
，建築物總樓地板面積之計算，應依地政及建築類相關法
律規定，依建築物使用權狀所載，合法登記及權利範圍為",https://drive.google.com/file/d/1IEo7JO0CoxnfXCeiRm87BLzYfexqwZH7/view?usp=drivesdk,,
interp-0567,護理機構分類設置標準解釋彙編,第 8 條,〔釋例類別〕 第 3 類 硬體空間,101.7.12,2012-07-12,衛署照字第1012863124號,所詢關於「護理機構分類設置標準」疑義案，復如說明段,433,434,447,448,護理人員、護理機構、護理之家,彙編節錄,108年彙編多數未保留正本、副本或署名欄；本筆已依下一封函或下一條文邊界切分。,"101.7.12.衛署照字第1012863124 號函 
主旨：所詢關於「護理機構分類設置標準」疑義案，復如說明段
，請 查照。 
說明： 
一、復 貴局 101 年 6 月 29 日苗衛醫字第 1010016155 號函。 
二、所詢一般護理之家收住呼吸器依賴個案與一般住床是否明
顯空間區隔一節 ， 查100 年 12 月 2 日發布修正之護理機構
分類設置標準第 8 條附表(護理機構設置標準表)修正規定
，一般護理之家病房設置標準 3、收住呼吸器依賴個案達
四床以上者 ， 其病房應符合下列規定 ：(1)應為獨立隔間或
區域有明顯區隔，每一隔間區域不超過六床。 
三、另若機構收住呼吸器依賴個案30 床，一般住床32 床，則
該機構護理人力如下： 
(一)查一般護理之家護理人員設置標準 1、15 床至少應有
1 人。設置標準 4、24 小時均應有護理人員值班。爰
此 ， 依上開規定 ， 其一般護理之家32 床之護理人力配置
應設3 人以上，24 小時均應有護理人員值班。 
(二)再查一般護理之家護理人員設置標準 5、收住呼吸器
依賴個案達 4 床以上者 ， 其人員應符合下列規定 ：(1)
每 10 床應有 1 人，不足10 床以10 床計。(2)至少有
1 位護理人員具備呼吸照護臨床經驗 2 年。(3)24 小
時均應有護理人員上班，收住呼吸器依賴個案以 24
床為計算單位，每超過 24 床應再增加 1 人。爰此，
所詢案例收住呼吸器依賴個案 30 床之護理人力配置
，依上開規定應設有 4 人以上，且 24 小時均應有護
理人員在班。 
(三)綜上該機構之護理人力配置應設有 7 人以上，並應依",https://drive.google.com/file/d/1IEo7JO0CoxnfXCeiRm87BLzYfexqwZH7/view?usp=drivesdk,,
interp-0568,護理機構分類設置標準解釋彙編,第 8 條,〔釋例類別〕 第 3 類 硬體空間,101.11.27,2012-11-27,衛署照字第1012864517號,有關貴局所詢護理之家設置標準呼吸器依賴個案病床疑義,434,434,448,448,護理人員、護理機構、護理之家,彙編節錄,108年彙編多數未保留正本、副本或署名欄；本筆已依下一封函或下一條文邊界切分。,"101.11.27.衛署照字第1012864517 號函 
主旨：有關貴局所詢護理之家設置標準呼吸器依賴個案病床疑義
案，復請 查照。 
說明： 
一、復 貴局 101 年 11 月 16 日衛醫字第 1010019739 號函。 
二、本案所指之呼吸器依賴個案，係指護理人員法第 15 條所
定護理機構之服務對象，且需裝置呼吸器以維生，無法脫
離使用者。鑑於一般護理之家收住該等住民，需要更專業
之照護及適當人力、設施及設備，故非以費用來源或使用
呼吸器之天數為依據。 
三、爰此，所詢一般護理之家收住呼吸器依賴個案病床界定之
疑義乙節，護理之家收住個案若有呼吸器依賴者，均應依
本署100 年12 月2 日發布修正之護理機構分類設置標準第
8 條附表(護理機構設置標準表)規定，一般護理之家收住
呼吸器依賴個案達四床以上者之病房設置標準，其病房應
為獨立隔間或區域有明顯區隔，每一隔間區域不超過六床
等規定辦理。",https://drive.google.com/file/d/1IEo7JO0CoxnfXCeiRm87BLzYfexqwZH7/view?usp=drivesdk,,
interp-0569,護理機構分類設置標準解釋彙編,第 8 條,〔釋例類別〕 第 3 類 硬體空間,102.8.8,2013-08-08,衛部照字第1021580188號,有關醫院或診所附設產後護理機構之嬰兒室及相關設備，,434,435,448,449,護理機構、產後護理,彙編節錄,108年彙編多數未保留正本、副本或署名欄；本筆已依下一封函或下一條文邊界切分。,"102.8.8.衛部照字第1021580188 號函 
主旨：有關醫院或診所附設產後護理機構之嬰兒室及相關設備，
是否可與該醫院或診所共用疑義， 復如說明段 ， 請 查照。 
說明： 
一、復 貴局 102 年 6 月 27 日高市衛健字第 10235829100 號
函。 
二、查本部 89 年 5 月 18 日衛署醫字第 89011744 號函：「醫
院其嬰兒室、調奶室設置現狀若與產後護理機構設置標準",https://drive.google.com/file/d/1IEo7JO0CoxnfXCeiRm87BLzYfexqwZH7/view?usp=drivesdk,,
interp-0570,護理機構分類設置標準解釋彙編,第 8 條,〔釋例類別〕 第 3 類 硬體空間,102.8.12,2013-08-12,衛部照字第1021580181號,所詢護理之家機構設置之設置標準項目二、護理服務設施,435,436,449,450,護理機構、護理之家,彙編節錄,108年彙編多數未保留正本、副本或署名欄；本筆已依下一封函或下一條文邊界切分。,"102.8.12.衛部照字第1021580181 號函 
主旨：所詢護理之家機構設置之設置標準項目二、護理服務設施
(四)日常活動場所，相關計算標準其中走廊是否得併計於
日常活動場所之面積乙案，請 查照。 
說明： 
一、復 貴局102 年8 月1 日新縣衛醫字第1020009330號函。 
二、依據護理機構分類設置標準第8 條附表「護理機構設置標
準表」規定：「二、護理服務設施(四)日常活動場所：按
病床數計，平均每床應有四平方公尺以上。」又，日常活
動場所係指住民餐廳、交誼活動休閒所需之空間，本部前
於 99 年 10 月 20 日衛署照字第 0992862869 號函函示在案
，合先敘明。 
三、病室外之走廊係屬機構室內走道，考量護理之家機構收住
多屬失能、行動不便之住民，其活動需倚賴輪椅或推床等
，故室內通路走廊，除應依內政部公告之建築物無障礙設",https://drive.google.com/file/d/1IEo7JO0CoxnfXCeiRm87BLzYfexqwZH7/view?usp=drivesdk,,
interp-0571,護理機構分類設置標準解釋彙編,第 8 條,〔釋例類別〕 第 3 類 硬體空間,102.12.31,2013-12-31,衛部照字第1021581254號,有關護理機構分類設置標準之門寬定義疑義一案，請查照。,436,436,450,450,護理機構,彙編節錄,108年彙編多數未保留正本、副本或署名欄；本筆已依下一封函或下一條文邊界切分。,"102.12.31.衛部照字第1021581254 號 
主旨：有關護理機構分類設置標準之門寬定義疑義一案，請查照。 
說明： 
一、復貴局 102 年 11 月 20 日衛醫字第 1020021140 號函。 
二、查護理機構分類設置標準規定，略以：「護理機構，其一
般設施應符合建築法及其有關法規規定；住房寢室及衛浴
設備至少應各有一扇門，寬度至少為零點八公尺」，所詢
門寬定義，係指門實體寬度(淨寬)，尚不包括門框寬度。
爰此，護理機構住房寢室及衛浴設備門寬應依該標準之特
別規定辦理。",https://drive.google.com/file/d/1IEo7JO0CoxnfXCeiRm87BLzYfexqwZH7/view?usp=drivesdk,,
interp-0572,護理機構分類設置標準解釋彙編,第 8 條,〔釋例類別〕 第 3 類 硬體空間,103.1.10,2014-01-10,衛部照字第1031580059號,有關貴機構之設施未達護理機構分類設置標準乙案，復如,436,436,450,450,護理人員、護理機構,彙編節錄,108年彙編多數未保留正本、副本或署名欄；本筆已依下一封函或下一條文邊界切分。,"103.1.10 衛部照字第1031580059 號函 
主旨：有關貴機構之設施未達護理機構分類設置標準乙案，復如
說明段，請查照。 
說明： 
一、復 貴機構102 年 12 月 16 日壐字第 1021127 號函。 
二、查本部 102 年 12 月 31 日衛部照字第 1021581254 號函，
略以:「『護理機構……；住房寢室及衛浴設備至少應各
有一扇門，寬度至少為零點八公尺』，門寬定義，係指門
實體寬度(浄寬)，尚不包括門框寬度。護理機構住房寢室
及衛浴設備門寬應依該標準之特別規定辦理」。 
三、本案仍請相關權責機關本於權責依護理人員法及相關規定
辦理。",https://drive.google.com/file/d/1IEo7JO0CoxnfXCeiRm87BLzYfexqwZH7/view?usp=drivesdk,,
interp-0573,護理機構分類設置標準解釋彙編,第 8 條,〔釋例類別〕 第 3 類 硬體空間,103.3.10,2014-03-10,衛部照字第1031560361號,所詢有關護理機構設置標準表之一般設施要求之疑義一案,436,437,450,451,護理機構,彙編節錄,108年彙編多數未保留正本、副本或署名欄；本筆已依下一封函或下一條文邊界切分。,"103.3.10 衛部照字第1031560361 號函 主旨：所詢有關護理機構設置標準表之一般設施要求之疑義一案
，復如說明，請查照。 
說明： 
一、復 貴事務所 103 年2 月19 日(103)峰建築字第1030219003
號函。 
二、查護理機構設置標準表之一般設施第 4 點規定：「住房、
寢室及衛浴設備，至少應各有一扇門，且寬度至少為零點
八公尺。」。所詢門之數量係指住房、每間寢室及每間衛
浴設備等，至少均應有一扇門，其實體寬度(浄寬)為至少
(含)零點八公尺。爰此，護理機構住房、寢室及衛浴設備
之門數量及其淨寬，應依上開標準規定辦理。",https://drive.google.com/file/d/1IEo7JO0CoxnfXCeiRm87BLzYfexqwZH7/view?usp=drivesdk,,
interp-0574,護理機構分類設置標準解釋彙編,第 8 條,〔釋例類別〕 第 3 類 硬體空間,105.11.3,2016-11-03,衛部照字第1050131525號,有關貴局函轉台北市產後護理之家協會就護理機構分類設,437,437,451,451,護理機構、產後護理、護理之家、評鑑,彙編節錄,108年彙編多數未保留正本、副本或署名欄；本筆已依下一封函或下一條文邊界切分。,"105.11.3 衛部照字第1050131525 號 
主旨：有關貴局函轉台北市產後護理之家協會就護理機構分類設
置標準之門寬疑義及評鑑內容建議案，復如說明，請查照
。 
說明： 
一、復貴局105 年 10 月 18 日北市衛醫護字第 10541281001 號
函。 
二、有關護理機構分類設置標準住房寢室及衛浴設備之門寬規
定一節，所謂門寬定義，係指門實體寬度(淨寬)，尚不包
括門框寬度，前經本部 102 年 12 月 31 日衛部照字第
1021581254 號函(副本函各直轄市及縣市衛生局)及104 年
10 月 30 日衛部照字第 1040132665 號函釋在案。 
三、又，本部護理機構評鑑作業係依護理機構評鑑辦法規定辦
理，為求評鑑委員之評分基準一致，本部均會召開評鑑委
員共識會，委員須全程參加共識會，始能擔任評鑑委員，
以達評鑑一致性。本年度產後護理機構評鑑應注意事項， 
業於 105 年 3 月辦理評鑑說明會時說明在案。",https://drive.google.com/file/d/1IEo7JO0CoxnfXCeiRm87BLzYfexqwZH7/view?usp=drivesdk,,
interp-0575,護理機構分類設置標準解釋彙編,第 8 條,〔釋例類別〕 第 3 類 硬體空間,103.4.15,2014-04-15,衛部照字第1031560433號,有關產後護理機構設置及坐月子中心相關疑義，復如說明,437,439,451,453,護理人員、護理機構、產後護理、負責人,彙編節錄,108年彙編多數未保留正本、副本或署名欄；本筆已依下一封函或下一條文邊界切分。,"103.4.15.衛部照字第1031560433 號 主旨：有關產後護理機構設置及坐月子中心相關疑義，復如說明
段，請查照。 
說明： 
一、復貴局102 年 10 月 16 日高市衛健字第 10239956900 號函
。 
二、有關產後護理機構擴充地點為原已設置機構之鄰近地點，
並由原已設置機構負責人同時擔任乙節，護理機構之設立
或擴充，應依護理人員法、護理機構分類設置標準及護理
機構設置或擴充許可辦法等規定辦理，至產後護理機構擴
充地點之距離範圍，除應符合前開規定外，亦應考量機構
現址與各分支點之照護品質服務、照護人力、行政管理、
作業動線、安全管理、設備設施及配套措施之完善及運作
順暢原則下設立，惟仍應依個案實際狀況認定之。 
三、有關護理機構分類設置標準門寬定義乙節，查本部102 年
12 月 31 日衛部照字第 1021581254 號函副本諒達， 按護理
機構分類設置標準規定，略以：「護理機構，其一般設施
應符合建築法及其有關法規規定；住房寢室及衛浴設備至
少應各有一扇門，寬度至少為零點八公尺」，所詢門寬定
義，係指門實體寬度(淨寬)，尚不包括門框寬度。爰此，
護理機構住房寢室及衛浴設備門寬應依該標準之特別規定
辦理。 
四、有關坐月子中心建築物及其設備規範乙節，查坊間所稱「
坐月子中心」，係向經濟部辦理營業登記，應依其原始營
業登記之各該管法令規定辦理，非依護理人員法許可設置
；為顧及產婦及嬰兒之安全，故本部於「產後護理機構及
坐月子中心定型化契約應記載及不得記載事項」明訂坐月
子中心之建築物及其設備應符合建築法規及消防法規有關
公共安全之相關規定；惟坐月子中心之建築物使用類組或
消防安全場所用途分類之規定，仍應依營建及消防各該法
令進行認定。",https://drive.google.com/file/d/1IEo7JO0CoxnfXCeiRm87BLzYfexqwZH7/view?usp=drivesdk,,
interp-0576,護理機構分類設置標準解釋彙編,第 8 條,〔釋例類別〕 第 3 類 硬體空間,103.5.6,2014-05-06,衛部照字第1030112466號,有關一般護理之家申請擴充至不連續樓層及照護人力配置,439,439,453,453,護理人員、護理機構、護理之家、開業,參照摘要,彙編中此筆為短摘要或參照其他頁碼，非完整公文全文。,"103.5.6 衛部照字第1030112466 號函 
主旨：有關一般護理之家申請擴充至不連續樓層及照護人力配置
疑義一案，復請查照。 
說明： 
一、復 貴局103 年 4 月 29 日北衛醫字第 1030775515 號函。 
二、按護理機構之設立，應依護理人員法之規定申請許可，並
符合護理機構設置標準之相關規定，始予准許開業。有關
一般護理之家設置於不連續樓層前經本部 96 年 10 月 29
日衛署醫字第 0960049243 號函及 89 年 10 月 4 日衛署醫
字第 0890017043 號函釋，如符合護理機構設置標準規定
，應無不可在案，先予敍明。 
三、次按護理機構設置標準表之二、護理服務設施(一)住房項
下規定應設護理站及其相關設施、設備，有關同一護理機
構跨數樓層，每一樓層是否應依護理機構設置標準配置人
力及設置護理站，亦經本部 97 年 3 月 5 日衛署醫字第
0970006126 號函釋 ， 跨數樓層之護理機構 ， 如相鄰樓層共
用護理站，在不影響護理業務執行及能為護理機構住民及
民眾方便利用下，尚無不可。爰本案請依權責，視個案事
實認定。 
（註：本函釋說明二所敘本部 96.10.29.衛署醫字第 0960049243 號 
函及 89.10.4.衛署醫字第 0890017043 號函，請參閱 P.425；
說明三所敘本部 97.3.5 衛署醫字第0970006126 號函 ， 請參閱
P.429）",https://drive.google.com/file/d/1IEo7JO0CoxnfXCeiRm87BLzYfexqwZH7/view?usp=drivesdk,,
interp-0577,護理機構分類設置標準解釋彙編,第 8 條,〔釋例類別〕 第 3 類 硬體空間,105.7.4,2016-07-04,衛部照字第1051563227號,所詢產後護理機構若為兩層樓以上建築，應否於每層樓設,439,440,453,454,護理機構、產後護理,彙編節錄,108年彙編多數未保留正本、副本或署名欄；本筆已依下一封函或下一條文邊界切分。,"105.7.4 衛部照字第1051563227 號 
主旨：所詢產後護理機構若為兩層樓以上建築，應否於每層樓設
置護理站及簡易護理工作站一案，復請查照。 
說明： 
一、復貴局 105 年 6 月 8 日桃衛照字第 1050044118 號函。 
二、依護理機構分類設置標準第八條附表「護理機構設置標準
」 中就產後護理機構之護理服務設施規定略以， 「3、應設",https://drive.google.com/file/d/1IEo7JO0CoxnfXCeiRm87BLzYfexqwZH7/view?usp=drivesdk,,
interp-0578,護理機構分類設置標準解釋彙編,第 8 條,〔釋例類別〕 第 3 類 硬體空間,105.8.1,2016-08-01,衛部照字第1050121076號,有關貴局函轉台北市產後護理之家協會就護理機構分類設,440,440,454,454,護理機構、產後護理、護理之家、評鑑,彙編節錄,108年彙編多數未保留正本、副本或署名欄；本筆已依下一封函或下一條文邊界切分。,"105.8.1 衛部照字第1050121076 號 
主旨：有關貴局函轉台北市產後護理之家協會就護理機構分類設
置標準之門寬疑義及評鑑內容建議案，復如說明，請查照
。 
說明： 
一、復貴局105 年 10 月 18 日北市衛醫護字第 10541281001 號
函。 
二、有關護理機構分類設置標準住房寢室及衛浴設備之門寬規
定一節，所謂門寬定義，係指門實體寬度(淨寬)，尚不包
括門框寬度，前經本部 102 年 12 月 31 日衛部照字第
1021581254 號函(副本函各直轄市及縣市衛生局)及104 年
10 月 30 日衛部照字第 1040132665 號函釋在案。 
三、又，本部護理機構評鑑作業係依護理機構評鑑辦法規定辦
理，為求評鑑委員之評分基準一致，本部均會召開評鑑委
員共識會，委員須全程參加共識會，始能擔任評鑑委員，
以達評鑑一致性。本年度產後護理機構評鑑應注意事項，
業於 105 年 3 月辦理評鑑說明會時說明在案。",https://drive.google.com/file/d/1IEo7JO0CoxnfXCeiRm87BLzYfexqwZH7/view?usp=drivesdk,,
interp-0579,護理機構分類設置標準解釋彙編,第 8 條,〔釋例類別〕 第 3 類 硬體空間,103.8.5,2014-08-05,衛部照字第1031561273號,所詢產後護理機構設置標準，護理服務設施之日常活動場,440,441,454,455,護理機構、產後護理,彙編節錄,108年彙編多數未保留正本、副本或署名欄；本筆已依下一封函或下一條文邊界切分。,"103.8.5 衛部照字第1031561273 號函 
主旨：所詢產後護理機構設置標準，護理服務設施之日常活動場
所空間規劃應在住房內或外一案，復請 查照。 說明： 
一、復 貴院103 年 6 月 30 日大安字第 103021 號函。 
二、依據護理機構分類設置標準第8 條附表「護理機構設置標
準表」之設置標準項目「二、護理服務設施」分類包括「
住房」、「嬰兒室」、「日常活動場所」、「衛浴設備」
及「其他」，其中「日常活動場所」按病床數 (不包括嬰
兒床)計，平均每床應有一點 五平方公尺以上；爰「住房
」及「日常活動場所」係不同之分類設置標準，故日常活
動場所係指住房外，提供產婦產後交誼活動休閒、照護嬰
兒之教導及健康 恢復之課程所需之空間，如 貴院執行母
嬰同室於住房內增加空間之舒適度，依法僅能以「住房」
之設置標準計算。",https://drive.google.com/file/d/1IEo7JO0CoxnfXCeiRm87BLzYfexqwZH7/view?usp=drivesdk,,
interp-0580,護理機構分類設置標準解釋彙編,第 8 條,〔釋例類別〕 第 3 類 硬體空間,106.3.29,2017-03-29,衛部照字第1060009528號,有關貴機構所詢一般護理之家日常活動空間之認定與面積,441,441,455,455,護理機構、護理之家,彙編節錄,108年彙編多數未保留正本、副本或署名欄；本筆已依下一封函或下一條文邊界切分。,"106.3.29 衛部照字第1060009528 號 
主旨：有關貴機構所詢一般護理之家日常活動空間之認定與面積
計算疑義一案，復請查照。 
說明： 
一、復貴機構106 年 3 月 20 日衛護活函釋字第 1060320002 號
函。 
二、依據護理機構分類設置標準第8 條附表規定(四)日常活動
場所，一般護理之家按病床數計，平均每床應有四平方公
尺以上。又本部 102 年 8 月 12 日衛部照字第 1021580181
號函略以，日常活動場所：按病床數計，平均每床應有四
平方公尺以上。日常活動場所係指住民餐廳、交誼活動休
閒所需之空間。 
三、有關單人房及多人房之活動空間，護理機構設置標準項目
二、護理服務設施「住房」及「日常活動場所」係不同之
分類設置標準，故日常活動場所係指住房外之住民餐廳、
交誼活動休閒所需之空間。",https://drive.google.com/file/d/1IEo7JO0CoxnfXCeiRm87BLzYfexqwZH7/view?usp=drivesdk,,
interp-0581,護理機構分類設置標準解釋彙編,第 8 條,〔釋例類別〕 第 3 類 硬體空間,106.11.22,2017-11-22,衛部照字第1060134270號,有關貴局所詢護理機構之設置標準項目「日常活動場所面,441,442,455,456,護理機構、護理之家,彙編節錄,108年彙編多數未保留正本、副本或署名欄；本筆已依下一封函或下一條文邊界切分。,"106.11.22 衛部照字第1060134270 號 主旨：有關貴局所詢護理機構之設置標準項目「日常活動場所面
積計算及走道範圍認定」之疑義案，復請查照。 
說明： 
一、復貴局 106 年 11 月 9 日新北衛醫字第 1062234765 號函。 
二、查護理機構分類設置標準第八條附表規定「住房走道淨寬
至少一.四公尺。」 。又查本部102 年 8 月 12 日衛部照字
第 1021580181 號函，略以「...病室外之走廊係屬機構室
內走道，考量護理之家機構收住多屬失能、行動不便之住
民，其活動需倚賴輪椅或推床等，故室內通路走廊，除應
依內政部公告之建築物無障礙設施設計規範，其坡度、寬
度及迴轉空間符合無障礙通路外，至可否為住民之日常活
動場所，應依前開規定，....逕予認定。」。 
三、依長期照顧服務法106 年 6 月 3 日施行後，對於機構住宿
式服務類之日常活動場所計算，參考長期照顧服務機構設
立標準第 12 條住宿式長照機構設立標準表規定之日常活
動場所面積之計算，包含多功能活動空間、休閒交誼空間
、客廳、餐廳、休憩設施、日常訓練室、活動室及其他活
動空間，且不包括走廊。另本部針對護理機構分類設置標
準表，有關日常活動場所定義業參照前述長期照顧服務機
構設立標準定義修正，目前刻辦理預告程序中。 
四、綜上，有關護理機構以住房之寢室門口前之走廊空間作為
日常活動場所一節，建請貴局依前揭函釋及規定，並應考
量住民入住環境權益，逕依權責認定。",https://drive.google.com/file/d/1IEo7JO0CoxnfXCeiRm87BLzYfexqwZH7/view?usp=drivesdk,,
interp-0582,護理機構分類設置標準解釋彙編,第 8 條,〔釋例類別〕 第 3 類 硬體空間,103.10.7,2014-10-07,衛部照字第1030128718號,所詢某護理之家擬提出申請開業，其護理機構分類設置標,442,443,456,457,護理機構、護理之家、開業,彙編節錄,108年彙編多數未保留正本、副本或署名欄；本筆已依下一封函或下一條文邊界切分。,"103.10.7 衛部照字第1030128718 號函 
主旨：所詢某護理之家擬提出申請開業，其護理機構分類設置標
準第 8 條附表規定適用疑慮一案，復如說明，請查照。 
說明： 
一、復 貴局 103 年 9 月 29 日屏衛照字第 10332803600 號函。 
二、依據護理機構分類設置標準表之「二、護理服務設施(一)
住房 2、應設寢室並符合下列規定：…(3)床邊與牆壁距離",https://drive.google.com/file/d/1IEo7JO0CoxnfXCeiRm87BLzYfexqwZH7/view?usp=drivesdk,,
interp-0583,護理機構分類設置標準解釋彙編,第 8 條,〔釋例類別〕 第 3 類 硬體空間,103.10.14,2014-10-14,衛部照字第1031561690號,所詢有關一般護理之家相關疑義案，如說明段，請查照。,443,444,457,458,護理機構、護理之家,彙編節錄,108年彙編多數未保留正本、副本或署名欄；本筆已依下一封函或下一條文邊界切分。,"103.10.14 衛部照字第1031561690 號函 
主旨：所詢有關一般護理之家相關疑義案，如說明段，請查照。 
說明： 
一、依據內政部營建署 103 年 9 月 12 日營授辦城字第
1033580690 號函及行政院農業委員會103 年9 月9 日農企
字第1030230729 號函兼復貴中心03 年8 月22 日苗照管字
第 1030007304 號函。 
二、有關護理之家是否符合都市計畫法臺灣省施行細則所稱『
公益上需要』乙節:依據都市計畫法臺灣省施行細則第 23
條規定：「行政區以供政府機關、自治團體、人民團體及
其他公益上需要之建築物使用為主，不得建築住宅、商店
、旅社、工廠及其他娛樂用建築物。但紀念性之建築物與
附屬於建築物之車庫及非營業性之招待所，不在此限。」
次依內政部營建署說明，前項所稱『公益上需要』之建築
物使用，係指出於公共利益的目的，為使社會公眾或者一
定範圍內的社會公眾受益所需之建築物使用而言，且應依
都市計畫法第 37 條規定 ， 洽都市計畫擬定機關審查土地使",https://drive.google.com/file/d/1IEo7JO0CoxnfXCeiRm87BLzYfexqwZH7/view?usp=drivesdk,,
interp-0584,護理機構分類設置標準解釋彙編,第 8 條,〔釋例類別〕 第 3 類 硬體空間,103.12.24,2014-12-24,衛部照字第1031562533號,所詢有關護理機構設置於不連續樓層及獨立動線疑義一案,444,445,458,459,護理機構、護理之家,彙編節錄,108年彙編多數未保留正本、副本或署名欄；本筆已依下一封函或下一條文邊界切分。,"103.12.24 衛部照字第1031562533 號函 
主旨：所詢有關護理機構設置於不連續樓層及獨立動線疑義一案
，復請查照。 說明： 
一、復 貴院 103 年12 月11 日中總嘉企字第1030016136號函。 
二、有關護理機構擬與醫療機構同棟設置，如其護理機構申請
執業場所使用空間及公共場所與醫療機構應有明顯區隔
，並各有獨立動線，且符合護理機構設置標準之相關規定
，始得准許，本部 業於 96 年 10 月 29 日衛署醫字第
0960049243 號函釋在案 。 貴院擬規劃於同棟不同樓層設置
護理之家，其獨立出入口之規劃，應符合前開規定，先予
敍明。 
三、又本部102 年 11 月 5 日衛部照字第 1021580888 號函釋之
內容，係針對同棟建築物設置老人福利機構及一般護理之
家應符合條件(包含不同門牌號碼及應有獨立出入口)，惟
不同樓層設醫療機構及護理之家需符合之條件，仍請按本
部 96 年 10 月 29 日函釋內容辦理。爰本案請依此原則辦
理。 
（註：本函釋說明三所敘 102.11.5 衛部照字第 1021580888 號函，請
參閱 P.201）",https://drive.google.com/file/d/1IEo7JO0CoxnfXCeiRm87BLzYfexqwZH7/view?usp=drivesdk,,
interp-0585,護理機構分類設置標準解釋彙編,第 8 條,〔釋例類別〕 第 3 類 硬體空間,106.4.7,2017-04-07,衛部照字第1060009955號,有關貴轄○○醫院附設護理之家申請擴床，與醫療機構同,445,446,459,460,護理機構、護理之家,彙編節錄,108年彙編多數未保留正本、副本或署名欄；本筆已依下一封函或下一條文邊界切分。,"106.4.7 衛部照字第1060009955 號 
主旨：有關貴轄○○醫院附設護理之家申請擴床，與醫療機構同
棟設置，且規劃於不連續樓層疑義，請查照。 
說明： 
一、復貴局 106 年 3 月 24 日苗衛醫字第 1060005486 號函。 
二 、 旨揭疑義本部前於103 年12 月24 日衛部照字第1031562533
號函釋在案，內容略以：「有關護理機構擬與醫療機構同
棟設置，如其護理機構申請執業場所使用空間及公共場所
與醫療機構應有明顯區隔，並各有獨立動線，且符合護理
機構設置標準之相關規定，始得准許...。」 故該院擬規劃
於同棟不同樓層設置護理之家，其獨立出入口之規劃，應
符合前開規定。 
三、另護理機構係屬人口密集機構，其空間規劃及動線應符合",https://drive.google.com/file/d/1IEo7JO0CoxnfXCeiRm87BLzYfexqwZH7/view?usp=drivesdk,,
interp-0586,護理機構分類設置標準解釋彙編,第 8 條,〔釋例類別〕 第 3 類 硬體空間,104.3.12,2015-03-12,衛部照字第1041560167號,所詢業者欲申請設置一般護理之家提供日間照護服務相關,446,447,460,461,護理人員、護理機構、護理之家,彙編節錄,108年彙編多數未保留正本、副本或署名欄；本筆已依下一封函或下一條文邊界切分。,"104.3.12 衛部照字第 1041560167 號函 
主旨：所詢業者欲申請設置一般護理之家提供日間照護服務相關
疑義一案，復請查照。 
說明： 
一、復 貴局 104 年 1 月 19 日衛醫字第 1030026717 號函。 
二、按護理機構分類設置標準第八條附表「護理機構設置標準
」之一般護理之家規定：二、護理服務設施之住房部分，
應設寢室並符合規定、應設護理站並具有相關設備。(五)
衛浴設備住房應設衛生設備及淋浴設備，且每六人至少應
有一套。應有為臥床或乘坐輪椅病人特殊設計之衛浴設備
。又，其中設有為日間照護者，視需要設置休息床位。三
、建築物之設計構造與設備之總樓地板面積：設有日間照
護者，按登記提供服務量計，平均每人應有十平方公尺以
上(不包括車庫及宿舍面積)。 
三、依上開規定及立法精神，一般護理之家之設置以收住式機
構為申請主體，設置日間照護屬該機構之服務項目之一，
並應依相關規定配置人力及空間規劃。另，機構床位數雖
無最低限制，仍應視該地區民眾之長照資源需求及機構之
營運規劃而定。 
四、護理機構設置日間照護之服務，其總樓地板面積應依上開
規定獨立計算並有足夠之空間規劃。 
五、日間照護之服務可否販賣物品營利乙節，按護理人員法第
14 條規定，一般護理之家之設置，以提供護理照護等相關
服務為主，且護理機構設置係依護理機構設置標準規定設
立，其服務對象係以機構之住民以及其家屬為原則。爰此
，有關營利型態之設置，其活動空間、人員應與機構有所
區隔，且營業登記等相關事項應按營利事業管理相關規定
辦理。",https://drive.google.com/file/d/1IEo7JO0CoxnfXCeiRm87BLzYfexqwZH7/view?usp=drivesdk,,
interp-0587,護理機構分類設置標準解釋彙編,第 8 條,〔釋例類別〕 第 4 類 設施及設備,106.5.12,2017-05-12,衛部照字第1061561200號,貴局函詢有關護理機構(一般護理之家)辦理「日間照護」,447,447,461,461,護理人員、護理機構、護理之家,彙編節錄,108年彙編多數未保留正本、副本或署名欄；本筆已依下一封函或下一條文邊界切分。,"106.5.12 衛部照字第1061561200 號 
主旨：貴局函詢有關護理機構(一般護理之家)辦理「日間照護」
服務項目疑義乙案，請查照。 
說明： 
一、復貴局 106 年 4 月 5 日新縣衛醫字第 1060005699 號函。 
二、依本部104 年 3 月 12 日衛部照字第 1041560167 號函略以
，二、按護理機構分類設置標準第八條附表「護理機構設
置標準表」之一般護理之家規定：二、護理服務設施之住
房部分，應設寢室並符合規定、應設護理站並具有相關設
備。… 三、依上開規定及立法精神，一般護理之家之設置
以收住式機構為申請主體，設置日間照護屬該機構之服務
項目之一，並應依相關規定配置人力及空間規劃。 
三、查「老人福利服務提供者資格要件及服務準則」(以下稱
服務準則)係依老人福利法第 20 條第 1 規定訂定之，該準
則除於第 55 條至第 59 條規範社區式日間照顧服務外，於
第 111 條至第 113 條尚規範機構式日間照顧服務。 
四、綜上，一般護理之家提供日間照護與依服務準則提供社區
式日間照顧服務或機構式日間照顧服務之法源不同，倘一
般護理之家所提供的日間照護服務係依護理人員法及護理
機構設置標準表等規定設置，則需依該法規辦理。 
五、至於，所提建築使用類組及變更使用規定，涉地方建管單
位法規規定及認定，請洽貴府建管單位。 

〔釋例類別〕 第 4 類 設施及設備",https://drive.google.com/file/d/1IEo7JO0CoxnfXCeiRm87BLzYfexqwZH7/view?usp=drivesdk,,
interp-0588,護理機構分類設置標準解釋彙編,第 8 條,〔釋例類別〕 第 4 類 設施及設備,83.6.17,1994-06-17,衛署醫字第83035203號,醫療機構所設居家護理服務部門，其應有之急救設備，如,447,448,461,462,護理機構、居家護理,彙編節錄,108年彙編多數未保留正本、副本或署名欄；本筆已依下一封函或下一條文邊界切分。,"83.6.17.衛署醫字第 83035203 號函 
主旨：醫療機構所設居家護理服務部門，其應有之急救設備，如
其醫療機構可提供使用，得免另行設置，請 查照。 
說明：依據本署於 83 年 4 月 22 日召開之「護理業務研討會」會
議紀錄辦理。",https://drive.google.com/file/d/1IEo7JO0CoxnfXCeiRm87BLzYfexqwZH7/view?usp=drivesdk,,
interp-0589,護理機構分類設置標準解釋彙編,第 8 條,〔釋例類別〕 第 4 類 設施及設備,89.1.24,2000-01-24,衛署醫字第88075466號,有關彰化縣衛生局函詢老人福利機構設立標準第 1 章第 2,448,448,462,462,護理機構,彙編節錄,108年彙編多數未保留正本、副本或署名欄；本筆已依下一封函或下一條文邊界切分。,"89.1.24.衛署醫字第88075466 號函 
主旨：有關彰化縣衛生局函詢老人福利機構設立標準第 1 章第 2 
條第 5 款「環境衛生應具適當之防治措施」及第 2 章第 2
節第 10 條第 3 款「護理站：應具有基本急救設備…」，
其應審查項目為何乙案，本署意見如說明段，請 查照。 
說明： 
一、復 貴部 88 年 12 月 2 日台內中社字第 8510045 號函。 
二、依老人福利法第9 條規定：養護機構：以照顧生活自理能
力缺損且無技術性護理服務需求之老人為目的。安養機構
：以安養自費老人或留養無扶養義務之親屬或扶養義務之
親屬無扶養能力之老人為目的。考量該二類機構收案對象
性質不同，建議養護機構應參照護理機構配置急救設備，
至於安養機構則可參考救護車裝備標準之「一般急救箱配
備項目表」(如附件)配置其急救設備。 
三、有關「環境衛生應具適當之防治措施」部分，請參考護理
機構設置標準之「其他」乙節規定辦理。",https://drive.google.com/file/d/1IEo7JO0CoxnfXCeiRm87BLzYfexqwZH7/view?usp=drivesdk,,
interp-0590,護理機構分類設置標準解釋彙編,第 8 條,〔釋例類別〕 第 4 類 設施及設備,89.11.20,2000-11-20,衛署醫字第0890022234號,有關台南市政府所訂「台南市托兒機構設置自治條例」，,448,449,462,463,護理人員、護理機構,彙編節錄,108年彙編多數未保留正本、副本或署名欄；本筆已依下一封函或下一條文邊界切分。,"89.11.20.衛署醫字第0890022234 號函 
主旨：有關台南市政府所訂「台南市托兒機構設置自治條例」，
本署意見如說明段，復請 查照。 
說明： 
一、復 貴局 89 年 10 月 12 日(89)童托字第 8905965 號函。 
二、專辦或兼辦托嬰業務者，除應設置調奶台、護理台、餵奶
室外，建議要有奶品貯存、冷藏設備；其設有全日托嬰者
，應有專用之嬰幼兒洗澡台及工作台。 
三、依傳染病防治法規定，傳染病共分 4 類，包括霍亂、鼠疫
、流行性感冒……等，本條例第13 條規定：托兒機構工作
人員應身心健康，每年至少應定期健康檢查 1 次且未患有
法定傳染病，其條件限制是否失之過嚴，請斟酌。 
四、檢附傳染病防治法暨施行細則、護理人員法及其施行細則
各乙份，請卓參。",https://drive.google.com/file/d/1IEo7JO0CoxnfXCeiRm87BLzYfexqwZH7/view?usp=drivesdk,,
interp-0591,護理機構分類設置標準解釋彙編,第 8 條,〔釋例類別〕 第 4 類 設施及設備,95.10.12,2006-10-12,衛署醫字第0950201186號,所詢護理之家應備之「常備急救藥品」品項乙案，復請照。,449,449,463,463,護理機構、護理之家,彙編節錄,108年彙編多數未保留正本、副本或署名欄；本筆已依下一封函或下一條文邊界切分。,"95.10.12.衛署醫字第0950201186 號函 
主旨：所詢護理之家應備之「常備急救藥品」品項乙案，復請照。 
說明： 
一、依據台灣急診醫學會95 年6 月7 日(九十五)急字第0368 號 
函及貴局94 年3 月28 日北衛保字第0940019067 號函辦理 
。 
二、按依護理之家應備之「常備急救藥品」項目，應包括
Albuterol(或 Aminophylline 等支氣管擴張劑） 1 瓶、
Atropine5 支、Epinephrine（或 Bosmin 等升壓劑）10 支
、Sodium bicarbonate5 支、Vena5 支、Solu-cortef5 支
、50%G/W 3 支及 NTG. Tab 數顆，又相關業務之執行，應
由轉介醫院配合督導管理。",https://drive.google.com/file/d/1IEo7JO0CoxnfXCeiRm87BLzYfexqwZH7/view?usp=drivesdk,,
interp-0592,護理機構分類設置標準解釋彙編,第 8 條,〔釋例類別〕 第 4 類 設施及設備,95.12.12,2006-12-12,衛署醫字第0950063563號,所詢老人福利機構之護理站應具有之基本急救設備及藥品,449,450,463,464,護理人員、護理機構、護理之家、醫療輔助,彙編節錄,108年彙編多數未保留正本、副本或署名欄；本筆已依下一封函或下一條文邊界切分。,"95.12.12.衛署醫字第0950063563 號函 
主旨：所詢老人福利機構之護理站應具有之基本急救設備及藥品
疑義一案，復請 查照。 
說明： 
一、復 貴部95 年12 月7 日內授中社字第0950714497號函。 
二、依醫師法第 28 條規定：「未取得合法醫師資格，擅自執
行醫療業務者，處 6 個月以上 5 年以下有期徒刑，得併科
新臺幣三十萬元以上一百五十萬元以下罰金，其所使用之
藥械沒收之。但合於下列情形之一者，不罰：……四、臨
時施行急救。」惟查施予氣管內插管、急救藥物注射及心
臟電擊之急救措施係屬侵入性治療、處置，應由醫師執行
；另查「輔助施行侵入性治療、處置」，係屬護理人員法
第 24 條第 1 項第 4 款所稱醫療輔助行為之範圍 ， 是以 ，護
理人員在醫師指示下得執行前述醫療輔助行為。 
三、查長期照護機構係以照顧罹患長期慢性疾病並且需要醫護
服務之老人為目的，與護理之家機構以罹患慢性病需長期
護理之病人及出院後需繼續護理之病人為服務對象，兩機
構所具功能及服務對象相當類似，爰此，長期照護機構涉",https://drive.google.com/file/d/1IEo7JO0CoxnfXCeiRm87BLzYfexqwZH7/view?usp=drivesdk,,
interp-0593,護理機構分類設置標準解釋彙編,第 8 條,〔釋例類別〕 第 4 類 設施及設備,99.8.13,2010-08-13,行政院衛生署衛署醫字第0990263087號,99.8.13.行政院衛生署衛署醫字第0990263087 號令,450,451,464,465,護理機構,彙編節錄,108年彙編多數未保留正本、副本或署名欄；本筆已依下一封函或下一條文邊界切分。,"99.8.13.行政院衛生署衛署醫字第0990263087 號令 
一、依據行政院衛生署「救護車裝備標準」規定，一般型急救箱之配
備項目包括下列： 
項目 數量 項目 數量 項目 數量 
體溫計 （肛溫及腋
溫） 
各一支 血壓計 一組 咬合器 二個 
寬膠帶 二捲 聽診器 一組 口咽呼吸道 （含各種
大小型式五種以上） 
一組 
止血帶（止血用） 二條 紗布繃帶 （大
、中、小） 
各二捲 鼻咽呼吸道 （含各種
大小型式五種以上） 
一組 
剪刀 一把 彈性繃帶 二捲 手電筒及其備用電
源 
一組 
優碘液 一瓶 三角巾 五條 驅血帶 （靜脈注射用
） 
一條 
護目鏡 二個 手套 四雙 活性炭粉末 一瓶 
紙口罩 一盒 酒精棉片 十片 
鑷子 （有齒、無齒
） 
各一支 彎盆 一個 
乾棉球 一包 垃圾袋 一個",https://drive.google.com/file/d/1IEo7JO0CoxnfXCeiRm87BLzYfexqwZH7/view?usp=drivesdk,,
interp-0594,護理機構分類設置標準解釋彙編,第 8 條,〔釋例類別〕 第 4 類 設施及設備,96.5.9,2007-05-09,衛署醫字第0960015013號,有關人口密集機構工作人員健康檢查項目及老人長期照護,451,451,465,465,護理機構,彙編節錄,108年彙編多數未保留正本、副本或署名欄；本筆已依下一封函或下一條文邊界切分。,"96.5.9.衛署醫字第0960015013 號函 
主旨：有關人口密集機構工作人員健康檢查項目及老人長期照護
機構護理站常備急救藥品購置方式一案，復請 查照。 
說明： 
一、復 貴部 96 年 4 月 4 內授中社字第 0960713867 號函。 
二、查「人口密集機構感染控制措施指引」係提供人口密集機
構執行感染控制之原則參考，目的係為防範因工作人員導
致機構內感染發生及擴散；爰此，依據傳染病防治法第30
條、第31 條及勞動相關法令規定 ， 人口密集機構為防範機
構內感染發生，對住民和工作人員應善盡健康管理及照護
之責任，關於工作人員健康檢查項目，建請視業務特性及
需求，依「人口密集機構感染控制措施指引」之原則辦理
。 
三、至老人長期照護機構護理站配置之常備急救藥品，所詢如
何購置一節，按藥事法第50 條規定，急救藥品品項，因涉
屬處方用藥，非經醫師處方不得調劑供應。是以，老人長
期照護機構應備之「常備急救藥品」等之相關業務執行，
建議得與鄰近醫療機構簽訂轉介契約後，由轉介醫療機構
配合督導施行，並注意藥品及醫材之更新，且應妥善保管
及符合藥事法第 50 條規定。",https://drive.google.com/file/d/1IEo7JO0CoxnfXCeiRm87BLzYfexqwZH7/view?usp=drivesdk,,
interp-0595,護理機構分類設置標準解釋彙編,第 8 條,〔釋例類別〕 第 4 類 設施及設備,96.7.3,2007-07-03,衛署醫字第0960023885號,所詢護理機構之護理紀錄或照護紀錄保存年限一案，復如,451,452,465,466,護理人員、護理機構、居家護理、護理之家、病歷,彙編節錄,108年彙編多數未保留正本、副本或署名欄；本筆已依下一封函或下一條文邊界切分。,"96.7.3.衛署醫字第 0960023885 號書函 
主旨：所詢護理機構之護理紀錄或照護紀錄保存年限一案，復如
說明段，請 查照。 說明： 
一、復 貴會 96 年 5 月 28 日護協字第 0960037 號函。 
二、按護理人員法第 25 條規定：「護理人員執行業務時，應
製作紀錄。前項紀錄應由該護理人員執業之機構保存十年
。」是以，居家護理機構及護理之家機構，對於轉診及醫
師每次診察之病歷摘要，應連同護理紀錄依前揭規定妥善
保存。 
三、至護理機構對於前揭病歷保存場所，除應符合建築物使用
用途規定外，如設置於地下室，並應裝置必要之防潮、防
水設施（如緊急發電機、抽水機、消防設施等），並有專
人定期進行保養維修與緊急情況處理演習，以確保該設備
隨時處於堪用狀態。遇緊急情況時，適時開啟使用，始足
以認定該護理機構已善盡保管、保存之責。",https://drive.google.com/file/d/1IEo7JO0CoxnfXCeiRm87BLzYfexqwZH7/view?usp=drivesdk,,
interp-0596,護理機構分類設置標準解釋彙編,第 8 條,〔釋例類別〕 第 4 類 設施及設備,96.12.13,2007-12-13,衛署醫字第0960053842號,建請將護理之家、康復之家等其他醫事機構排除於水污染,452,453,466,467,護理機構、居家護理、產後護理、護理之家、開業,彙編節錄,108年彙編多數未保留正本、副本或署名欄；本筆已依下一封函或下一條文邊界切分。,"96.12.13.衛署醫字第0960053842 號函 
主旨：建請將護理之家、康復之家等其他醫事機構排除於水污染
防治法之列管事業乙事，請 查照。 
說明： 
一、依據水污染防治法第2 條第 7 款所定之「水污染防治法事
業分類及定義」 ，第55 類業別「醫院、醫事機構」之定義
為「醫院、醫事檢驗所、捐血機構及其他醫事機構」。查
醫療法第 12 條第 1 項規定 ， 醫療機構設有病房收治病人者
為醫院，僅應門診者為診所；非以直接診治病人為目的而
辦理醫療業務之機構為其他醫療機構。另依據醫療機構設
置標準第 2 條之規定，其他醫療機構分為捐血機構、病理
機構及其他。另傳染病防治法第 4 條第 3 項規定，本法所
稱醫事機構 ， 指醫療法第10 條第 1 項所定醫事人員依其專
門職業法規規定申請核准開業之機構。按目前由醫事人員
依其專門職業法規規定申請核准開業之機構包括：醫療機
構（醫院、診所、捐血機構及病理機構）、護理之家機構
、居家護理機構、產後護理機構、社區復健中心、康復之",https://drive.google.com/file/d/1IEo7JO0CoxnfXCeiRm87BLzYfexqwZH7/view?usp=drivesdk,,
interp-0597,護理機構分類設置標準解釋彙編,第 8 條,〔釋例類別〕 第 4 類 設施及設備,97.3.11,2008-03-11,環署水字第0970018163號,有關建請將護理之家、康復之家等其他醫事機構排除於水,453,453,467,467,護理機構、護理之家、傷口,彙編節錄,108年彙編多數未保留正本、副本或署名欄；本筆已依下一封函或下一條文邊界切分。,"97.3.11.環署水字第0970018163 號函 
主旨：有關建請將護理之家、康復之家等其他醫事機構排除於水
污染防治法之列管事業乙事，請 查照。 
說明： 
一、醫事機構如護理機構、復健中心或洗腎中心等，如其設置
病床數、廢水產生量未達水污染防治法事業分類及定義之
管制標準或所含廢水中之鉛、鉻等有害健康物質未超過放
流水標準者，並未納入管制對象，先予敘明。 
二、醫事機構，如執行注射或傷口包紮等醫療行為時，仍有可
能產生具有傳染性之清洗廢水，故不宜直接排除管制。但
如前述之醫事機構，實際未執行醫療行為時，則非屬水污
染防治法中所列管之「醫院、醫事機構」事業。 
三、綜上，本署仍維持「醫院、醫事機構」之定義為「醫院、
醫事檢驗所、捐血機構及其他醫事機構」，並依事實認定
是否有執行醫療行為。",https://drive.google.com/file/d/1IEo7JO0CoxnfXCeiRm87BLzYfexqwZH7/view?usp=drivesdk,,
interp-0598,護理機構分類設置標準解釋彙編,第 8 條,〔釋例類別〕 第 4 類 設施及設備,97.4.22,2008-04-22,環署水字第0970029173號,有關嘉義縣衛生局函詢護理之家業務是否涉及醫療行為及,453,454,467,468,護理機構、護理之家、開業,彙編節錄,108年彙編多數未保留正本、副本或署名欄；本筆已依下一封函或下一條文邊界切分。,"97.4.22.環署水字第0970029173 號函 
主旨：有關嘉義縣衛生局函詢護理之家業務是否涉及醫療行為及
是否屬水污染防治法指定之事業乙案，請 查照。 說明： 
一、依 貴署96 年12 月13 日函說明二，護理之家係由醫事人
員申請核准開業之機構，如實際具醫療行為且達事業管制
之適用條件，則屬水污染防治法中所列管之「醫院、醫事
機構」事業；如實際不具醫療行為，則非屬水污染防治法
所列管之事業。至於護理之家是否有執行醫療行為，仍宜
由貴署本於目的事業主管機關立場依事實認定。 
二、本署已參採貴署所提建議，並配合醫療法及其相關管制規
定，刻正修正「水污染防治法事業分類及定義」第 55 類
業別，將「醫院、醫事機構」定義修正為 (1)醫院或設置
洗腎治療床(台)之診所。(2)捐血機構、病理機構或醫事
檢驗所。適用條件增列洗腎治療床(台)20 床(台)以上。目
前正辦理法制作業程序中。)",https://drive.google.com/file/d/1IEo7JO0CoxnfXCeiRm87BLzYfexqwZH7/view?usp=drivesdk,,
interp-0599,護理機構分類設置標準解釋彙編,第 8 條,〔釋例類別〕 第 4 類 設施及設備,97.5.27,2008-05-27,衛署醫字第0970062109號,有關釋示護理之家機構是否定位於醫療機構及應否列入水,454,454,468,468,護理人員、護理機構、居家護理、產後護理、護理之家,彙編節錄,108年彙編多數未保留正本、副本或署名欄；本筆已依下一封函或下一條文邊界切分。,"97.5.27.衛署醫字第0970062109 號函 
主旨：有關釋示護理之家機構是否定位於醫療機構及應否列入水
污染防治之管制對象疑義一案。 
說明： 
一、按醫療法所稱醫療機構，係指供醫師執行醫療業務之機構
。復按護理人員法，護理機構係為減少醫療資源浪費，因
應連續性醫療照護之需求，並發揮護理人員執業功能之機
構。其種類係以居家護理機構、護理之家機構及產後護理
機構為限。爰護理之家係屬護理機構，非屬醫療機構。 
二、至有關護理之家機構應否列入水污染防治之管制對象一案
，前經行政院環境保護署於 97 年 4 月 22 日以環署水字第
0970029173 號函，就前開事項回復本署在案，茲檢附該署
前開來函供參。",https://drive.google.com/file/d/1IEo7JO0CoxnfXCeiRm87BLzYfexqwZH7/view?usp=drivesdk,,
interp-0600,護理機構分類設置標準解釋彙編,第 8 條,〔釋例類別〕 第 4 類 設施及設備,98.8.13,2009-08-13,衛署醫字第0980020450號,有關護理機構將清潔浴廁用之鹽酸，擺置於浴廁地面致機,454,455,468,469,護理人員、護理機構,參照摘要,彙編中此筆為短摘要或參照其他頁碼，非完整公文全文。,"98.8.13.衛署醫字第0980020450 號函 
主旨：有關護理機構將清潔浴廁用之鹽酸，擺置於浴廁地面致機
構內人員誤食一案。 說明：所詢旨揭事項，事屬機構內部管理事項，經查於護理人員
法與護理機構設置標準尚無特別規範。",https://drive.google.com/file/d/1IEo7JO0CoxnfXCeiRm87BLzYfexqwZH7/view?usp=drivesdk,,
interp-0601,護理機構分類設置標準解釋彙編,第 8 條,〔釋例類別〕 第 4 類 設施及設備,98.8.13,2009-08-13,衛署照字第0982860888號,護理機構設置標準規定護理之家應備之常備急救藥品疑義,455,455,469,469,護理機構、護理之家,彙編節錄,108年彙編多數未保留正本、副本或署名欄；本筆已依下一封函或下一條文邊界切分。,"98.8.13.衛署照字第0982860888 號函 
主旨：護理機構設置標準規定護理之家應備之常備急救藥品疑義
一案。 
說明：有關貴轄護理之家反應常備急救藥品品項Solu-cortef 因
廠商停產或缺貨等因素多不易取得乙案，對於常備急救藥
品之品項因廠商停產或缺貨等因素，欲以同類型、同作用
之藥品替代，基於考量病患緊急醫療之需求，並無不可，
惟應注意替代藥品之使用方法、用途、功效、數量等，且
其藥品相關業務之執行，應由轉介醫院配合督導管理。",https://drive.google.com/file/d/1IEo7JO0CoxnfXCeiRm87BLzYfexqwZH7/view?usp=drivesdk,,
interp-0602,護理機構分類設置標準解釋彙編,第 8 條,〔釋例類別〕 第 4 類 設施及設備,102.3.5,2013-03-05,衛署照字第1022860189號,有關「護理機構分類設置標準第八條附表」產後護理之家,455,455,469,469,護理機構、產後護理、護理之家,彙編節錄,108年彙編多數未保留正本、副本或署名欄；本筆已依下一封函或下一條文邊界切分。,"102.3.5 衛署照字第1022860189 號函 
主旨：有關「護理機構分類設置標準第八條附表」產後護理之家
嬰兒常備急救藥品項目，詳如說明段，請 查照。 
說明： 
一、復 貴局102 年1 月14 日南市衛醫字第1020006379號函。 
二、按產後護理之家嬰兒室應備之「常備急救藥品」項目應包
括 Epinephrine(Bosmin)10 支、Sodium Bicarbonate 5 支、
Solu-cortef 1 支、Dopamine premix 1 支、Normal saline或
Ringer’s lactate(500ml) 2 瓶、 10%G/W(500ml)1 瓶及
20%G/W(20ml)2 支，又相關業務之執行，應由轉介醫院配
合督導管理。",https://drive.google.com/file/d/1IEo7JO0CoxnfXCeiRm87BLzYfexqwZH7/view?usp=drivesdk,,
interp-0603,護理機構分類設置標準解釋彙編,第 8 條,〔釋例類別〕 第 4 類 設施及設備,102.3.21,2013-03-21,衛署照字第1022860762號,有關「護理機構分類設置標準第八條附表」產後護理之家,455,456,469,470,護理機構、產後護理、護理之家,彙編節錄,108年彙編多數未保留正本、副本或署名欄；本筆已依下一封函或下一條文邊界切分。,"102.3.21 衛署照字第1022860762 號函 
主旨：有關「護理機構分類設置標準第八條附表」產後護理之家
嬰兒常備急救藥品項目更正乙案，詳如說明段，請 查照。 
說明： 
一、本署 102 年 3 月 5 日衛署照字第 1022860189 號函計達。 
二、原產後護理之家嬰兒室應備之「常備急救藥品」項目，其",https://drive.google.com/file/d/1IEo7JO0CoxnfXCeiRm87BLzYfexqwZH7/view?usp=drivesdk,,
interp-0604,護理機構分類設置標準解釋彙編,第 8 條,〔釋例類別〕 第 4 類 設施及設備,102.5.20,2013-05-20,衛署照字第1022863290號,所詢一般護理之家於住房內裝置監視器，是否影響個人隱,456,456,470,470,護理人員、護理機構、護理之家,參照摘要,彙編中此筆為短摘要或參照其他頁碼，非完整公文全文。,"102.5.20.衛署照字第1022863290 號函 
主旨：所詢一般護理之家於住房內裝置監視器，是否影響個人隱
私或違反相關規定一案，請 查照。 
說明： 
一、復 貴局 102 年 4 月 10 日高市衛長字第 10233359200 號
函。 
二、按護理人員法第 28 條規定：「護理人員或護理機構及其
人員對於因業務而知悉或持有他人秘密，不得無故洩漏。
」，為確保住民隱私，如未徵得住民或其法定代理人之同
意，不得對其進行錄影、錄音、攝影或其他涉及侵害個人
隱私之行為，本署亦於 99 年 4 月 8 日衛署照字第
0992860917 號函釋在案。 
（註：本函釋說明二所敘本署99.4.8.衛署照字第0992860917 號函， 
請參閱 P.345）",https://drive.google.com/file/d/1IEo7JO0CoxnfXCeiRm87BLzYfexqwZH7/view?usp=drivesdk,,
interp-0605,護理機構分類設置標準解釋彙編,第 8 條,〔釋例類別〕 第 4 類 設施及設備,104.2.13,2015-02-13,衛部照字第1041560306號,所詢有關護理機構設置標準之衛浴設備設置疑義一案，復,456,457,470,471,護理機構,彙編節錄,108年彙編多數未保留正本、副本或署名欄；本筆已依下一封函或下一條文邊界切分。,"104.2.13 衛部照字第1041560306 號函 
主旨：所詢有關護理機構設置標準之衛浴設備設置疑義一案，復
請 查照。 
說明： 
一、復 貴局104 年2 月2 日高市衛長字第10430868900號函。 
二、查護理機構設置標準表之設置標準項目二、護理服務設施
(一)住房 2、 應設寢室並符合下列規定 ： …(7)每一寢室以
六床為限。爰此，依前所示，住房係護理機構服務設施之
一， 住房包含數個寢室之單位 ，寢室係指設有床位之房間。 
三、護理機構設置標準表之衛浴設備規定，「住房」應設衛生 
設備及淋浴設備，且每六人至少應有一套，故指機構內部
(包含寢室及活動室)設置之衛浴設備之總數達每六人至",https://drive.google.com/file/d/1IEo7JO0CoxnfXCeiRm87BLzYfexqwZH7/view?usp=drivesdk,,
interp-0606,護理機構分類設置標準解釋彙編,第 9 條,〔釋例類別〕 第 4 類 設施及設備,92.4.17,2003-04-17,衛署醫字第0920018473號,所詢有關醫院報備跨區，執行居家護理業務，其報備是否,457,457,471,471,護理機構、居家護理,彙編節錄,108年彙編多數未保留正本、副本或署名欄；本筆已依下一封函或下一條文邊界切分。,"92.4.17.衛署醫字第 0920018473 號書函 
主旨：所詢有關醫院報備跨區，執行居家護理業務，其報備是否
應有執行地點或報備至縣、市即可乙案，復請 查照。 
說明： 
一、復 貴局 92 年 3 月 18 日衛醫字第 13345 號函。 
二、依護理機構設置標準第9 條第 2 項規定，居家護理機構之
設置 ， 其設立計畫書內容所載之服務區域 ， 跨直轄市或縣(
市)行政區域者，應依本法第 12 條規定事先報准。依上開
規定跨直轄市或縣(市)行政區域之報准，依居家護理機構
之業務特性，係以報准跨行政區域即可。",https://drive.google.com/file/d/1IEo7JO0CoxnfXCeiRm87BLzYfexqwZH7/view?usp=drivesdk,,
interp-0607,護理機構分類設置標準解釋彙編,第 9 條,〔釋例類別〕 第 4 類 設施及設備,95.5.4,2006-05-04,衛署照字第0952800782號,有關居家護理所申請跨行政區域提供服務案，復請 查照,457,458,471,472,護理機構、居家護理,彙編節錄,108年彙編多數未保留正本、副本或署名欄；本筆已依下一封函或下一條文邊界切分。,"95.5.4.衛署照字第 0952800782 號書函 
主旨：有關居家護理所申請跨行政區域提供服務案，復請 查照
。 
說明： 一、復 貴局 95 年 3 月 22 日北衛醫字第 0950022425 號函。 
二、查醫師法第 8 條之 2 與醫療機構設置標準第 26 條第 3 項
有關支援報備之規定，係指醫師越區前往他醫療機構執行
業務；至居家護理所跨行政區域提供服務，係屬設立主體
服務區域業務範圍之擴充，與醫事人員跨區支援醫療業務
性質並不相同，先予敘明。 
三、居家護理所跨行政區域提供服務，應向擬服務區域之衛生
主管機關申請報准，而該衛生主管機關於受理擬至所轄區
域提供護理服務之居家護理機構申請報准時，應權衡該居
家護理機構提供之業務特性及便利性、服務品質、病人轉
介流程適當性、地方之需要性及服務對象之權益等因素，
再予核准。",https://drive.google.com/file/d/1IEo7JO0CoxnfXCeiRm87BLzYfexqwZH7/view?usp=drivesdk,,
interp-0608,護理機構分類設置標準解釋彙編,第 9 條,〔釋例類別〕 第 4 類 設施及設備,96.6.25,2007-06-25,衛署醫字第0960026322號,所詢醫師支援居家護理所執行居家訪視醫療業務，是否得,458,458,472,472,護理機構、居家護理,彙編節錄,108年彙編多數未保留正本、副本或署名欄；本筆已依下一封函或下一條文邊界切分。,"96.6.25.衛署醫字第 0960026322 號書函 
主旨：所詢醫師支援居家護理所執行居家訪視醫療業務，是否得
於門診診療服務 3 個時 段以外時間行之等疑義一案， 
復請 查照。 
說明： 
一、復 貴會 96 年 6 月 13 日長照聯字第 0960026 號函。 
二、查醫師法第 8 條之 2 規定：「醫師執業，應在所在地主管
機關核准登記之醫療機構為之。但急救、醫療機構間之會
診、支援、應邀出診或經事先報准者，不在此限。」。 
三、是以，醫師支援居家護理所執行居家訪視醫療業務，並無
時段之限制，惟應依前開規定事先報經地方主管機關 
核准後，始得為之。至健保是否提供給付，應依健保有關
規定辦理。",https://drive.google.com/file/d/1IEo7JO0CoxnfXCeiRm87BLzYfexqwZH7/view?usp=drivesdk,,
interp-0609,護理機構分類設置標準解釋彙編,第 9 條,〔釋例類別〕 第 4 類 設施及設備,103.2.13,2014-02-13,衛部照字第1031560187號,所詢有關貴機構「特聘護理服務」業務應否支援報備一案,458,459,472,473,護理人員、護理機構、居家護理、執業登記,彙編節錄,108年彙編多數未保留正本、副本或署名欄；本筆已依下一封函或下一條文邊界切分。,"103.2.13 衛部照字第1031560187 號函 
主旨：所詢有關貴機構「特聘護理服務」業務應否支援報備一案
，復請 查照。 
說明： 一、復 貴機構102 年11 月25 日奬(特聘)字第102007號函。 
二、依據護理人員法第 12 條規定：「護理人員執業，應在所
在地主管機關核准登記之醫療機構、護理機構或其他經中
央主管機關認可之機構為之。但急救、執業機構間之支援
或經事先報准者，不在此限。」。次依護理機構分類設置
標準第 9 條規定：「居家護理機構之設置，其設立計畫書
內容，應載明下列事項：一、服務對象之條件。二、服務
區域。三、病人轉介流程。四、服務品質管制制度。五、
經費需求及來源。前項第二款服務區域，跨直轄市或縣 (
市)行政區域提供服務者，應事先經各該直轄市或縣 (市)
主管機關核准。」。 
三、對於居家護理所之服務方式，係以執業登記於該機構之護
理人員及提供外展服務為主，機構設置之計畫書亦包含服
務區域，如需跨區域需事先支援報備且經核准後始得為之
，故居家護理機構之護理人員，若係提供派駐醫院，執行
病房之護理工作，仍應依報備規定辦理。本案請依前揭原
則認定辦理。",https://drive.google.com/file/d/1IEo7JO0CoxnfXCeiRm87BLzYfexqwZH7/view?usp=drivesdk,,
interp-0610,護理機構分類設置標準解釋彙編,第 9 條,〔釋例類別〕 第 4 類 設施及設備,104.1.22,2015-01-22,衛部照字第1040100716號,有關老人日間照顧服務中心、幼兒園、托嬰中心聘僱之護,459,460,473,474,護理人員、護理機構、執業登記、執業執照,彙編節錄,108年彙編多數未保留正本、副本或署名欄；本筆已依下一封函或下一條文邊界切分。,"104.1.22 衛部照字第1040100716 號函 
主旨：有關老人日間照顧服務中心、幼兒園、托嬰中心聘僱之護
理人員能否辦理 執業登記及醫療機構護理人員到府安寧
及居家照顧，是否需要支援報備及如何報備疑義一案，復
如說明段，請查照。 
說明： 
一、復 貴局 104 年 1 月 8 日北市衛醫字第 10430633100 號函
。 
二、按護理人員法第8 條第 1 項規定「護理人員應向執業所在
地直轄市、縣(市)主管機關申請執業登記，領有執業執照
，始得執業。」暨同法第 12 條規定略以：「護理人員執
業，應在所在地主管機關核准登記之醫療機構、護理機構
或其他經中央主管機關認可之機構為之。…。」 ;所稱『",https://drive.google.com/file/d/1IEo7JO0CoxnfXCeiRm87BLzYfexqwZH7/view?usp=drivesdk,,
interp-0611,衛福部護助e起來法規解釋函,,衛福部護助e起來 / 法規解釋函 / 人員執業,115-02-12,2026-02-12,,有關醫事人員接受繼續教育時間納入工時及給予公假說明,,,,,護理師、護士、繼續教育,完整附件公文,官方網頁附件已抽出正式函文，尾端含正本、副本、頁碼或署名等公文結尾資訊。,"[附件PDF第 1 頁]
衛生福利部 函
地址:115204 臺北市南港區忠孝東路6段488號
聯絡人:李沅樺
聯絡電話: (02) 8590-6666 分機: 7391
傳真: (02) 8590-7088
電子郵件: mdlyh@mohw.gov.tw
受文者:本部護理及健康照護司
發文日期:中華民國115年2月9日
發文字號:衛部醫字第1151661216號
速別:普通件
密等及解密條件或保密期限:
附件:勞動條3字第1140085979號函
主旨:有關醫事人員接受繼續教育時間納入工時及給予公假等情,
請查照。
說明:
一、依勞動部114年10月22日勞動條3字第1140085979號函(如附
件),勞動基準法所稱工作時間,指勞工於雇主指揮監督
下,於雇主之設施內或指定場所,提供勞務及受令等待提供
勞務之時間;爰事業單位要求勞工參加與業務有關之在職訓
練,其訓練時間應計入工作時間。
二、參考上開函示意旨,醫事人員依法應完成繼續教育積分所需
受訓時間,屬工作時間,並依勞工請假規則、公務人員請假
規則......等規定給予公假。個別醫事人員接受逾法定積分
數之繼續教育受訓時間,如符合上開勞動部函示所稱「業務
相關在職訓練」,亦請納入工作時間或給予公假。本部114
年12月26日衛部醫字第1141671119號函,應予補充。
檔 號:
保存年限:
第1頁 共2頁
■■■■■■■■■ 115.02.09
■■■■■■■■■ 115AG00249

[附件PDF第 2 頁]
三、副本抄送各地方衛生局,併請轉知轄內醫事機構。
正本:中華民國醫師公會全國聯合會、中華民國護理師護士公會全國聯合會、中華民國藥師
公會全國聯合會、中華民國聽力師公會全國聯合會、社團法人中華民國牙體技術師公
會全國聯合會、中華民國語言治療師公會全國聯合會、社團法人中華民國諮商心理師
公會全國聯合會、中華民國呼吸治療師公會全國聯合會、中華民國臨床心理師公會全
國聯合會、中華民國助產師助產士公會全國聯合會、中華民國營養師公會全國聯合
會、中華民國醫事放射師公會全國聯合會、社團法人中華民國醫事檢驗師公會全國聯
合會、社團法人中華民國職能治療師公會全國聯合會、社團法人中華民國物理治療師
公會全國聯合會、中華民國驗光師公會全國聯合會、中華民國牙醫師公會全國聯合
會、中華民國中醫師公會全國聯合會、中華民國藥劑生公會全國聯合會、中華民國醫
事檢驗生公會全國聯合會、中華民國物理治療生公會全國聯合會、中華民國驗光生公
會全國聯合會、台灣醫院協會、台灣醫學中心協會、中華民國區域醫院協會、台灣社
區醫院協會、中華民國診所協會全國聯合會、中華民國公立醫院協會、社團法人台灣
私立醫療院所協會
副本:地方政府衛生局、臺灣護理產業工會、本部護理及健康照護司、本部中醫藥司、本部
口腔健康司、本部心理健康司、本部附屬醫療及社會福利機構管理會(均含附件)
第2頁 共2頁

[附件PDF第 3 頁]
. 
. 
. 
. 
. 
. 
. 
. 
. 
. 
. 
. 
. 
. 
. 
. 
. 
. 
. 
. 
. 
. 
. 
. 
. 
. 
. 
. 
. 
. 
裝 
. 
. 
. 
. 
. 
. 
. 
. 
. 
. 
. 
. 
. 
. 
. 
. 
訂 
. 
. 
. 
. 
. 
. 
. 
. 
. 
. 
. 
. 
. 
. 
. 
. 
線 
. 
. 
. 
. 
. 
. 
. 
. 
. 
. 
. 
. 
. 
. 
. 
. 
. 
. 
. 
. 
. 
. 
. 
. 
. 
. 
. 
第 1 頁,共 1 頁
勞動部 函
地址:104472 台北市中山區松江路207號
承辦人:陳先生
電話:(02)8590-2731
受文者:衛生福利部
發文日期:中華民國114年10月22日
發文字號:勞動條3字第1140085979號
速別:普通件
密等及解密條件或保密期限:
附件:
主旨:有關護理人員參加在職訓練教育課程,應否計入工作時間
疑義案,復請查照。
說明:
一、復貴部114年10月15日衛部照字第1141561329號函(副
本)。
二、勞動基準法所稱工作時間,指勞工在雇主指揮監督之下,
於雇主之設施內或指定之場所,提供勞務及受令等待提供
勞務之時間。事業單位要求勞工參加與業務有關之在職訓
練課程,其訓練時間應計入工作時間。請轉知各醫療機構
依前開說明辦理。
正本:衛生福利部
副本:台灣護師醫療產業工會、勞動部勞動條件及就業平等司
檔 號:
保存年限:
■■■■■■■■■ 總收文 114.10.23
■■■■■■■■■ 1140146376",,https://nhplatform.mohw.gov.tw/dl-3700-9e8837b433964f0780f54fbc9183c6a2.html,https://nurse.mohw.gov.tw/lp-125-2.html
interp-0612,衛福部護助e起來法規解釋函,,衛福部護助e起來 / 法規解釋函 / 人員執業,114-12-18,2025-12-18,,專科護理師甄審考試日期如與國軍後備軍人教育召集期間重疊，考生得依「國軍後備軍人教育召集訓練期間請假規定」，完成請假手續後如期應試,,,,,護理師、專科護理師、麻醉,完整附件公文,官方網頁附件已抽出正式函文，尾端含正本、副本、頁碼或署名等公文結尾資訊。,"[附件PDF第 1 頁]
衛生福利部 函
地址:115204 臺北市南港區忠孝東路6段488號
聯絡人:趙小姐
聯絡電話: 02-85907121
傳真: 02-85907072
電子郵件: nhchungmei@mohw.gov.tw
受文者:如正、副本行文單位
發文日期:中華民國114年12月18日
發文字號:衛部照字第1141561541號
速別:普通件
密等及解密條件或保密期限:
附件:
主旨:轉知專科護理師甄審考試日期如與國軍後備軍人教育召集期
間重疊,考生得依「國軍後備軍人教育召集訓練期間請假規
定」,完成請假手續後如期應試,請查照。
說明:
一、依據國防部全民防衛動員署114年11月3日國全動管字第
1140305638號函辦理。
二、旨案係國防部全民防衛動員署依考選部相關規定,認專科醫
師、專科護理師及專科社工師甄審非屬「專門職業及技術人
員考試法」所列考試,未符「後備軍人及補充兵免除本次教
育勤務點閱召集認定標準」第9條第1項第3款第2目規範,無
法免召;惟有關甄審考試日期與其教育召集期間之重疊日,
得依「國軍後備軍人教育召集訓練期間請假規定」,完成請
假手續後如期應試。
抄本
檔 號:
保存年限:
第1頁 共2頁

[附件PDF第 2 頁]
正本:認定訓練醫院、國立臺灣大學、國立陽明交通大學、國立成功大學、國立臺北護理健
康大學、國立臺中科技大學、慈濟學校財團法人慈濟大學、弘光科技大學、長庚學校
財團法人長庚科技大學、國防醫學大學、馬偕學校財團法人馬偕醫學大學、國立中興
大學
副本:社團法人台灣專科護理師學會、台灣麻醉專科護理學會、社團法人台灣專科護理師教
師學會
第2頁 共2頁",,https://nhplatform.mohw.gov.tw/dl-3599-e90aa127ca954e639f5d9e01570b28da.html,https://nurse.mohw.gov.tw/lp-125-2.html
interp-0613,衛福部護助e起來法規解釋函,,衛福部護助e起來 / 法規解釋函 / 人員執業,114-08-21,2025-08-21,,勞動部說明勞動基準法第35條休息時間規定疑義,,,,,護理人員,完整附件公文,官方網頁附件已抽出正式函文，尾端含正本、副本、頁碼或署名等公文結尾資訊。,"[附件PDF第 1 頁]
. 
. 
. 
. 
. 
. 
. 
. 
. 
. 
. 
. 
. 
. 
. 
. 
. 
. 
. 
. 
. 
. 
. 
. 
. 
. 
. 
. 
. 
. 
裝 
. 
. 
. 
. 
. 
. 
. 
. 
. 
. 
. 
. 
. 
. 
. 
. 
訂 
. 
. 
. 
. 
. 
. 
. 
. 
. 
. 
. 
. 
. 
. 
. 
. 
線 
. 
. 
. 
. 
. 
. 
. 
. 
. 
. 
. 
. 
. 
. 
. 
. 
. 
. 
. 
. 
. 
. 
. 
. 
. 
. 
. 
第 1 頁,共 2 頁
勞動部 書函
地址:104472 台北市中山區松江路207號
承辦人:陳先生
電話:(02)8590-2731
受文者:衛生福利部
發文日期:中華民國114年4月14日
發文字號:勞動條3字第1140147895號
速別:普通件
密等及解密條件或保密期限:
附件:
主旨:所詢勞動基準法第35條休息時間規定疑義案,請查照。
說明:
一、復貴工會114年3月25日護師工會字第1140000006號函。
二、查勞動基準法(下稱本法)第35條規定:「勞工繼續工作四
小時,至少應有三十分鐘之休息。但實行輪班制或其工作
有連續性或緊急性者,雇主得在工作時間內,另行調配其
休息時間。」。護理人員如為因應病患照護需求,於繼續
工作4小時之際,無法給予連續30分鐘休息時,雇主得依該
條但書規定,於勞工工作時間內,另行調配休息時間,該
休息時間仍應至少一次給足30分鐘。惟於工作完成時,如
已逾原約定工作終止(下班)時間,且無繼續提供勞務之
必要,無庸另予休息時間。
三、復查本法所稱「工作時間」,係指勞工在雇主指揮監督之
下,於雇主之設施內或指定之場所,提供勞務或受令等待
提供勞務之時間;「休息時間」係指勞工得自雇主之指
揮、監督脫離,自由利用之時間。護理人員於休息時間,
如得依其個人意願自由選擇場所休息,縱未離開該工作場
檔 號:
保存年限:
9
■■■■■■■■■ 總收文 114.04.14
■■■■■■■■■ 1140115824

[附件PDF第 2 頁]
. 
. 
. 
. 
. 
. 
. 
. 
. 
. 
. 
. 
. 
. 
. 
. 
. 
. 
. 
. 
. 
. 
. 
. 
. 
. 
. 
. 
. 
. 
裝 
. 
. 
. 
. 
. 
. 
. 
. 
. 
. 
. 
. 
. 
. 
. 
. 
訂 
. 
. 
. 
. 
. 
. 
. 
. 
. 
. 
. 
. 
. 
. 
. 
. 
線 
. 
. 
. 
. 
. 
. 
. 
. 
. 
. 
. 
. 
. 
. 
. 
. 
. 
. 
. 
. 
. 
. 
. 
. 
. 
. 
. 
第 2 頁,共 2 頁
所,仍屬休息時間。又如雇主未予護理人員休息,仍要求
其於工作場所內待命或提供勞務,該時段仍屬工作時間,
應依法給付工資;其逾法定正常工時工作者,雇主應依本
法第24條規定給付延時工資。
四、所詢疑義,仍應依個案事實釐清確明。勞工如認事業單位
有違反勞動法令之情事,可敘明該事業單位名稱、地址及
違法事實,就近洽當地勞工行政主管機關【直轄市、縣
(市)政府勞工局(處)或社會局(處)】申訴或撥打本部
1955專線,將有專人進一步協處。
正本:台灣護師醫療產業工會
副本:衛生福利部、勞動部職業安全衛生署、勞動部勞動條件及就業平等司
37",,https://nhplatform.mohw.gov.tw/dl-3456-b7b1e218109844d2a8613c9c024ad3c5.html,https://nurse.mohw.gov.tw/lp-125-2.html
interp-0614,衛福部護助e起來法規解釋函,,衛福部護助e起來 / 法規解釋函 / 人員執業,114-08-08,2025-08-08,,聲明「乳房術後按摩」係屬醫療業務行為，醫療機構應善盡 督導責任，不得聘僱或容留未具醫事人員資格者擅自執行,,,,,,完整附件公文,官方網頁附件已抽出正式函文，尾端含正本、副本、頁碼或署名等公文結尾資訊。,"[附件PDF第 1 頁]
衛生福利部 函
地址:115204 臺北市南港區忠孝東路6段488號
聯絡人:賴專員
聯絡電話: (02)8590-6666 分機: 7383
傳真: (02)8590-7088
電子郵件:
受文者:本部護理及健康照護司
發文日期:中華民國114年8月1日
發文字號:衛部醫字第1141664202號
速別:普通件
密等及解密條件或保密期限:
附件:
主旨:聲明「乳房術後按摩」係屬醫療業務行為,醫療機構應善盡
督導責任,不得聘僱或容留未具醫事人員資格者擅自執行,
請查照並轉知所屬(轄)。
說明:
一、依據立法委員陳素月國會辦公室114年4月23日傳真函辦理。
二、按本部105年4月29日衛部照字第1050111425 號函略以,乳
癌義乳重建、隆乳、抽脂等整形相關乳房術後按摩,係為術
後併發症之預防,屬醫療行為範疇,應由醫師或在醫師指示
下由相關醫事人員依其各該專門職業法律所規定之業務於醫
療機構為之。
三、醫療機構聘僱或容留未具醫師以外之醫事人員資格者,執行
應由特定醫事人員執行之業務,依醫療法第103條第1項第3
款規定,處新臺幣5萬元以上25萬元以下罰鍰;而未具醫事
檔 號:
保存年限:
第1頁 共2頁
■■■■■■■■■ 114.08.01
■■■■■■■■■ 114AG01220

[附件PDF第 2 頁]
人員資格者擅自執行「乳房術後按摩」,最高依醫師法第28
條(密醫罪)處6個月以上5年以下有期徒刑,得併科新臺幣30
萬元以上150萬元以下罰金。
四、另,請地方政府衛生局加強督導所轄醫療機構,依法執行業
務。
正本:台灣醫院協會、中華民國診所協會全國聯合會、中華民國醫師公會全國聯合會、台灣
整形外科醫學會、台灣外科醫學會、地方政府衛生局
副本:本部護理及健康照護司
第2頁 共2頁",,https://nhplatform.mohw.gov.tw/dl-3448-b6a53d561a7f454b97d1cedce0eeeb76.html,https://nurse.mohw.gov.tw/lp-125-2.html
interp-0615,衛福部護助e起來法規解釋函,,衛福部護助e起來 / 法規解釋函 / 人員執業,113-06-17,2024-06-17,,護理人員於醫師指示下執行X光照相業務疑義,,,,,護理人員、醫療輔助、病歷、麻醉,完整附件公文,官方網頁附件已抽出正式函文，尾端含正本、副本、頁碼或署名等公文結尾資訊。,"[附件PDF第 1 頁]
衛生福利部 函
地址:115204 臺北市南港區忠孝東路6段488號
聯絡人:林杰穎
聯絡電話:(02)8590-7114
傳真:(02)8590-7072
電子郵件:nhtracy1915@mohw.gov.tw
受文者:如正、副本行文單位
發文日期:中華民國113年6月17日
發文字號:衛部照字第1131560812號
速別:普通件
密等及解密條件或保密期限:
附件:
主旨:有關貴會函詢護理人員於醫師指示下執行X光照相業務疑義
案,復如說明,請查照。
說明:
一、復貴會112年11月2日核輻字第1120016729號函。
二、依護理人員法第24條第1項及第2項規定:「護理人員之業務
如下:一、健康問題之護理評估。二、預防保健之護理措
施。三、護理指導及諮詢。四、醫療輔助行為。前項第四款
醫療輔助行為應在醫師之指示下行之。」。再依本部90年3
月12日衛署醫字第0900017655號公告,護理人員法第24條第
1項第4款所稱醫療輔助行為之範圍即包含輔助施行放射線檢
查、治療。
三、另查本部107年5月10日衛部醫字第 1071662536 號函,略
以:「......二、醫師法第28條所稱『醫療業務』行為,係指
以治療、矯正或預防人體疾病、傷害、殘缺為目的,所為之
抄本
檔 號:
保存年限:
第1頁 共3頁

[附件PDF第 2 頁]
診察、診斷及治療;或基於診察、診斷結果以治療為目的,
所為處方、用藥、施術或處置等行為全部或一部的總稱。
另,醫療工作之診斷、處方、手術、病歷記載、施行麻醉之
醫療行為,係屬醫療業務之核心,應由醫師親自執行,其餘
醫療業務得由相關醫事人員依其各該專門職業法律所規定之
業務,依醫囑執行之。三、查醫事放射師法第12條規定,醫
事放射師業務如下:(一)放射線診斷之一般攝影。(二)
核子醫學體外檢查。(三)放射線診斷之特殊攝影及造影。
(四)放射線治療。(五)核子醫學診斷之造影及體內分析
檢查。(六)核子醫學治療。(七)磁振及非游離輻射診斷
之造影。(八)其他經中央衛生主管機關認定之項目。......
第一項各款所稱之攝影及造影,包括其影像之獲取、處理及
品質管理。四、X 光攝影過程中之擺位放片係為連續性之行
為,與影像之獲取、處理及品質管理具有關聯性,且 X 光
攝影涉及疾病之診斷,自屬於醫療業務,應由醫師親自操作
或由醫事放射師依醫事放射師法所規定之業務,依醫囑操
作。......。」
四、綜上,護理人員工作仍應以護理專業業務為範疇,倘涉及醫
事放射師法第12條規定業務安排,仍應依該法辦理。
正本:核能安全委員會
副本:本部醫事司
第2頁 共3頁

[附件PDF第 3 頁]
第3頁 共3頁",,https://nhplatform.mohw.gov.tw/dl-3094-6d906a5fd35e408ca3a84ebfae211ac6.html,https://nurse.mohw.gov.tw/lp-125-2.html
interp-0616,衛福部護助e起來法規解釋函,,衛福部護助e起來 / 法規解釋函 / 人員執業,113-04-18,2024-04-18,,護理人員「抽取動脈血」之疑義,,,,,護理人員、護理師、醫療輔助、病歷、麻醉,完整附件公文,官方網頁附件已抽出正式函文，尾端含正本、副本、頁碼或署名等公文結尾資訊。,"[附件PDF第 1 頁]
衛生福利部 函
地址:115204 臺北市南港區忠孝東路6段488號
聯絡人:林杰穎
聯絡電話:(02)8590-7114
傳真:(02)8590-7072
電子郵件:nhtracy1915@mohw.gov.tw
受文者:如正、副本行文單位
發文日期:中華民國113年4月18日
發文字號:衛部照字第1130014333號
速別:普通件
密等及解密條件或保密期限:
附件:
主旨:有關貴會函詢「抽取動脈血」屬於何種執業範疇、是否為護
理業務並公告等案,復如說明,請查照。
說明:
一、復貴會113年4月12日臺護產工字第1130412001號函。
二、依據護理人員法第24條規定略以:「護理人員之業務如下:
一、健康問題之護理評估。二、預防保健之護理措施。三、
護理指導及諮詢。四、醫療輔助行為。前項第四款醫療輔助
行為應在醫師之指示下行之。...。」,所稱醫療輔助行為之
範圍,本部90年3月12日衛署醫字第0900017655號公告,包
含:輔助施行侵入性檢查及輔助施行侵入性治療、處置等。
再依本部98年11月30日衛署醫字第0980032955 號函釋,醫
療工作之診斷、處方、手術、病歷記載及施行麻醉等醫療行
為,係屬醫療業務之核心,應由醫師親自為之,其餘醫療輔
抄本
檔 號:
保存年限:
第1頁 共2頁

[附件PDF第 2 頁]
助行為得在醫師就特定病人診察後,由各該醫事人員本其專
門職業法規所規定之業務,依照醫囑執行之。
三、承上,針對動脈血抽取之行為,現行非屬醫師應親自執行之
醫療業務,倘醫院依臨床照護需求,透過教育訓練及技術評
核,指派相關醫事人員(如:護理師、醫事檢驗師)在醫師指
示下執行該項業務,尚無不可,惟醫院應負起醫療品質維護
之責。
四、本案相關資訊本部已放置護助e起來平台供瀏覽查詢。[查
詢路徑:護助e起來平台首頁
(https://nurse.mohw.gov.tw)/政策法規/法規解釋函
/人員執業]
正本:臺灣護理產業工會
副本:
第2頁 共2頁",,https://nhplatform.mohw.gov.tw/dl-3061-992e4155b83c45a685ce4b2c32915457.html,https://nurse.mohw.gov.tw/lp-125-2.html
interp-0617,衛福部護助e起來法規解釋函,,衛福部護助e起來 / 法規解釋函 / 人員執業,113-02-21,2024-02-21,,醫療機構對於醫事人員接受在職教育之費用及差勤管理,,,,,口腔,完整附件公文,官方網頁附件已抽出正式函文，尾端含正本、副本、頁碼或署名等公文結尾資訊。,"[附件PDF第 1 頁]
衛生福利部 函
地址:115204 臺北市南港區忠孝東路6段488號
聯絡人:葉珍衣
聯絡電話:(02)8590-7423 分機:7423
傳真:(02)8590-7087
電子郵件:md11@mohw.gov.tw
受文者:本部護理及健康照護司
發文日期:中華民國113年2月20日
發文字號:衛部醫字第1131661284號
速別:速件
密等及解密條件或保密期限:
附件:
主旨:為提供醫事人員友善之在職教育環境,有關醫療機構對於醫
事人員接受在職教育之費用及差勤管理,詳如說明段,請查
照並轉知所屬醫療機構。
說明:
一、依據112年11月22日本部召開醫療工會意見交流會議之台灣
護師醫療產業工會建議辦理。
二、醫事人員若具公務人員身分,則依公務人員請假規則第4條
第6款規定:「公務人員有下列各款情事之一者,給予公
假。其期間由機關視實際需要定之:...六、奉派或奉准參加
與其職務有關之訓練進修,其期間在一年以內者。但公務人
員訓練進修法規另有規定者,從其規定。」,及依公務人員
訓練進修法第7條第1項與第12條第1項規定略以,公務人員
各種訓練之請假、津貼支給標準,應依各該訓練辦法或計畫
規定辦理;各機關學校選送或自行申請進修之核定與補助,
檔 號:
保存年限:
第1頁 共2頁
■■■■■■■■■ 113.02.20
■■■■■■■■■ 113AG00295

[附件PDF第 2 頁]
依全時進修、公餘或部分辦公時間進修之公務人員,於核定
進修期間,准予帶職帶薪或給予相關補助,或一定條件下,
得給予部分費用補助。至於未具公務人員身分之醫事人員,
可由醫療機構自行審酌參考前揭規定辦理。
正本:地方政府衛生局
副本:勞動部、本部護理及健康照護司、本部人事處、本部中醫藥司、本部口腔健康司、本
部心理健康司、本部綜合規劃司
第2頁 共2頁",,https://nhplatform.mohw.gov.tw/dl-3029-d09dcbcb19644e28a68b24f5bf598148.html,https://nurse.mohw.gov.tw/lp-125-2.html
interp-0618,衛福部護助e起來法規解釋函,,衛福部護助e起來 / 法規解釋函 / 人員執業,112-12-19,2023-12-19,,醫療機構如有調動護理師工作之必要時，應依勞動基準法第10條之1規定辦理,,,,,護理人員、護理師,完整附件公文,官方網頁附件已抽出正式函文，尾端含正本、副本、頁碼或署名等公文結尾資訊。,"附件:醫療機構如有調動護理師工作之必要時,應依勞動基準法第10條之1規定辦理.pdf
[附件PDF第 1 頁]
衛生福利部 函
地址:115204 臺北市南港區忠孝東路6段488號
聯絡人:林杰穎
聯絡電話:(02)8590-7114
傳真:(02)8590-7072
電子郵件:nhtracy1915@mohw.gov.tw
受文者:如正、副本行文單位
發文日期:中華民國112年12月19日
發文字號:衛部照字第1121562065號
速別:普通件
密等及解密條件或保密期限:
附件:
主旨:轉知勞動部函,醫療機構如有調動護理師工作之必要時,應
依勞動基準法第10條之1規定辦理,請貴局函知轄下醫療機
構,以維護護理人員職場權益,請查照。
說明:
一、依據勞動部112年12月6日勞動關2字第1120145974號函辦
理。
二、勞動基準法第10條之1已就雇主調動勞工工作應遵循事項予
以明文規範,除不得違反勞動契約之約定外,並應就下列所
示原則綜合考量,而不得有權利濫用之情事:
(一)須基於企業經營上所必需,且不得有不當動機及目的:即
雇主調動之目的應具備正當性,不得藉此惡意逼迫勞工離
職或規避相關法律義務等。
(二)對勞工之工資及其他勞動條件,未作不利之變更:即雇主
抄本
檔 號:
保存年限:
第1頁 共3頁

[附件PDF第 2 頁]
提供調動後工作之工資及其他勞動條件,相較於原約定內
容不可有不利益之變更,例如被調動之勞工雖因部門間工
作性質、職務內容不同,而有部分獎金、津貼有所差異,
雇主仍須考量勞工過去工作資歷,提供相應職級之工資待
遇,避免前後工資有太大差距。
(三)調動後工作為勞工體能及技術可勝任:即雇主調動勞工工
作時,應先評估調動後工作所需體能負荷及技術類別,是
否為該勞工目前能力範圍所能勝任,若該勞工之體能或技
術確實有所不足,雇主於調動前應提供相關輔助措施或教
育訓練,使其得以勝任調動後之工作。
(四)調動工作地點過遠應予以必要之協助:即勞工調動後若因
工作地點變更,而有增加相當之通勤時間、距離及支付相
應通勤費用等情形,雇主須審酌個別勞工需要提供必要之
協助,例如發給交通費用相關補貼、住宿費用或安排交通
車等。
(五)須考量勞工及其家庭之生活利益等原則:即雇主調動勞工
工作時,尚須考量對其家庭生活所造成之影響程度,是否
已逾越一般社會通念,而非謂提供必要協助即可調動工
作。
三、醫療機構於調動護理人員時,因各科室運用專業醫療儀器設
備或有不同,所需具備專業技術亦可能不同,如需使護理人
第2頁 共3頁

[附件PDF第 3 頁]
員跨科調動,應先評估其有無具備該科室所需具備之知識、
技術,倘若該員無從事該科室之相關經驗及技術,應先提供
相關培訓,以避免發生勞資爭議及未來因而產生醫療糾紛。
四、另倘有護理人員與醫療機構因調動工作發生勞資爭議,得依
勞資爭議處理法第9條規定,向勞務提供地之地方政府提出
調解申請,以保障其權益,亦得依勞動事件法規定向雇主提
起確認調動無效或回復原職之訴,並得依該法第50條規定向
法院聲請保全程序,由法官裁定雇主應依原工作或兩造所同
意工作內容繼續僱用之定暫時狀態處分。
正本:基隆市衛生局、臺北市政府衛生局、新北市政府衛生局、桃園市政府衛生局、新竹縣
政府衛生局、新竹市衛生局、苗栗縣政府衛生局、臺中市政府衛生局、彰化縣衛生
局、南投縣政府衛生局、雲林縣衛生局、嘉義縣衛生局、嘉義市政府衛生局、臺南市
政府衛生局、高雄市政府衛生局、屏東縣政府衛生局、宜蘭縣政府衛生局、花蓮縣衛
生局、臺東縣衛生局、連江縣衛生福利局、金門縣衛生局、澎湖縣政府衛生局
副本:
第3頁 共3頁",,https://nurse.mohw.gov.tw/cp-125-1947-5fe4b-2.html,https://nurse.mohw.gov.tw/lp-125-2.html
interp-0619,衛福部護助e起來法規解釋函,,衛福部護助e起來 / 法規解釋函 / 人員執業,112-12-14,2023-12-14,,醫事人員育嬰假超過1年以上應辦理歇業所需證明文件函示,,,,,執業執照、歇業、口腔,完整附件公文,官方網頁附件已抽出正式函文，尾端含正本、副本、頁碼或署名等公文結尾資訊。,"附件:醫事人員育嬰假超過1年以上應辦理歇業所需證明文件函示.pdf
[附件PDF第 1 頁]
衛生福利部 函
地址:115204 臺北市南港區忠孝東路6段488號
聯絡人:楊雅淳
聯絡電話:(02)8590-7389
傳真:(02)8590-7088
電子郵件:mdangel@mohw.gov.tw
受文者:本部護理及健康照護司
發文日期:中華民國112年12月8日
發文字號:衛部醫字第1121668892號
速別:普通件
密等及解密條件或保密期限:
附件:如說明二
主旨:有關醫事人員育嬰假超過1年以上應辦理歇業所需證明文件
疑義一案,詳如說明,請查照。
說明:
一、依立法委員王婉諭國會辦公室112年10月27日諭字第
1120000208號函辦理。
二、按受僱之醫事人員,依性別平等工作法第16條第1項規定
「受僱者任職滿6個月後,於每一子女滿3歲前,得申請育嬰
留職停薪,期間至該子女滿3歲止,但不得逾2年。同時撫育
子女2人以上者,其育嬰留職停薪期間應合併計算,最長以
最幼子女受撫育2年為限。」申請育嬰留職停薪期間逾1年
者,仍應依各該醫事人員專門職業法律辦理歇業,前經本部
(前身為行政院衛生署)102年3月4日衛署醫字第1020201143
號函釋在案(詳如附件)。
檔 號:
保存年限:
第1頁 共2頁
■■■■■■■■■ 112.12.08
■■■■■■■■■ 112AG02347

[附件PDF第 2 頁]
三、考量育嬰留職停薪,屬法律明文規定得申請之社會福利措
施,非屬實際離職,自應與員工離職而申請歇業不同,爰以
育嬰留職停薪申請歇業者,僅需填具申請書,檢附執業執照
及雇主同意留職停薪文件,無須檢附離職證明;各衛生局不
得有要求出具雇主離職證明,始受理申請之情事。
正本:地方政府衛生局
副本:立法委員王婉諭國會辦公室、本部國會聯絡組、本部中醫藥司、本部心理健康司、本
部口腔健康司、本部護理及健康照護司(均含附件)
第2頁 共2頁",,https://nurse.mohw.gov.tw/cp-125-1941-ff9f4-2.html,https://nurse.mohw.gov.tw/lp-125-2.html
interp-0620,衛福部護助e起來法規解釋函,,衛福部護助e起來 / 法規解釋函 / 人員執業,112-07-03,2023-07-03,,訂定「護理人員法第十二條所定其他經中央主管機關認可之機構」,,,,,護理人員、公共衛生,官方網頁文字,官方網頁未提供可抽文字的完整附件，保留網頁主內容或掃描附件摘要。,"資料發布日期:112-07-03

最後更新日期:113-11-18

依據:護理人員法第十二條。 
公告事項: 
一、依相關法令規定應或得配置護理人員執業之機關、機構或場所。 
二、衛生行政機關:中央或地方衛生行政機關。 
三、辦理護理相關教育及研究之學校、機構。 
四、試驗機構委託之管理機構(Site Management Organization,SMO):受試驗機構委託,為試驗機構執行政府機關核准之人體試驗計畫或臨床試驗計畫所需,提供試驗機構執行計畫之人員派駐、訓練及計畫管理服務之受託機構。 
五、法人、團體: 
(一)設立宗旨或任務與醫療照護或勞工健康服務相關,並受政府委託或補(捐)助辦理醫療照護、研究調查、公共衛生、勞工健康服務或其他相關任務之法人或團體。 
(二)符合「職業安全衛生顧問服務機構與其顧問服務人員之認可及管理規則」,並經勞動部認可之提供事業單位職業安全衛生相關技術性或專業性服務之法人或團體。",,https://nurse.mohw.gov.tw/cp-125-2194-2090d-2.html,https://nurse.mohw.gov.tw/lp-125-2.html
interp-0621,衛福部護助e起來法規解釋函,,衛福部護助e起來 / 法規解釋函 / 人員執業,111-06-08,2022-06-08,,護理人員連續歇業2年後復業時，其執業執照有效期間起算疑義,,,,,護理人員、執業登記、執業執照、繼續教育、停業、歇業,完整附件公文,官方網頁附件已抽出正式函文，尾端含正本、副本、頁碼或署名等公文結尾資訊。,"[附件PDF第 1 頁]
衛生福利部 函
地址:115204 台北市南港區忠孝東路6段488號
聯絡人:王心怡
聯絡電話:(02)8590-7126
傳真:(02)8590-7072
電子郵件:nhhsinyin88@mohw.gov.tw
受文者:本部護理及健康照護司
發文日期:中華民國111年6月6日
發文字號:衛部照字第1111560546號
速別:普通件
密等及解密條件或保密期限:
附件:
主旨:所詢護理人員連續歇業2年後復業時,其執業執照有效期間
起算疑義案,復如說明,請查照。
說明:
一、復貴局111年3月8日屏衛醫字第11130713800號函。
二、依護理人員法第8條規定略以:「護理人員應向執業所在地
直轄市、縣(市)主管機關申請執業登記,領有執業執照,
始得執業。」同法第11條規定略以:「護理人員停業或歇業
時,應自事實發生之日起30日內,報請原發執業執照機關備
查。」
三、次依醫事人員執業登記及繼續教育辦法(下稱本辦法)規
定,醫事人員連續歇業逾2年,重新申請執業登記且登記日
期未逾原發執業執照所載應更新日期者,其執業執照之應更
新日期說明如下:
檔 號:
保存年限:
第1頁 共2頁
■■■■■■■■■ 111.06.06
■■■■■■■■■ 111AG00874

[附件PDF第 2 頁]
(一)依本辦法第5條第3款規定申請者,得免檢附依完成第13條
第1項各款繼續教育之證明文件,並依同辦法第8條第4項
前段規定,以原發執業執照所載應更新日期為新發執業執
照更新日期。
(二)依本辦法第6條第1項第3款規定申請者,得檢具申請執業
登記前1年內接受第13條第1項各款繼續教育課程總積分達
6分之1以上之證明文件,並依同辦法第8條第4項後段規
定,其執業執照之更新日期為自執業登記屆滿第6年之翌
日。
四、請貴局依前揭原則及上開規定,依個案事實認定,惟如選擇
說明三(二)方式辦理執業登記者,因已涉原執業執照效期
廢止,應向當事人說明並經同意,始得為之。
正本:屏東縣政府衛生局
副本:地方政府衛生局(屏東縣政府衛生局除外)、本部醫事司、本部護理及健康照護司、本
部心理健康司、本部口腔健康司
第2頁 共2頁",,https://nhplatform.mohw.gov.tw/dl-2288-1ae567fc3fc34d05907e12a0f42950f2.html,https://nurse.mohw.gov.tw/lp-125-2.html
interp-0622,衛福部護助e起來法規解釋函,,衛福部護助e起來 / 法規解釋函 / 人員執業,111-04-22,2022-04-22,,COVID-19疫情期間徵召退休或歇業護理人員之執登疑義處理原則,,,,,護理人員、護理機構、執業登記、繼續教育、歇業、公共衛生,完整附件公文,官方網頁附件已抽出正式函文，尾端含正本、副本、頁碼或署名等公文結尾資訊。,"附件:衛生福利部111年4月21日衛部照字第1110115637號函.pdf
[附件PDF第 1 頁]
衛生福利部 函
地址:115204 台北市南港區忠孝東路6段488號
聯絡人:蔡明翰
聯絡電話:(02)8590-7136
傳真:(02)8590-7072
電子郵件:nhmh@mohw.gov.tw
受文者:如正、副本行文單位
發文日期:中華民國111年4月21日
發文字號:衛部照字第1110115637號
速別:普通件
密等及解密條件或保密期限:
附件:
主旨:所詢貴局徵召退休或歇業護理人員於COVID-19疫情期間執行
防疫業務之執業登記相關疑義,復如說明,請查照。
說明:
一、復貴局111年4月18日新北衛醫字第1110719764號函。
二、有關地方政府為因應嚴重特殊傳染性肺炎(COVID-19)疫情
建置護理機構備援人力,其中包含退休或歇業護理人員,其
執業登記相關疑義,業經本部109年4月7日衛部照字第
1091560473號函說明處理原則在案(諒達)。又嚴重特殊傳
染性肺炎中央流行疫情指揮中心自109年2月27日提升至一級
開設,尚未解除,爰同一原因事由仍得參照同一處理原則。
三、有關來函所述貴局徵召護理人員執行醫療照護、採檢、疫
調、救護送醫、衛教及社區公共衛生等工作,其中貴局指派
之疫調、衛教及部分社區公共衛生等工作項目,如未涉及護
抄本
檔 號:
保存年限:
第1頁 共2頁

[附件PDF第 2 頁]
理人員業務範圍,無執行護理人員業務事實者,尚無須辦理
執業登記。
四、若因應COVID-19疫情,專案徵召已退休或歇業之護理人員,
指派從事醫療照護、採檢或其他涉及護理人員業務範圍工
作,得參考本部109年4月7日衛部照字第1091560473號函所
示原則辦理,以貴局指定之工作地點、期間及業務內容為
限,惟仍請貴局輔以適切之感染管制及相關主題教育訓練,
以利防疫工作推行並達醫事人員繼續教育之目的。是以針對
此類人員,請應妥為管理並確實指導其工作所需事項,由貴
局專案認定並善盡管理之責。
五、副本抄送各地方政府衛生局,如有相同情形,請參照前述原
則辦理。
正本:新北市政府衛生局
副本:地方政府衛生局(新北市政府衛生局除外)、本部醫事司、本部心理及口腔健康司、本
部護理及健康照護司
第2頁 共2頁

附件:衛生福利部109年4月7日衛部照字第1091560473號函.pdf
[附件PDF第 1 頁]
衛生福利部 函
地址:11558 台北市南港區忠孝東路6段488
號
聯絡人:蔡明翰
聯絡電話:(02)8590-7136
傳真:(02)8590-7072
電子郵件:nhmh@mohw.gov.tw
受文者:
發文日期:中華民國109年4月7日
發文字號:衛部照字第1091560473號
速別:普通件
密等及解密條件或保密期限:
附件:附件1(109年3月12日衛部照字第1091560360號函)、附件2(104年7月2日衛部醫字
第1041665122號函)
主旨:所詢貴局為因應嚴重特殊傳染性肺炎疫情建置護理機構備援
人力,其中包含退休或歇業護理人員,其執業登記相關疑義
一案,復如說明,請查照。
說明:
一、復貴局109年3月13日北市衛長字第1093007362號函。
二、基於因應旨揭疫情需要,貴局建置護理機構備援人力,有關
護理人員其執業登記疑義之處理原則如下:
(一)現職人員,依護理人員法第8條、第12條、第13條辦理執
業登記或報備支援。又109年需更新執業執照之護理人
員,如因期限內無法取得足夠繼續教育積分辦理執業執照
更新,得依護理人員法第8條第2項及本部109年3月12日衛
部照字第1091560360號函(如附件1),延期更新6個月。
(二)無執業登記狀態之護理人員,得援引104年八仙樂園粉塵
暴燃事件之專案處理模式(如附件2),即:
1、由需要短期挹注護理人力之護理機構,將該等未辦理執
業登記之護理人員造冊後送交貴局備查(或由貴局統一
造冊),免依醫事人員執業登記及繼續教育辦法第4條
辦理,並免受執業應加入公會之限制,惟本案此類人員
前往護理機構執行護理業務之期間以兩個月為限。
2、造冊內容應至少包括姓名、身分證字號、護理人員類別
(護理師或護士)、執業期間。
3、貴局造冊及備查過程中,應確認該人員是否確實領有護
理人員證書。
抄本
檔 號:
保存年限:
第1頁 共2頁

[附件PDF第 2 頁]
4、本案需要短期挹注護理人力之護理機構名單,以貴局指
定之機構為限。
三、貴局為因應旨揭疫情而建置之護理機構備援人力,如為貴局
所徵召,貴局得輔以適切之感染管制或相關主題教育訓練,
以利防疫工作推行並達醫事人員繼續教育之目的。又於備援
階段無執業事實者,尚無須辦理執業登記或報備支援。
四、副本抄送各地方政府衛生局,貴局如有建置護理機構備援護
理人力,請參照上述說明二及說明三辦理。
正本:臺北市政府衛生局
副本:地方政府衛生局(臺北市政府衛生局除外)、本部醫事司、本部心理及口腔健康司(均
含附件)
第2頁 共2頁",,https://nurse.mohw.gov.tw/cp-172-1281-ab756-2.html,https://nurse.mohw.gov.tw/lp-125-2.html
interp-0623,衛福部護助e起來法規解釋函,,衛福部護助e起來 / 法規解釋函 / 人員執業,110-05-31,2021-05-31,,執行COVID-19採檢人員資格說明_110年5月29日,,,,,負責人,完整附件公文,官方網頁附件已抽出正式函文，尾端含正本、副本、頁碼或署名等公文結尾資訊。,"[附件PDF第 1 頁]
. 
. 
. 
. 
. 
. 
. 
. 
. 
. 
. 
. 
. 
. 
. 
. 
. 
. 
. 
. 
. 
. 
. 
. 
. 
. 
. 
. 
. 
. 
裝 
. 
. 
. 
. 
. 
. 
. 
. 
. 
. 
. 
. 
. 
. 
. 
. 
訂 
. 
. 
. 
. 
. 
. 
. 
. 
. 
. 
. 
. 
. 
. 
. 
. 
線 
. 
. 
. 
. 
. 
. 
. 
. 
. 
. 
. 
. 
. 
. 
. 
. 
. 
. 
. 
. 
. 
. 
. 
. 
. 
. 
. 
第 1 頁,共 2 頁
嚴重特殊傳染性肺炎中央流行疫情指揮中心 函
地址:10050台北市中正區林森南路6號
聯絡人:沈昱均
聯絡電話:23959825#3860
電子信箱:sie635@cdc.gov.tw
受文者:衛生福利部護理及健康照護司
發文日期:中華民國110年5月29日
發文字號:肺中指字第1103800239號
速別:普通件
密等及解密條件或保密期限:
附件:
主旨:有關執行COVID-19採檢人員資格案,詳如說明段,請查
照。
說明:
一、依據傳染病防治法第46條第1項第1款:「傳染病檢體,由
醫師採檢為原則;接觸者檢體,由醫師或其他醫事人員採
檢;環境等檢體,由醫事人員或經採檢相關訓練之人員採
檢。採檢之實施,醫事機構負責人應負督導之責;病人及
有關人員不得拒絕、規避或妨礙」。
二、爰此,嚴重特殊傳染性肺炎確定病例之檢體,應由醫師採
檢為原則;疑似病例或社區監測通報採檢病例之咽喉或鼻
咽拭子等接觸者檢體,不限由醫師採檢,得由醫師或其他
醫事人員採檢。
正本:地方政府衛生局
副本:衛生福利部醫事司、衛生福利部護理及健康照護司、中華民國醫師公會全國聯合
會、各縣市醫師公會(中華民國醫師公會全國聯合會除外)、台灣感染症醫學會、
社團法人台灣感染管制學會、社團法人台灣兒童感染症醫學會、社團法人台灣急
診醫學會、台灣內科醫學會、臺灣兒科醫學會、臺灣家庭醫學醫學會、台灣醫院
協會、台灣醫學中心協會、中華民國基層醫療協會、中華民國牙醫師公會全國聯
檔 號:
保存年限:
2
■■■■■■■■■ 110.05.31
■■■■■■■■■ 1101540281

[附件PDF第 2 頁]
. 
. 
. 
. 
. 
. 
. 
. 
. 
. 
. 
. 
. 
. 
. 
. 
. 
. 
. 
. 
. 
. 
. 
. 
. 
. 
. 
. 
. 
. 
裝 
. 
. 
. 
. 
. 
. 
. 
. 
. 
. 
. 
. 
. 
. 
. 
. 
訂 
. 
. 
. 
. 
. 
. 
. 
. 
. 
. 
. 
. 
. 
. 
. 
. 
線 
. 
. 
. 
. 
. 
. 
. 
. 
. 
. 
. 
. 
. 
. 
. 
. 
. 
. 
. 
. 
. 
. 
. 
. 
. 
. 
. 
第 2 頁,共 2 頁
合會、中華民國中醫師公會全國聯合會、台灣耳鼻喉頭頸外科醫學會、中華民國
護理師護士公會全國聯合會、台灣護理學會、台灣社區醫院協會、中華民國區域
醫院協會
76",,https://nhplatform.mohw.gov.tw/dl-1693-d5a075add17a4bc1a0dab8e4ff078873.html,https://nurse.mohw.gov.tw/lp-125-2.html
interp-0624,衛福部護助e起來法規解釋函,,衛福部護助e起來 / 法規解釋函 / 人員執業,109-08-31,2020-08-31,,非醫事人員執行「鼻腔內分泌物之清潔、抽吸或移除」、「腸造口、胃造口、腹膜透析導管、人工血管、傷口引流管及傷口照護」等行為之適法性,,,,,照顧服務員、傷口、口腔,完整附件公文,官方網頁附件已抽出正式函文，尾端含正本、副本、頁碼或署名等公文結尾資訊。,"[附件PDF第 1 頁]
衛生福利部 函
地址:115204 台北市南港區忠孝東路6段488
號
聯絡人:廖淑鈴
聯絡電話:(02)8590-7381
傳真:(02)8590-7088
電子郵件:mdshwuling@mohw.gov.tw
受文者:本部護理及健康照護司
發文日期:中華民國109年8月25日
發文字號:衛部醫字第1091665312號
速別:普通件
密等及解密條件或保密期限:
附件:
主旨:有關非醫事人員執行「鼻腔內分泌物之清潔、抽吸或移除」
「腸造口、胃造口、腹膜透析導管、人工血管、傷口引流管
及傷口照護」等行為之適法性,詳如說明段,請查照。
說明:
一、依據本部109年7月28日「重症兒童之居家照顧服務員執行鼻
腔、造口及傷口照護適法性」研商會議紀錄辦理。
二、按口腔內(懸壅垂之前)或人工氣道管內分泌物之清潔、抽吸
或移除,未涉及醫療專業判斷,僅係個案身體照顧服務,非
屬醫療業務之行為,得由非醫事人員執行,業經本部106年8
月23日衛部醫字第1061665751號函釋在案。前開函釋是否可
擴大適用於鼻腔內分泌物之清潔、抽吸或移除之疑義,說明
如下:
(一)考量鼻黏膜較口腔脆弱,易因操作不當而出血,且鼻腔之
解剖結構及目視所及範圍有限,爰不宜比照口腔內分泌物
之清潔、抽吸或移除,得由非醫事人員執行;惟若使用手
動吸鼻器或棉棒執行鼻腔分泌物之清潔、抽吸或移除,符
合該類病人身體照顧之需要,則非屬醫療業務行為,得由
非醫事人員執行。
(二)涉及機械式自動抽吸器之操作者,因風險較高,仍應由醫
事人員執行。
三、另「腸造口、胃造口、腹膜透析導管、人工血管、傷口引流
檔 號:
保存年限:
第1頁 共2頁
■■■■■■■■■ 109.08.25
■■■■■■■■■ 109AG01270

[附件PDF第 2 頁]
管及傷口照護」等行為,係屬醫療行為,應由醫師親自執
行,或由相關醫事人員依其各該專門職業法律所規定之業
務,依醫囑執行之。惟為因應居家重症病人、身心障礙者或
獨居民眾等之照顧需求,居家照顧服務員等非醫事人員於提
供居家服務時,應家屬或病人之要求,協助其執行上開行
為,尚無不可。
正本:地方政府衛生局、中華民國醫師公會全國聯合會、台灣耳鼻喉科醫學會、中華民國護
理師護士公會全國聯合會、台灣長照護理學會、社團法人台灣護理學會、台灣呼吸治
療學會、台灣外科醫學會、台灣腎臟醫學會、社團法人台灣居家服務策略聯盟、本部
護理及健康照護司、本部長期照顧司、衛生福利社會及家庭署、本部法規會、台大兒
童醫院呂立醫師
副本:立法委員吳玉琴國會辦公室
第2頁 共2頁",,https://nhplatform.mohw.gov.tw/dl-1356-88e8d7085e184f5da9ab9bb577d9379e.html,https://nurse.mohw.gov.tw/lp-125-2.html
interp-0625,衛福部護助e起來法規解釋函,,衛福部護助e起來 / 法規解釋函 / 人員執業,109-04-30,2020-04-30,,專科護理師是否可執行COVID-19(武漢肺炎)相關咽喉拭子採檢作業說明,,,,,護理師、專科護理師、負責人,完整附件公文,官方網頁附件已抽出正式函文，尾端含正本、副本、頁碼或署名等公文結尾資訊。,"[附件PDF第 1 頁]
. 
. 
. 
. 
. 
. 
. 
. 
. 
. 
. 
. 
. 
. 
. 
. 
. 
. 
. 
. 
. 
. 
. 
. 
. 
. 
. 
. 
. 
. 
裝 
. 
. 
. 
. 
. 
. 
. 
. 
. 
. 
. 
. 
. 
. 
. 
. 
訂 
. 
. 
. 
. 
. 
. 
. 
. 
. 
. 
. 
. 
. 
. 
. 
. 
線 
. 
. 
. 
. 
. 
. 
. 
. 
. 
. 
. 
. 
. 
. 
. 
. 
. 
. 
. 
. 
. 
. 
. 
. 
. 
. 
. 
第 1 頁,共 1 頁
衛生福利部疾病管制署 函
地址:10050台北市中正區林森南路6號
聯絡人:廖啓軒
聯絡電話:23959825#3063
電子信箱:happytommy@cdc.gov.tw
受文者:衛生福利部護理及健康照護司
發文日期:中華民國109年4月24日
發文字號:疾管感字第1090051733號
速別:普通件
密等及解密條件或保密期限:
附件:
主旨:有關貴局函詢專科護理師是否可執行COVID-19(武漢肺炎)
相關咽喉拭子採檢作業,復如說明,請查照。
說明:
一、復貴局109年4月13日高市衛疾管字第10932943100號函。
二、依據傳染病防治法第46條第1項第1款:「傳染病檢體,由
醫師採檢為原則;接觸者檢體,由醫師或其他醫事人員採
檢;環境等檢體,由醫事人員或經採檢相關訓練之人員採
檢。採檢之實施,醫事機構負責人應負督導之責;病人及
有關人員不得拒絕、規避或妨礙。」
三、爰此,符合嚴重特殊傳染性肺炎通報條件個案之咽喉或鼻
咽拭子檢體由醫師採檢為原則,未符合上述條件個案或接
觸者之咽喉或鼻咽拭子檢體,得由醫師或其他醫事人員採
檢。
正本:高雄市政府衛生局
副本:衛生福利部醫事司、衛生福利部護理及健康照護司
檔 號:
保存年限:
■■■■■■■■■ 109.04.27
■■■■■■■■■ 1091540248",,https://nhplatform.mohw.gov.tw/dl-1597-f81f0579aa1d474396240bfef5c7b3cf.html,https://nurse.mohw.gov.tw/lp-125-2.html
interp-0626,衛福部護助e起來法規解釋函,,衛福部護助e起來 / 法規解釋函 / 人員執業,108-10-04,2019-10-04,,開放護產人員執業登記機構,,,,,護理人員、護理機構、產後護理、醫療輔助、執業登記、公共衛生,完整附件公文,官方網頁附件已抽出正式函文，尾端含正本、副本、頁碼或署名等公文結尾資訊。,"附件:1080610護理及助產人員執登認定原則.pdf
[附件PDF第 1 頁]
裝
訂
線
檔 號:
保存年限:
衛生福利部 函
機關地址:11558臺北市南港區忠孝東路6段488號
傳 真:(02)85907072
聯絡人及電話:李雅琳(02)85906666轉7110
電子郵件信箱:nhyalinlee@mohw.gov.tw
受文者:如正、副本行文單位
發文日期:中華民國108年6月10日
發文字號:衛部照字第1081560792號
速別:普通件
密等及解密條件或保密期限:
附件:
主旨:有關護理及助產人員申請執業登記認定原則,請查照並轉知所
屬。
說明:
一、依護理人員法第
12條規定略以:「護理人員執業,應在所在地
主管機關核准登記之醫療機構、護理機構或其他經中央主管機
關認可之機構為之...。」同法第
24條第1項規定:「護理人員
之業務如下:一、健康問題之護理評估。二、預防保健之護理
措施。三、護理指導及諮詢。四、醫療輔助行為。」。所稱
「其他經中央主管機關認可之機構」係指依相關法令規定須

(得)配置護理人員執業之場所,且該人員須於該場所實際從事
護理人員法第24條所規定之業務,並經由本部核定後,始得辦
理執業登記,上開護理人員執業登記場所認定前有本部相關函
釋在案。
二、次依助產人員法第
12條第2項規定略以:「助產人員執業,應
在所在地主管機關核准登記之助產機構、醫療機構、產後護理
機構或其他經中央主管機關認可之機構為之。
...。」同法第25
條第1項規定略以:「助產人員業務如下:一、接生。二、產
前檢查及保健指導。三、產後檢查及保健指導。四、嬰兒保健
指導。五、生育指導。六、其他經中央主管機關認定之項
目。」。
三、為強化護理及助產人員發揮國民健康促進、疾病預防、特殊保
護及復能等多元專業照護功能,提昇全民健康覆蓋率,凡實際
從事護理教育、護理研究、衛生政策推動或公共衛生相關業
務,且符合護理人員法第
24條、助產人員法第25條規定業務範
疇,得同意是類人員辦理執業登記,相關執業登記場域及原則
抄本
第 1 頁 共 2 頁

[附件PDF第 2 頁]
說明如下:

(一)衛生行政機關:中央或地方衛生主管機關暨所屬單位聘僱,
執行法定(組織規程)衛生政策或公共衛生相關業務。

(二)教育機關:學校聘僱從事護理、助產相關教育及研究。
(三)醫療研究單位:如生技醫藥公司、臨床試驗顧問公司、試驗
委託機構聘僱,執行經政府機關許可之人體研究或試驗計畫
並檢附相關許可文件。

(四)社會團體:團體設立章程內容與醫療照護相關,並受政府委
託辦理醫療照護、研究調查或公共衛生等任務,並檢附相關
證明文件。

(五)產後護理機構:助產人員依助產人員法第12條規定受僱於產
後護理機構執行助產業務(本部刻正研修護理機構《含產後
護理機構》設置標準表)。
四、承上,請貴局依前揭原則及醫事人員執業登記及繼續教育辦法
第
4條規定,依個案事實予以從寬認定。
正本:地方政府衛生局
副本:中華民國護理師護士公會全國聯合會、中華民國助產師助產士公會全國聯合會、教
育部
第 2 頁 共 2 頁",,https://nurse.mohw.gov.tw/cp-125-208-a41a9-2.html,https://nurse.mohw.gov.tw/lp-125-2.html
interp-0627,衛福部護助e起來法規解釋函,,衛福部護助e起來 / 法規解釋函 / 人員執業,108-10-04,2019-10-04,,醫事人員支援報備得否免事前經負責人同意,,,,,執業登記、負責人,官方網頁文字,官方網頁未提供可抽文字的完整附件，保留網頁主內容或掃描附件摘要。,"資料發布日期:108-10-04

最後更新日期:108-10-04

108年4月26日有關醫事人員經事前報准至其他機構執行業務或提供到宅醫療照顧,得否免事前經其執業登記機構之負責人同意相關說明",,https://nurse.mohw.gov.tw/cp-125-207-e6776-2.html,https://nurse.mohw.gov.tw/lp-125-2.html
interp-0628,衛福部護助e起來法規解釋函,,衛福部護助e起來 / 法規解釋函 / 人員執業,108-10-04,2019-10-04,,護理人員從事事業單位臨場健康服務相關執業登記及支援報備等疑義,,,,,護理人員、護理機構、執業登記,完整附件公文,官方網頁附件已抽出正式函文，尾端含正本、副本、頁碼或署名等公文結尾資訊。,"附件:1071120職業安全衛生顧問服務機構.1071561191.pdf
[附件PDF第 1 頁]
衛生福利部 函 
機關地址:11558臺北市南港區忠孝東路6段488號 
傳 真:(02)85907072 
聯絡人及電話:蕭琬瑜(02)85906666轉7114 
電子郵件信箱:nhwyhsiao@mohw.gov.tw 
受文者:如正、副本行文單位 
發文日期:中華民國107年11月20日 
發文字號:衛部照字第1071561191號 
速別:普通件 
密等及解密條件或保密期限: 
附件:勞動部函釋共2份(1071561191-1.tif、1071561191-2.tif) 
主旨:有關護理人員從事勞工健康保護規則所定臨場健康服務事項與勞動部
認可之「職業安全衛生顧問服務機構」相關執業登記、支援報備及服
務相關疑義案,請查照並轉知所屬。 
說明: 
一 、 依勞動部107年6月21日勞職授字第1070203062號 、 同年6月28日勞職授
字第1070203403號 、 同年8月7日勞職授字第1070203797號及同年8月30
日勞職授字第1070204327號函辦理。 
二、依護理人員法第12條:「護理人員執業,應在所在地主管機關核准登
記之醫療機構、護理機構或其他經中央主管機關認可之機構為之。但
急救、執業機構間之支援或經事先報准者,不在此限。」,所稱「其
他經中央主管機關認可之機構」係指依相關法令規定須(得)配置護理
人員執業之場所,且該人員須於該場所實際從事護理人員法第24條所
規定之業務,並經由本部認可後,始得辦理執業登記。 
三 、 案緣勞動部103年12月30日公告 「職業安全衛生顧問服務機構與其顧問
服務人員之認可及管理規則」(下稱管理規則),訂有提供勞工健康服
務事項,及該部106年11月13日修正公告勞工健康保護規則(下稱保護
規則),依第4條規定事業單位勞工總人數在200至299人者,自107年7
月1日起應特約醫護人員辦理臨場健康服務 , 邇來本部接獲多起民眾詢
問護理人員執業登記、特約及支援報備等疑義,依勞動部提供權管法
令解釋,本部就涉及護理人員法規定部分,說明如下: 
(一)事業單位聘僱: 
1、查護理人員執業登記於事業單位之僱用(配置)法源係依據保護規
則第3條規定辦理,係以提供所屬事業單位人員之勞工健康保護
事項,勞動部並負有監督管理之責。

[附件PDF第 2 頁]
2、倘事業單位符合保護規則第3條及第4條規定,聘僱護理人員提供
臨場健康服務,從事護理人員法第24條規定之業務,不論與事業
單位間為全職或部分工時之雇用,應依法辦理執業登記。惟事業
單位勞工總人數未符合前開規定應僱用或特約護理人員 (勞工總
人數在50人以下),須依該事業單位所申請之實際需求、業務必
要性、服務事實及前揭相關法令規定等,由本部視個案事實認可
後,始得辦理執業登記。 
3、至護理人員執業登記於某醫療機構或事業單位(公司),其個人又
與其他事業單位(不同體系公司)特約,並以支援報備方式前往該
特約之事業單位提供臨場健康服務一節,倘所特約之事業單位確
屬保護規則第3條及第4條規定得特約護理人員辦理臨場健康服
務並經事先報准,尚無不可。 
(二)職業安全衛生顧問服務機構聘僱: 
1 、 查管理規則第5條及第10條規定 , 業訂有職業安全衛生顧問服務機
構(下稱顧問機構 )之專任負責人及勞工健康顧問人員資格條
件,爰符合上開條件之護理人員,得任職於顧問機構,並以該機
構為執業登記場所,其服務範圍依勞動部回復意見表示,除依管
理規則第3條第4款「提供勞工健康顧問服務」外,亦得依事業單
位與顧問機構特約,由其護理人員 (符合管理規則第10條規定資
格者),辦理保護規則第10條至第12條所定臨場健康服務事項,
該部並負有監督管理之責。有關顧問機構人員執業登錄方式,於
醫事管理系統請登錄權屬別為 「私立非醫事機構」 , 型態別為 「其
他」,並建議於備註欄位註明「依職業安全衛生顧問服務機構與
其顧問服務人員之認可及管理規則設置」。 
2、上開機構所屬護理人員如前往特約事業單位提供臨場健康服務之
報備方式:仍應依護理人員法第12條規定辦理支援報備,並得依
顧問機構與事業單位間之特約(簽定或約定)臨場服務頻率,事先
向該機構所在地衛生主管機關報准後為之(免逐案報備)。 
(三)人力資源公司(或管理顧問公司)派遣:倘非勞動部認可得輔導或提
供健康服務之機構(單位),擬以聘僱護理人員支援報備方式,派遣
至其他事業單位提供臨場健康服務,不予同意。 
四、綜上,有關護理人員辦理勞工健康服務事項與相關管理事宜,仍應依
保護規則、管理規則及職業安全衛生法等規定辦理,檢附勞動部 107
年6 月28 日勞職授字第 1070203403 號及同年 8 月30 日勞職授字第
1070204327號函釋共2份供參(如附件)。

[附件PDF第 3 頁]
正本:地方政府衛生局 
副本:勞動部、台灣事業單位護理人員學會 (含附件)、臺灣職業衛生護理暨
教育學會(含附件)、中華民國護理師護士公會全國聯合會(含附件) 

部長 陳時中",,https://nurse.mohw.gov.tw/cp-125-206-d1f46-2.html,https://nurse.mohw.gov.tw/lp-125-2.html
interp-0629,衛福部護助e起來法規解釋函,,衛福部護助e起來 / 法規解釋函 / 機構管理,114-08-21,2025-08-21,,適用勞動基準法之護理人員，各醫療院所應依法給付延長工時工資,,,,,護理人員,完整附件公文,官方網頁附件已抽出正式函文，尾端含正本、副本、頁碼或署名等公文結尾資訊。,"附件:1140414勞動部說明勞動基準法第35條休息時間規定疑義.pdf
[附件PDF第 1 頁]
. 
. 
. 
. 
. 
. 
. 
. 
. 
. 
. 
. 
. 
. 
. 
. 
. 
. 
. 
. 
. 
. 
. 
. 
. 
. 
. 
. 
. 
. 
裝 
. 
. 
. 
. 
. 
. 
. 
. 
. 
. 
. 
. 
. 
. 
. 
. 
訂 
. 
. 
. 
. 
. 
. 
. 
. 
. 
. 
. 
. 
. 
. 
. 
. 
線 
. 
. 
. 
. 
. 
. 
. 
. 
. 
. 
. 
. 
. 
. 
. 
. 
. 
. 
. 
. 
. 
. 
. 
. 
. 
. 
. 
第 1 頁,共 2 頁
勞動部 書函
地址:104472 台北市中山區松江路207號
承辦人:陳先生
電話:(02)8590-2731
受文者:衛生福利部
發文日期:中華民國114年4月14日
發文字號:勞動條3字第1140147895號
速別:普通件
密等及解密條件或保密期限:
附件:
主旨:所詢勞動基準法第35條休息時間規定疑義案,請查照。
說明:
一、復貴工會114年3月25日護師工會字第1140000006號函。
二、查勞動基準法(下稱本法)第35條規定:「勞工繼續工作四
小時,至少應有三十分鐘之休息。但實行輪班制或其工作
有連續性或緊急性者,雇主得在工作時間內,另行調配其
休息時間。」。護理人員如為因應病患照護需求,於繼續
工作4小時之際,無法給予連續30分鐘休息時,雇主得依該
條但書規定,於勞工工作時間內,另行調配休息時間,該
休息時間仍應至少一次給足30分鐘。惟於工作完成時,如
已逾原約定工作終止(下班)時間,且無繼續提供勞務之
必要,無庸另予休息時間。
三、復查本法所稱「工作時間」,係指勞工在雇主指揮監督之
下,於雇主之設施內或指定之場所,提供勞務或受令等待
提供勞務之時間;「休息時間」係指勞工得自雇主之指
揮、監督脫離,自由利用之時間。護理人員於休息時間,
如得依其個人意願自由選擇場所休息,縱未離開該工作場
檔 號:
保存年限:
9
■■■■■■■■■ 總收文 114.04.14
■■■■■■■■■ 1140115824

[附件PDF第 2 頁]
. 
. 
. 
. 
. 
. 
. 
. 
. 
. 
. 
. 
. 
. 
. 
. 
. 
. 
. 
. 
. 
. 
. 
. 
. 
. 
. 
. 
. 
. 
裝 
. 
. 
. 
. 
. 
. 
. 
. 
. 
. 
. 
. 
. 
. 
. 
. 
訂 
. 
. 
. 
. 
. 
. 
. 
. 
. 
. 
. 
. 
. 
. 
. 
. 
線 
. 
. 
. 
. 
. 
. 
. 
. 
. 
. 
. 
. 
. 
. 
. 
. 
. 
. 
. 
. 
. 
. 
. 
. 
. 
. 
. 
第 2 頁,共 2 頁
所,仍屬休息時間。又如雇主未予護理人員休息,仍要求
其於工作場所內待命或提供勞務,該時段仍屬工作時間,
應依法給付工資;其逾法定正常工時工作者,雇主應依本
法第24條規定給付延時工資。
四、所詢疑義,仍應依個案事實釐清確明。勞工如認事業單位
有違反勞動法令之情事,可敘明該事業單位名稱、地址及
違法事實,就近洽當地勞工行政主管機關【直轄市、縣
(市)政府勞工局(處)或社會局(處)】申訴或撥打本部
1955專線,將有專人進一步協處。
正本:台灣護師醫療產業工會
副本:衛生福利部、勞動部職業安全衛生署、勞動部勞動條件及就業平等司
37

附件:1140725重申醫院如有跨科支援調動護理師工作之必要,應依勞動基準法第10條之1規定辦理.pdf
[附件PDF第 1 頁]
. 
. 
. 
. 
. 
. 
. 
. 
. 
. 
. 
. 
. 
. 
. 
. 
. 
. 
. 
. 
. 
. 
. 
. 
. 
. 
. 
. 
. 
. 
裝 
. 
. 
. 
. 
. 
. 
. 
. 
. 
. 
. 
. 
. 
. 
. 
. 
訂 
. 
. 
. 
. 
. 
. 
. 
. 
. 
. 
. 
. 
. 
. 
. 
. 
線 
. 
. 
. 
. 
. 
. 
. 
. 
. 
. 
. 
. 
. 
. 
. 
. 
. 
. 
. 
. 
. 
. 
. 
. 
. 
. 
. 
第 1 頁,共 2 頁
勞動部 函
地址:104472 台北市中山區松江路207號
承辦人:蔡佳臻
電話:(02)8590-2826
電子信箱:chia-chen@mol.gov.tw
受文者:衛生福利部
發文日期:中華民國114年7月17日
發文字號:勞動關2字第1140069478號
速別:普通件
密等及解密條件或保密期限:
附件:
主旨:有關貴部函請本部就勞動基準法第10條之1雇主調動勞工
規定,研擬醫療機構適用指引一案,復如說明,請查
照。
說明:
一、復貴部114年7月9日衛部照字第1141560761號函。
二、查本部112年12月6日勞動關2字第1120145974號函係說明醫
療機構將護理師調動工作之相關規定及護理師權益救濟方
式,合先敘明。
三、另查貴部112年12月28日召開之研商醫院跨科支援規範或指
引討論會議中,本部亦已明確說明有關勞動基準法第10條
之1所稱「調動」,係指雇主將長期變更勞工職務或工作地
點等,如勞工僅短期支援其他單位,實際上仍在原單位任
職,則與調動不同,惟仍應遵循權利不得濫用原則。又如
雇主欲長期調動勞工工作,即應遵守勞動基準法第10條之1
規定,除不得違反勞動契約外,亦須就五項原則綜合考
量,而不得有權利濫用之情事,併予敍明。
四、再查各產業受僱勞工之工作特性與勞動條件等具有相當之
檔 號:
保存年限:
5
■■■■■■■■■ 總收文 114.07.17
■■■■■■■■■ 1140130989

[附件PDF第 2 頁]
. 
. 
. 
. 
. 
. 
. 
. 
. 
. 
. 
. 
. 
. 
. 
. 
. 
. 
. 
. 
. 
. 
. 
. 
. 
. 
. 
. 
. 
. 
裝 
. 
. 
. 
. 
. 
. 
. 
. 
. 
. 
. 
. 
. 
. 
. 
. 
訂 
. 
. 
. 
. 
. 
. 
. 
. 
. 
. 
. 
. 
. 
. 
. 
. 
線 
. 
. 
. 
. 
. 
. 
. 
. 
. 
. 
. 
. 
. 
. 
. 
. 
. 
. 
. 
. 
. 
. 
. 
. 
. 
. 
. 
第 2 頁,共 2 頁
差異性,如有特別訂定相關行政指引之必要,係由各該產
業之主管機關基於產業特性與管理等政策目的,本權責訂
定,以維護主管產業勞工之相關勞動權益及兼顧產業發展
之需求,例如貴部已針對醫療產業從業人員訂有「住院醫
師勞動權益保障及工作時間指引」及「勞動基準法下護理
排班問答暨合理護理排班指引與範例」,且於行政院衛生
署時期亦訂有「醫療機構與護理人員勞動契約建議應記載
及不得記載事項」及「醫院聘僱員工期間勞動條件常見不
符勞動基準法等相關法規之事項」等相關指引。
五、綜上,因目前所爭議之醫療機構跨科支援一事,涉及醫院
護理人員是否具備跨科之醫護專業知識與技術,及貴部對
醫院應負相關管理責任之要求,建請貴部基於醫療機構目
的事業主管機關之權責,評估是否訂定相關行政指引,提
供醫院護理人員友善工作環境,本部並可配合提供相關意
見。
正本:衛生福利部
副本:勞動部勞動關係司(2科)
43",,https://nurse.mohw.gov.tw/cp-126-2368-14e6e-2.html,https://nurse.mohw.gov.tw/lp-126-2.html
interp-0630,衛福部護助e起來法規解釋函,,衛福部護助e起來 / 法規解釋函 / 機構管理,113-02-20,2024-02-20,,各層級醫院急性一般病床之三班護病比標準（不含精神急性一般病床），自113年3月1日起實施,,,,,護理人員,完整附件公文,官方網頁附件已抽出正式函文，尾端含正本、副本、頁碼或署名等公文結尾資訊。,"[附件PDF第 1 頁]
衛生福利部 函
地址:115204 臺北市南港區忠孝東路6段488號
聯絡人:林杰穎
聯絡電話:(02)8590-7114
傳真:(02)8590-7072
電子郵件:nhtracy1915@mohw.gov.tw
受文者:如正、副本行文單位
發文日期:中華民國113年1月26日
發文字號:衛部照字第1131560198號
速別:普通件
密等及解密條件或保密期限:
附件:
主旨:為留任醫院護理人力,營造正向醫院護理職場環境,本部訂
定各層級醫院三班護病比標準,請貴局轉知並輔導轄下醫院
辦理,請查照。
說明:
一、依據行政院112年9月28日核定護理人力政策整備12項策略計
畫辦理。
二、本部業於113年1月26日三班護病比公告記者會發布各層級醫
院急性一般病床之三班護病比標準(不含精神急性一般病
床)如下:
(一)醫學中心:白班1:6、小夜1:9、大夜1:11。
(二)區域醫院:白班1:7、小夜1:11、大夜1:13。
(三)地區醫院:白班1:10、小夜1:13、大夜1:15。
三、三班護病比標準自113年3月1日起實施,推動原則以「奬勵
抄本
檔 號:
保存年限:
第1頁 共2頁

[附件PDF第 2 頁]
先行」、「逐步推動」及「引領標竿」三原則,為充實三班
護病比標準之夜班人力,自113年1月1日啟動三班輪值夜班
護理人員直接獎勵。
四、另針對三班護病比達標醫院獎勵,本部後續將與醫護團體討
論,並爭取114年公務預算,獎勵回溯自113年3月1日起算,
以有效降低護理人員工作負荷。
五、本部113年1月26日記者會新聞稿
(https://www.mohw.gov.tw/cp-6656-77368-1.html)供
參。
正本:地方政府衛生局
副本:
第2頁 共2頁",,https://nhplatform.mohw.gov.tw/dl-3025-ccc9eaadfe2c4d0186389ced2c95da6c.html,https://nurse.mohw.gov.tw/lp-126-2.html
interp-0631,衛福部護助e起來法規解釋函,,衛福部護助e起來 / 法規解釋函 / 機構管理,113-02-19,2024-02-19,,因應近期國內COVID-19疫情升溫，延長健保給付通訊診療實施期限至113年3月31日,,,,,,完整附件公文,官方網頁附件已抽出正式函文，尾端含正本、副本、頁碼或署名等公文結尾資訊。,"[附件PDF第 1 頁]
. 
. 
. 
. 
. 
. 
. 
. 
. 
. 
. 
. 
. 
. 
. 
. 
. 
. 
. 
. 
. 
. 
. 
. 
. 
. 
. 
. 
. 
. 
裝 
. 
. 
. 
. 
. 
. 
. 
. 
. 
. 
. 
. 
. 
. 
. 
. 
訂 
. 
. 
. 
. 
. 
. 
. 
. 
. 
. 
. 
. 
. 
. 
. 
. 
線 
. 
. 
. 
. 
. 
. 
. 
. 
. 
. 
. 
. 
. 
. 
. 
. 
. 
. 
. 
. 
. 
. 
. 
. 
. 
. 
. 
第 1 頁,共 2 頁
衛生福利部 函
地址:115204 臺北市南港區忠孝東路六段
488號
聯絡人:崔允馨
聯絡電話:02-27065866 分機:2657
傳真:02-27069043
電子郵件:A111019@nhi.gov.tw
受文者:本部護理及健康照護司
發文日期:中華民國113年2月19日
發文字號:衛授保字第1130660038號
速別:最速件
密等及解密條件或保密期限:
附件:如說明三 (A21000000I_1130660038_doc2_Attach1.odt)
主旨:因應近期國內COVID-19疫情升溫,延長健保給付通訊診療
實施期限至113年3月31日,請查照並轉知所轄醫療機構配
合辦理。
說明:
一、本部112年5月4日衛授保字第1120661697號函(諒達)。
二、有關旨揭通訊診療適用照護對象及延長實施期限,說明如
下:
(一)照護對象:
1、山地、離島地區COVID-19檢驗陽性民眾。
2、住宿式機構COVID-19檢驗陽性住民。
3、主管機關或其所屬機關認可之居家照護收案對象且
COVID-19檢驗陽性。
(二)實施期限:至113年3月31日止。
三、修正「全民健康保險特約醫事服務機構提供保險對象視訊
診療作業須知」,如附件。
四、副本抄送相關公(協)會,並請轉知所屬會員配合辦理。
檔 號:
保存年限:
2
■■■■■■■■■ 113.02.19
■■■■■■■■■ 1131540121

[附件PDF第 2 頁]
. 
. 
. 
. 
. 
. 
. 
. 
. 
. 
. 
. 
. 
. 
. 
. 
. 
. 
. 
. 
. 
. 
. 
. 
. 
. 
. 
. 
. 
. 
裝 
. 
. 
. 
. 
. 
. 
. 
. 
. 
. 
. 
. 
. 
. 
. 
. 
訂 
. 
. 
. 
. 
. 
. 
. 
. 
. 
. 
. 
. 
. 
. 
. 
. 
線 
. 
. 
. 
. 
. 
. 
. 
. 
. 
. 
. 
. 
. 
. 
. 
. 
. 
. 
. 
. 
. 
. 
. 
. 
. 
. 
. 
第 2 頁,共 2 頁
正本:地方政府衛生局
副本:本部醫事司、本部護理及健康照護司、本部心理健康司、本部長期照顧司、本部
社會保險司、本部全民健康保險會、衛生福利部中央健康保險署、衛生福利部疾
病管制署、衛生福利部社會及家庭署、國軍退除役官兵輔導委員會、台灣醫院協
會、台灣醫學中心協會、中華民國區域醫院協會、台灣社區醫院協會、中華民國
醫師公會全國聯合會、中華民國中醫師公會全國聯合會、中華民國診所協會全國
聯合會、中華民國基層醫療協會(均含附件)
13",,https://nhplatform.mohw.gov.tw/dl-3030-acf48b39cbeb46dd8f373cceeac2f7ed.html,https://nurse.mohw.gov.tw/lp-126-2.html
interp-0632,衛福部護助e起來法規解釋函,,衛福部護助e起來 / 法規解釋函 / 機構管理,110-05-12,2021-05-12,,受領政府各項弱勢個案安置費用補助款，倘屬賑濟性質，得免納印花稅,,,,,護理之家,完整附件公文,官方網頁附件已抽出正式函文，尾端含正本、副本、頁碼或署名等公文結尾資訊。,"附件:20210506財政部賦稅署函復印花稅案.PDF
[附件PDF第 1 頁]
. 
. 
. 
. 
. 
. 
. 
. 
. 
. 
. 
. 
. 
. 
. 
. 
. 
. 
. 
. 
. 
. 
. 
. 
. 
. 
. 
. 
. 
. 
裝 
. 
. 
. 
. 
. 
. 
. 
. 
. 
. 
. 
. 
. 
. 
. 
. 
訂 
. 
. 
. 
. 
. 
. 
. 
. 
. 
. 
. 
. 
. 
. 
. 
. 
線 
. 
. 
. 
. 
. 
. 
. 
. 
. 
. 
. 
. 
. 
. 
. 
. 
. 
. 
. 
. 
. 
. 
. 
. 
. 
. 
. 
第 1 頁,共 1 頁
財政部賦稅署 函
地址:116055臺北市羅斯福路6段142巷1
號
聯絡人:許弼勝
電話:23228000 #7417
Email:psshu@mail.mof.gov.tw
受文者:衛生福利部
發文日期:中華民國110年5月6日
發文字號:臺稅消費字第11000578100號
速別:普通件
密等及解密條件或保密期限:
附件:
主旨:貴府函詢針對身心障礙福利機構、護理之家、精神復健機
構、住宿式長照機構等,受領政府各項弱勢個案安置費用
補助款之印花稅徵免疑義案,請查照。
說明:
一、依據奉交下衛生福利部110年5月3日衛部救字第1100112073
號函轉貴府同年3月29日府授社綜字第1100072949號函辦
理。
二、依印花稅法第5條第2款規定,收到銀錢所立之單據、簿、
摺為印花稅課徵範圍;同法第6條第9款規定,領受賑金、
恤金、養老金收據,免納印花稅。旨案受領政府各項弱勢
個案安置費用補助款收據,倘屬賑濟性質,得依上開規定
免納印花稅。至於該補助款是否具賑濟性質,請洽主管機
關釐清補助款之發放法據、補助對象、要件及程序等,俾
利稅捐稽徵機關事實認定。
正本:臺中市政府
副本:衛生福利部
檔 號:
保存年限:
■■■■■■■■■ 總收文 110.05.06
■■■■■■■■■ 1100117068

附件:20210511衛福部轉知財政部賦稅署函.PDF
[附件PDF第 1 頁]
衛生福利部 函
地址:115204 台北市南港區忠孝東路6段488號
聯絡人:楊碧雲
聯絡電話:(02)8590-6653
傳真:(02)8590-6065
電子郵件:saycloud@mohw.gov.tw
受文者:本部護理及健康照護司
發文日期:中華民國110年5月11日
發文字號:衛部救字第1100117068號
速別:普通件
密等及解密條件或保密期限:
附件:財政部賦稅署函
主旨:函轉財政部賦稅署函,針對身心障礙福利機構、護理之家、
精神復健機構、住宿式長照機構等,受領政府各項弱勢個案
安置費用補助款之印花稅徵免疑義案,請查照。
說明:
一、依據財政部賦稅署110年5月6日臺稅消費字第11000578100號
函副本辦理。
二、依印花稅法第5條第2款規定,收到銀錢所立之單據、簿、摺
為印花稅課徵範圍;同法第6條第9款規定,領受賑金、恤
金、養老金收據,免納印花稅。旨案受領政府各項弱勢個案
安置費用補助款收據,倘屬賑濟性質,得依上開規定免納印
花稅。至於該補助款是否具賑濟性質,係洽主管機關釐清補
助款之發放法據、補助對象、要件及程序等,俾利稅捐稽徵
機關事實認定。
正本:各直轄市政府社會局及各縣市政府、衛生福利部社會及家庭署、本部長期照顧司、本
部護理及健康照護司、本部心理及口腔健康司、本部保護服務司
副本:
檔 號:
保存年限:
第1頁 共1頁
■■■■■■■■■ 110.05.12
■■■■■■■■■ 110AG00740",,https://nurse.mohw.gov.tw/cp-126-924-b5de6-2.html,https://nurse.mohw.gov.tw/lp-126-2.html
interp-0633,衛福部護助e起來法規解釋函,,衛福部護助e起來 / 法規解釋函 / 機構管理,110-04-21,2021-04-21,,轉知護理機構，請加強相關人員愛滋防治教育訓練，且不得因感染者身分拒絕提供服務,,,,,護理機構,完整附件公文,官方網頁附件已抽出正式函文，尾端含正本、副本、頁碼或署名等公文結尾資訊。,"附件:衛生福利部110年4月20日衛部照字第1101540186號書函.pdf
[附件PDF第 1 頁]
衛生福利部 書函
地址:115204 台北市南港區忠孝東路6段488號
聯絡人:蔡明翰
聯絡電話:(02)8590-7136
傳真:(02)8590-7072
電子郵件:nhmh@mohw.gov.tw
受文者:如正、副本行文單位
發文日期:中華民國110年4月20日
發文字號:衛部照字第1101540186號
速別:普通件
密等及解密條件或保密期限:
附件:疾管慢字第1100300275號函
主旨:請轉知轄內護理機構,請加強相關人員愛滋防治教育訓練,
且不得因感染者身分拒絕提供服務,請查照。
說明:
一、依據本部疾病管制署110年4月14日疾管慢字第1100300275號
函(如附件)辦理。
二、人類免疫缺乏病毒傳染病防治及感染者權益保障條例(下稱
保障條例)第4條規定,感染者之人格與合法權益應受尊重
及保障,不得予以歧視,拒絕其就學、就醫、就業、安養、
居住或予其他不公平之待遇。
三、本部疾病管制署說明,近日接獲民眾反應長期照顧機構有拒
收感染者或差別對待等情事,為保障感染者之權益,請轉知
相關機構並重申前開規定及提供正確愛滋防治資訊,若有違
反長期照顧服務法、保障條例等相關規定情事,將依法查
處。
四、本部疾病管制署重申,愛滋病毒的主要傳染途徑為性行為傳
染、血液傳染及母子垂直傳染,其中不安全性行為為主要的
傳染方式,一般日常生活的接觸,如擁抱、親吻、共食及蚊
子叮咬等,都不會感染愛滋病毒;感染者只要穩定就醫服
藥,體內病毒量即可獲得有效抑制,已科學實證顯示傳染風
險極低,及維持良好健康狀態,且我國目前95%服藥之感染
者病毒量已達有效控制,故感染者之失能與長照需求與一般
人無異。
抄本
檔 號:
保存年限:
第1頁 共2頁

[附件PDF第 2 頁]
五、請於相關人員之教育訓練內納入最新愛滋防治新知與感染管
制知能,相關衛教、教育訓練素材可至本部疾病管制署全球
資訊網https://www.cdc.gov.tw/傳染病與防疫專題/傳染病
介紹 第三類法定傳染病/人類免疫缺乏病毒感染/宣導素材/
愛滋病防治教材下載運用。
正本:各直轄市及各縣(市)政府
副本:衛生福利部疾病管制署、中華民國護理師護士公會全國聯合會、社團法人台灣護理之
家協會、本部心理及口腔健康司、本部護理及健康照護司(均含附件)
第2頁 共2頁

附件:衛生福利部疾病管制署110年4月14日疾管慢字第1100300275號函.PDF
[附件PDF第 1 頁]
. 
. 
. 
. 
. 
. 
. 
. 
. 
. 
. 
. 
. 
. 
. 
. 
. 
. 
. 
. 
. 
. 
. 
. 
. 
. 
. 
. 
. 
. 
裝 
. 
. 
. 
. 
. 
. 
. 
. 
. 
. 
. 
. 
. 
. 
. 
. 
訂 
. 
. 
. 
. 
. 
. 
. 
. 
. 
. 
. 
. 
. 
. 
. 
. 
線 
. 
. 
. 
. 
. 
. 
. 
. 
. 
. 
. 
. 
. 
. 
. 
. 
. 
. 
. 
. 
. 
. 
. 
. 
. 
. 
. 
第 1 頁,共 2 頁
衛生福利部疾病管制署 函
地址:10050台北市中正區林森南路6號
聯絡人:彭云
聯絡電話:(02)23959825#3729
傳真:23913482
電子信箱:rabi3332@cdc.gov.tw
受文者:本部護理及健康照護司
發文日期:中華民國110年4月14日
發文字號:疾管慢字第1100300275號
速別:普通件
密等及解密條件或保密期限:
附件:
主旨:為保障愛滋感染者接受長期照顧服務之權益,惠請加強長
期照顧機構相關人員愛滋防治教育訓練,且不得因感染者
身分拒絕提供服務,請查照。
說明:
一、依據長期照顧服務法(下稱長照法)第1條,長期照顧服務之
提供不得因服務對象之身心障礙、疾病等因素有差別待遇
之歧視行為,以及人類免疫缺乏病毒傳染病防治及感染者
權益保障條例(下稱保障條例)第4條,感染者之人格與合法
權益應受尊重及保障,不得予以歧視,拒絕其就學、就
醫、就業、安養、居住或予其他不公平之待遇。
二、近日接獲民眾反應長期照顧機構有拒收感染者或差別對待
等情事,為保障感染者之權益,惠請轉知權管長期照顧機
構,重申前開規定及提供正確愛滋防治資訊,若有違反長
照法、保障條例等相關規定情事,將依法查處。
三、本署再次重申,愛滋病毒的主要傳染途徑為性行為傳染、
血液傳染及母子垂直傳染,其中不安全性行為為主要的傳
檔 號:
保存年限:
5
■■■■■■■■■ 110.04.14
■■■■■■■■■ 1101540186

[附件PDF第 2 頁]
. 
. 
. 
. 
. 
. 
. 
. 
. 
. 
. 
. 
. 
. 
. 
. 
. 
. 
. 
. 
. 
. 
. 
. 
. 
. 
. 
. 
. 
. 
裝 
. 
. 
. 
. 
. 
. 
. 
. 
. 
. 
. 
. 
. 
. 
. 
. 
訂 
. 
. 
. 
. 
. 
. 
. 
. 
. 
. 
. 
. 
. 
. 
. 
. 
線 
. 
. 
. 
. 
. 
. 
. 
. 
. 
. 
. 
. 
. 
. 
. 
. 
. 
. 
. 
. 
. 
. 
. 
. 
. 
. 
. 
第 2 頁,共 2 頁
染方式,一般日常生活的接觸,如擁抱、親吻、共食及蚊
子叮咬等,都不會感染愛滋病毒;感染者只要穩定就醫服
藥,體內病毒量即可獲得有效抑制,已科學實證顯示傳染
風險極低,及維持良好健康狀態,且我國目前95%服藥之感
染者病毒量已達有效控制,故感染者之失能與長照需求與
一般人無異。
四、惠請於長期照顧相關人員之教育訓練內納入最新愛滋防治
新知與感染管制知能,相關衛教、教育訓練素材可至本署
全球資訊網https://www.cdc.gov.tw/傳染病與防疫專題/
傳染病介紹 第三類法定傳染病/人類免疫缺乏病毒感染/宣
導素材/愛滋病防治教材下載運用。
正本:國軍退除役官兵輔導委員會、本部長期照顧司、本部護理及健康照護司、衛生福
利部社會及家庭署
副本:
63",,https://nurse.mohw.gov.tw/cp-126-896-96769-2.html,https://nurse.mohw.gov.tw/lp-126-2.html
interp-0634,衛福部護助e起來法規解釋函,,衛福部護助e起來 / 法規解釋函 / 機構管理,109-12-15,2020-12-15,,勞動部108年11月19日訂定發布「勞動契約認定指導原則」及「勞動契約從屬性判斷檢核表」,,,,,,官方網頁文字,官方網頁未提供可抽文字的完整附件，保留網頁主內容或掃描附件摘要。,"資料發布日期:109-12-15

最後更新日期:109-12-15

資料來源:照護司

轉知勞動部 108 年 11 月 19 日訂定發布之「勞動契約認定指導原則」及「勞動契約從屬性判斷檢核表」,請醫療照護機構依前開規定檢視契約關係,不得有假承攬真僱用之情事,以避免不當損害勞工之勞動權益。",,https://nhplatform.mohw.gov.tw/cp-11-806-11f55-1.html,https://nurse.mohw.gov.tw/lp-126-2.html
